source_ko,target_en,predicted_en,BERTScore_F1,BERTScore_P,BERTScore_R,BLEU
토론에 참여한 사람들은 법 집행과 국가 안전보장에 대한 우려를 표명해야 할 필요성을 진지하게 받아 들이고 있습니다.,Those involved in the discussions do take seriously the need to address concerns of law enforcement and national security.,"people who are better citizens, there are other ways to stay in the closet, and the national emergency management told cnn on.",0.07078319042921066,-0.029440054669976234,0.17202606797218323,4.1202784939919095
"또한 새로운 기술 개발이 어떤 해결책을 제공해 주는데 도움이 될 것이고, 동시 에 통신망 사용자들이 보다 안전하게 통신을 할 수 있도록 도움을 주게 되리라는 희망도 있습니다.",There is also some hope that new technology developments will help to provide some solutions and at the same time helping to make users of the networks more secure in their communications.,"new development plans to replace developing technologies can safely available, this is safely available to safety of web.",0.14047440886497498,0.15761570632457733,0.12067236006259918,1.5643183872053077
"그래서 클리퍼 칩에 대한 개인적인 해결책은 서서히 자취를 감출 것입니다. 그러나 이 문제는 계속 우리 곁에 존재할 것이며, 당분간은 심각한 상태로 존재할 것입니다.","So the individual solution of the clipper chip may fade from sight, but the questions will be with us and will remain serious for some time.","to keep their citizens and keeping all their spending, we are expecting about the idea that we don t think, and we are that we are going to expect",-0.09319237619638443,-0.21761967241764069,0.03421151265501976,1.5784309053930103
이탈리아의 천문학자들이 멀리에 있는 별들의 궤도를 도는 행성의 대기에서 생명체의 필수 요소인 물이 존재한다는 징후를 발견했다.,"Italian astronomers have found signs of water, a necessary ingredient for life, in the atmosphere of planets orbiting distant stars.","their merces system, astronomers believe they are found that the body of the body was found in a earth on the planet s surface.",0.12658314406871796,0.10561636835336685,0.14485791325569153,2.4294859658214887
"물이 있다는 것이 다른 행성에 생명체들이 가득하다는 것을 의미하지는 않지만, 이번 발견이 확인된다면 그런 일이 가능할 수 있다는 추측을 증폭시키게 될 것이다.",Having water does not mean other planets will be teeming with life but if the discovery is confirmed it will fuel speculation that it could be possible.,"these are not in effect, but this is the most extreme condition of any if it is still, if confirmed that it is still too far that is if they",-0.027278229594230652,-0.05465953052043915,-0.0029705772176384926,3.3789393726223773
"그들은 수분에서 방출되는 전자파를 찾기 위해 32미터짜리 전파 망원경을 사용했는데, 이는 이 전자파가 그 별의 적외선에 포함되어 있게 되면 행성의 대기에 물이 있다는 것을 나타내 주게 되는 예고적 성격의 극초단파이다.","They used a 32-meter radio telescope to search for water maser emissions, which could indicate water in a planet's atmosphere when it is bathed in the infrared light of its star.","the plant produces a laptop computer contract, which will have a sensor to the west bank, where the plants made it, which normally plants a laptop through paris and that",-0.06519122421741486,-0.029545824974775314,-0.10373532772064209,2.8916412995098115
"3,000마리의 전갈과 32일 동안 동거할 태국 여인 전갈 3,000마리가 모두 당신의 방에 있다면, 그것은 악몽일 것이다.","When there are 3,000 of scorpions and they're all in your room, it's the stuff of nightmares.","when you stopped, they were in the same day that you are,, and, toys, according to thailand, if they are in",-0.014957468956708908,-0.04763548821210861,0.014810439199209213,2.075273865705644
전갈로 가득찬 방에서 가장 오래 머물러 있기에 대한 세계 기록을 깨고 싶어 하는 30세의 태국 여인 칸차나 케트키우는 앞으로 32일 동안 맹독을 지닌 동거자들과 함께 잠을 잘 때에 잠들지 못하는 일은 없을 것이라고 자신한다.,"hoping to break the world record for the longest stay in a room full of scorpions, she won't lose any sleep with her deadly roommates.","the world s biggest weatherure, is in a room at the world, longest hopes to strand the world s poorest countries to go out thailand, but the",-0.0570441335439682,-0.12400919198989868,0.008267953060567379,6.730900646889454
석유 거래상들이 고조되고 있는 미국의 이라크 공격 가능성을 고려함에따라 전쟁 열기가 미국의 유가를 19개월 만에 최고치로 밀어 올렸다.,War fever drove U.S. oil prices to a new 19-month high as dealers factored in the growing prospect of a U.S. assault on Iraq.,"as they s a victory over the next two months of a u. s. s victory over the war, said victory, a u.",0.014642801135778427,-0.06049072742462158,0.08881452679634094,3.159283693557876
(컴퓨터에 의한) 전자 거래에서 미국의 원유 선물 가격이 배럴 당 30.48달러로 최고치를 기록한 이후에 30.45달러로 61센트 급등했다.,jumped 61 cents to $30.45 a barrel after setting a high of $30.48.,"the lack of a new low, used fuel oil is either a total of,, gallons of gasoline and a half gallon of gasoline.",-0.1735745221376419,-0.16440449655056,-0.1865117847919464,1.9626728448746968
"그러나 미스 유니버스 조직위는 24세의 이 러시아 미녀가 52년 역사상 처음으로 미스 유니버스 지위에서 면직되었다고 말했으나, 페도로바가 지위를 박탈당한 이유에 대해서는 해명하지 않았다.","The Miss Universe Organization, however, said the 24-year-old Russian beauty was fired the first time in the 52-year history, but the organization did not give an explanation as to why Fedorova was ousted.","but kremliner,, had never previously been seen for years to become the country s first championships.",-0.07005567848682404,-0.08269767463207245,-0.060849081724882126,1.0344594448019166
페도로바는 자신의 오랜 남자 친구와 결혼했을지도 모르며,Fedorova might be married to her longtime boyfriend and could be pregnant.,whose boys had brideve his own wife and her boyfriend s marriage.,0.06309697777032852,0.054212745279073715,0.06895219534635544,4.368583925857938
"美 증시에서 또 하루 하락세가 이어지고, 미국 경제에 대한 어두운 전망이 있은 이후에 아시아의 (주식) 시장들이 대부분 하락하고 있다.","Markets in Asia are broadly lower, following another down day on Wall Street and a gloomy outlook for the U.S. economy.","the asian stocks markets in most of the keys markets that have spread to their most major center, and that is in the united states, despite their asian strain",-0.01766480877995491,-0.1270769089460373,0.09336483478546143,1.6961343903963388
"다우 존스 산업 평균 지수가 7,683.13으로 189.02 포인트 하락하여 4년내 최저를 기록했다.","The Dow Jones industrial average fell 189.02 to 7,683.13, hitting a four-year low.","the dow jones industrial average fell. points, or. percent, to end, slipps.",0.06335266679525375,0.06216961890459061,0.061487551778554916,9.507244120026236
"나스닥 종합 지수는 1,182.17로 0.23 포인트 하락하여 6년내 최저 수준을 새로 기록했다.","The Nasdaq composite fell 0.23 percent to 1,182.17, hitting a new six-year low.","the nasdaq composite charts index closed at the end of the fourth inning, lost. points, or. percent, to close at the",0.005292132031172514,0.03722606971859932,-0.02942526899278164,2.16015243499944
도쿄의 니케이 지수는 9291.03으로 0.33 퍼센트 하락했다.,Tokyo's Nikkei is off 0.33 percent to 9291.03.,the tokyo s down advance. percent in the lost. percent of all ordinaries index slipped. percent.,-0.15126068890094757,-0.1312868744134903,-0.17478157579898834,2.276859592073037
한국의 코스피 지수도 661.55로 1.6 퍼센트 떨어져 하락세를 나타내고 있다. 홍콩에서는 약 0.5 퍼센트 하락했다.,"South Korea's Kospi is also in the red, Hong Kong is down about half a percent.","korea s kospi markets, percent of korea composite stock price index, to close percent. percent, to close at.....",0.07098449766635895,-0.007778587285429239,0.14917723834514618,3.07174900524196
과학의 발전으로 테러범들이 생물학 무기나 화학 무기로 수백만 명의 사람을 살해하는 것이 가능해졌다고 세계 보건 기구가 경고 했다.,"Scientific advances have made it possible for terrorists to kill millions of people with biological or chemical weapons, the World Health Organization warned.","the number of infects that, were infected by the journal of the two or three of those that terrorists in the distill weapons of eithers and were",-0.08827989548444748,-0.15706491470336914,-0.02113715372979641,2.089941024608428
이 기구는 국가들이 그러한 공격의 가능성에 대비할 것을 촉구했다.,The agency urged nations to prepare for the possibility of such strikes.,it said that they would like to be attacked by the attack.,0.25028446316719055,0.2094622254371643,0.2892775535583496,4.065425428798724
뉴욕과 워싱턴에 대한 공격에 뒤이어 테러범들이 농약 살포 비행기를 사용할 수도 있다는 우려 속에 미국 연방 정부 당국이 두차례나 농약 살포 비행기의 이륙을 금지시키던 시점에 WHO의 보고서가 나왔다.,WHO's report comes as U.S. federal authorities have twice grounded crop-dusting planes amid fears that terrorists could use them following the attacks on New York and Washington.,"washington cnn the united states, washington cnn the united states and washington are considering the u. s. federal reserve to washington because of their washington base",-0.007093258202075958,-0.07862036675214767,0.06318967044353485,3.020267263710359
"비록 그 위협(의 가능성)은 적지만, 그 잠재적인 영향력은 가히 파괴적인 것이다.","Even though the threat is small, the potential effects are devastating.","but it s about percent, but it said.",0.2111816704273224,0.15434175729751587,0.26667457818984985,3.696719741302181
"대도시에 있는 소수의 사람들이 병의 증세가 나타나는데 여러 날이 걸리는 병에 감염된다면, 그들은 자신들이 병에 걸렸다는 것을 깨닫기도 전에 더 많은 사람들을 감염시키게 될 것이다.","If a small number of people in a large city were infected with a disease that took several days to show itself, they would infect many more before they even knew they were ill.","it was a frequent cat in the presence of hearts that have spread to the disease whose experiences were found in the brain, but those diseases have not yet been",0.01782161183655262,0.02726520597934723,0.005230875685811043,1.7166045594814938
"큰 공항이 있는 도시에서 병이 발병한다면, 그 질병은 전세계로 번져 나갈 수도 있을 것이다.","If the outbreak came in a city with a large airport, the disease could go all over the world.","the airport is scheduled to have a. m. m., the city s busiest airport could have decided, said a newer of city in south carolina",0.04548231512308121,-0.04972119256854057,0.14123082160949707,3.712934101015684
WHO의 보고서는 이러한 생화학적 공격은 한 국가의 인적 자원을 쉽게 괴멸시킬 수 있기 때문에 여러 국가들이 협조해야 할 필요가 있다고 밝혔다.,The WHO report said countries needed to cooperate because an attack could easily overwhelm the resources of a single nation.,the report on the chinese nationals reported that the information is that s because of a report that the country s leading data said it would be the first time in a prelimina,-0.03381596505641937,-0.21042795479297638,0.1528644561767578,2.956164512438961
WHO는 또한 모든 국가들이 생화학 무기를 금지하는 유엔의 조약에 서명하고 이행할 것을 요구했다.,It also called for all countries to sign and enforce the U.N.’,"they are particularly vulnerabed for countries created, with organizations to recognize its foundation.",0.04726048558950424,0.039819758385419846,0.05161439627408981,3.47681086066992
"냉전 기간 중에, 미국과 이전의 소연방은 방대한 양의 세균전 무기를 만들었다.","During the Cold War, The United States and the former Soviet Union built vast germ-warfare stockpiles.","the united states and four days of a rarely replaced in the united states, a senior u. s. and four u. s. war, said",-0.0822690799832344,-0.0879695937037468,-0.08008461445569992,1.8564670505078416
7월에 부시 행정부는 생물학 무기 금지 조약을 시행하기 위한 협상에서 손을 떼었다.,"In July, the Bush administration pulled out of negotiations to enforce the biological weapons ban.",the bush administration hopes to be the only way to be taken to the beginning of the united states.,0.20511752367019653,0.15352141857147217,0.25512582063674927,2.996515740268936
"정부에 의한 이런 생화학 공격의 가능성은 세계의 일부 지역에서만 존재하지만, 테러 집단에 의한 공격의 위험성은 거의 어느 곳에나 존재하고 있다고 WHO는 밝혔다.","While the chances of attacks by governments exist in certain parts of the world, there is a danger of attacks by terrorist groups almost anywhere, WHO said.","but the most of these are closed, but most of the roughly targets in the predominantly part of the world s most dangerously terrorists, but they have be",-0.001912372070364654,-0.13674521446228027,0.13725177943706512,6.082055310628111
번역 :,A team of international researchers said they have found what could be the first proof of life beyond our planet,"they have also found, evidence of their frozen in the pulst, studying itself up.",0.08546695858240128,0.053225431591272354,0.11511039733886719,4.820951384145839
"이 우주의 미생물은 지구 상의 박테리아와 흡사하기는 하지만, 지구 대기권 경계 지점의 공기 샘플에서 발견된 이 살아있는 세포들은 지구에서 온 것이라고 하기에는 너무 멀리 떨어져 있다고 과학자들은 말했다.","Although the bugs from space are similar to bacteria on Earth, the scientists said the living cells found in samples of air from the edge of the planet's atmosphere are too far away to have come from Earth.","the earth is depicted discovery in a earth discovery, but the age of planet earth detection, is the planet discoverion scientists can understand the discoveries.",0.05622762441635132,0.07983054220676422,0.0298062302172184,1.506713360447854
"이 박테리아들은 로켓이나 위성에 실려 우주로 갔을 수도 있으며, 아니면 정말로 다른 행성에서 온 것일 수도 있다.",The bacteria could have hitched a ride on a rocket or satellite into space or they really could be from another planet.,"they are still alive, but it will likely be able to take a different from n. van, a third of the nation s space rockets",-0.01585061475634575,-0.014036053791642189,-0.020966658368706703,2.172054551709621
위크라마싱은 이 우주 미생물이 생명체가 세포나 포자의 형태로 외계로부터 왔을지도 모른다고 하는 포자 이론을 강력히 뒷받침해주는 것이라고 확신하고 있다.,which suggests that life may have come from outer space in the form of germs or spores.,aiko the space is also a rare law to study the lights back to the spacecraft may have been published into a waterway that the year old maybe also explain,-0.04074041172862053,-0.11167113482952118,0.028812970966100693,3.1221929756173616
"최근까지도 농지였던 곳에서 이글거리는 태양 아래, 인부들이 이제 곧 중국 최대 (공항) 중의 하나가 될, 인근의 홍콩에 있는 초현대식 시설보다도 규모가 큰 새 공항을 위해 강철을 용접하고 있다.","on what was recently farmland, workers weld steel for a new airport that soon will be one of the biggest in China, larger than even the ultra-modern facility in nearby Hong Kong.","streets in recent days, of their department s main airport told airports that are being made by a clear of a hong kong people in china, beijing",-0.04222757741808891,-0.042206503450870514,-0.0456392876803875,1.759544225619305
"급속히 발전하고 있는 중국 남부 광동성에 있는 바이윤 국제 공항이 23억6,000만달러의 투자로 2004년에 개항될 예정이며, 광조우市에 있는 오래되어 훼손된 시설을 대체하게 될 것이다.","The Baiyun International Airport in the booming southern Chinese province of Guangdong is scheduled to open in 2004 after an investment of US$2.36 billion, replacing Guangzhou city's older, dilapidated facility.","it is the first major airport in the southern port city of irra, where it will introduce a new percent in coming. million article.",0.1042078509926796,0.21872973442077637,-0.008113729767501354,2.9187578294004504
"이 새로운 공항은 처음에는 일년에 홍콩 (공항 이용 승객)의 3분의 1인 1,300만명의 승객을 다루게 될 것으로 예상되고 있지만, 관리들은 유휴 수용 시설이 오래 동안 사용되지 않을 것이라고는 예상하지 않고 있다.","The new airport is expected to handle 13 million passengers a year at first, excess capacity will be idle for long.","new jersey issues of a first visit to the first major airport first set at a first visit to the first major airports, which had a lost million of its airports.",0.05347507819533348,0.007788491901010275,0.09687201678752899,1.9452656464166465
"세네갈 여객선이 1,034명의 탑승자와 함께 폭풍우 속에서 침몰한지 수 일이 지난 오늘 일찍이 여러 척의 구조선박들이 감비아 공화국 연안 해역에 모여들어 생존자를 찾기 위해 노력하고 있다.","Rescue ships swarmed the waters off the Gambian coast trying to find survivors days after a Senegalese ferry sank in a storm with 1,034 people onboard.","the boat was rescued by the storm had passed through the media via its, to,., along with the six party men to shut down its yongbyon complex",-0.1297626495361328,-0.17521047592163086,-0.08718951791524887,1.877081263233555
"관리들은 65명만이 생존했으며, 300명 이상의 시신이 회수되었다고 말했다.","only 65 people survived, and more than 300 bodies had been recovered.",the official said more than people were killed and more than were injured.,0.3323073983192444,0.28739383816719055,0.3757854402065277,12.011055432195764
"파괴적인 태풍과 추석 연휴로 인해 식품 가격이 크게 상승하면서, 9월에 한국의 주요 물가 상승률이 잠정적으로 0.6% 상승했다.",South Korea's headline inflation rose a provisional 0.6 percent as food prices jumped due to devastating typhoons and Thanksgiving holidays.,industrials may between percent of both countries may between percent of both countries and industrial production are both in industrialized industrial average industrial.,-0.1636255830526352,-0.24191373586654663,-0.08660446107387543,2.0705706652424007
"백명 이상의 사망자를 내고 농작물에 피해를 입혔던, 한국에서의 수주일 동안의 태풍과 장마비가 소비자 물가를 크게 상승시킨 원인이 되었다.","Weeks of typhoons and monsoon rains in South Korea, which have killed more than a hundred people and damaged crops, were blamed for an upswing in consumer prices.","high winds and high level high levels of high levels of high winds, higher levels of highly higher levels of highly higher, while the higher",-0.2521456480026245,-0.35853099822998047,-0.14497818052768707,1.6924193825009328
고조되고 있는 미국의 이라크 공격 가능성과 연관된 원유 가격 상승 또한 물가 상승을 부추겼다.,linked to the growing prospect of a U.S. strike against Iraq also fanned inflation.,"that surge, crude prices of the united states, as the united states is expanding an increasingly bitter impact of u. s. inflation as well as a crude.",0.11988718807697296,0.006124456878751516,0.236000657081604,1.886782264636293
"한국은 세계 에서 네번째로 원유를 많이 수입하는 나라이며, 전적으로 원유 수입에 의존하고 있다.",South Korea is the world's fourth largest oil importer and wholly depends on imports of crude.,"yenae, a third of the world s most oil exports, is set to join the economy by the rising of a third term.",0.06367157399654388,-0.04795209318399429,0.17731140553951263,2.16015243499944
"중국, 독극물 범죄자에 사형 선고 중국 동부의 난징市에서 한 간이 음식점 주인이 경쟁업소가 판매하는 아침식사 음식물에 쥐약을 넣어 30명 이상이 사망하게 한 죄로 사형 선고를 받았다.","A snack store owner has been sentenced to death for spiking a competitor's breakfast foods with rat poison, resulting in the deaths of more than 30 people in the eastern Chinese city of Nanjing.","china has also asked the sick to to its standard poor s death, and a fast food company, blamed the winter, said daia it has ask",-0.030773473903536797,-0.07964623719453812,0.015666451305150986,1.644093561693344
첸 젱핑은 독극물을 사용한 죄로 난징 제1 중재 인민 법원에 의해 선고를 받았다고 관영 신화 통신이 보도했다.,"by the Nanjing No.1 Intermediate People's Court for usage of a dangerous substance, the official Xinhua news agency reported.",the associated press reported tuesday was sentenced to jail for a bailout by the jail of a public court in court officially given by the jailing of a separate court in jail,-0.07107985019683838,-0.13294418156147003,-0.011183703318238258,3.773564529272586
9월 14일에 발생한 중독 사건으로 38명이 사망했으며 200명 이상이 입원하게 됐다.,The September 14 poisonings and resulted in the hospitalization of more than 200 others.,"more than, people were killed and more than, were more than a deadly.",0.12456022202968597,0.06995917111635208,0.17744971811771393,5.816635421147515
모니카 베스라의 위에 종양이 너무 크게 자라 그녀는 임신 7개월이나 된 것 같아 보였다.,The tumor on her stomach had grown so large that Monica Besra appeared seven months pregnant.,"their three months probation, a month old grand jury for the best two months of the two months, two of the months of their",-0.09243272989988327,-0.13881324231624603,-0.048774346709251404,1.444580998177086
"내가 새벽 1시에 일어났을 때, 나는 커다란 종양이 사라졌다는 것을 알았습니다.""","When I got up at 1 in the morning, I found the big tumor had disappeared.''",when i tried to break the two front also took them to the front when they opened two goals on the new peninsula.,0.07059884071350098,0.054389264434576035,0.08386875689029694,2.0705706652424007
"교황 존 폴 2세의 교황청은 이 사건을 기적이라고 선언하였으며, 테레사 수녀를 성자로 선언하는 데 방해가 되고 있던 마지막 장애물 중의 하나를 처리하게 되었다고 이탈리아 통신사들이 보도했다.","Pope John Paul II's office has declared the event a miracle, clearing one of the final hurdles standing in the way of declaring the nun a saint, Italian news agencies reported.","the vatican said they would not have much longer, said john paul ii, a year old pop john paul, whose officials and political and john",-0.12198320031166077,-0.18877851963043213,-0.05704300478100777,1.5242216043548138
서방 세계가 9월 11일 사망한 수천명을 위하여 복수하고 정의를 이행하는 것은 올바른 일이다.,The West is right to seek vengeance and justice for the thousands killed on Sept.,"the world s second largest in october, which is in the world, which he leads the latest in a worldwide strike, this is the world s second large",-0.16177219152450562,-0.34361234307289124,0.030946990475058556,1.4262733286728255
범죄자들과 그 동조자들을 목표로 삼아야 한다.,Target the guilty and their allies.,a team of lawyers and their targets were ready to start.,0.3080381155014038,0.27057942748069763,0.34375110268592834,7.495553473355842
아울러 중요한 것은 우리가 무고한 사람들을 역사적인 잔인한 행위나 광신적 행위를 저지른 죄인이라고 생각하지 않는다는 것을 신중하게 입증해야 한다는 것이다.,"Just as importantly, we need to demonstrate with our restraint that we do not hold innocents accountable for the cruelties of history or the actions of fanatics.","important s remark that is very rarely known as people who are skinned more people, he said.",-0.02745869569480419,-0.028913674876093864,-0.02934744954109192,1.6913956476085643
"이번 사태의 경우 ""눈에는 눈으로""는 맹목적인 처방일 뿐이다.","“An eye for an eye,” in this case, is a prescription for blindness.","the eyes of the eyes is eye, and the remaining eyes.",0.1481051743030548,0.1345296949148178,0.15896478295326233,5.401123513017142
그러나 9월 11일의 잔혹 행위에 연루된 자들을 남김없이 아프가니스탄의 동굴에서 연기를 피워 몰아내더라도 전쟁은 끝나지 않을 것이다.,"11 atrocities is smoked out of the caves of Afghanistan, the war will not be won.","but a russian war on the left voice of their afghans, were on their seven hours of over south africa s top war on their airfield.",0.010762610472738743,-0.047433145344257355,0.06705835461616516,2.089941024608428
광신적인 집단들은 중동 정치의 공백 상태에서 법을 무시한 부패한 독재와 물라 및 성직자들의 이단적인 극단주의에 의해 자양분을 얻어가며 살아가고 있다.,"The fanatical groups exist in the vacuum of Middle Eastern politics, nurtured by the rot of its illegitimate dictatorships and the heretical extremism of its mullahs and clerics.","the muslims who have been the spiritual of up to, people in their homes, they have portrayed their political rights to create the risingse",-0.01301331166177988,-0.06913493573665619,0.04103945568203926,1.938497185665435
"이슬람 세계는 이 문제에 대해 책임이 있는 것도 아니지만, 그렇다고 결백한 것도 아니다.","Islam is not to blame for this, but neither is it innocent.","the world s viewalization has been compared to, but they may be still not yet yet yet yet yet yet yet yet yet",-0.10644795745611191,-0.28403958678245544,0.08133396506309509,3.741943603457605
"Edmund Burke가 말했듯이, ""악이 승리하기 위해 필요한 것은 선한 사람들이 아무 행동도 하지 않는 것 뿐이다.""","As Edmund Burke said, “All it takes for evil to triumph is for good men to do nothing.”","these are probably because they believe people will be able to form a government need, saying they had no feeling.",0.08059261739253998,0.07743318378925323,0.08076093345880508,2.273154356702287
서방 세계가 이 전쟁을 수행할 수 없는 명백한 이유가 있다.,"The West cannot fight this battle, for obvious reasons.","as part of this is reasonable, there is no reason to let the world war a war, which is war in cyberspace.",0.27313971519470215,0.17561976611614227,0.37198716402053833,1.982256626710344
그러나 서방 세계는 필요한 일을 할 수 없다.,But the West cannot do what is needed:,but as many as major cities needed into a world s second largest economy.,0.08559833467006683,-0.01544432807713747,0.18776820600032806,2.627961710408444
"그들은 항상 침략자로, 현대판 십자군 전사로 간주될 것이다.","It will always be seen as the invader, as latter-day Crusaders.","they will be able to crack all groups, including arrowheads in their hearts and hearts.",0.11912824213504791,0.1198505163192749,0.11554016917943954,3.234245292096216
이슬람 세계가 그러한 투쟁을 준비하는 징후는 거의 없다.,There are few signs that Islam is ready for such a struggle.,the world signed their world peace and conflict in the world.,0.2044062614440918,0.1730119287967682,0.23356489837169647,3.1157290929555894
"종교에 관한 한, 이슬람교는 아직 젊다는 것을 기억해야 한다.","Remember, as religions go, this one is still young.","the muslim government is cautiously, yet told a muslim.",0.02157537080347538,0.007827404886484146,0.03219740465283394,4.503733751056995
"불과 1,379년 전이다.","That is only 1,379 years ago.","and lost, years ago.",0.17615260183811188,0.2697831392288208,0.08325327187776566,25.57539057896621
"이와 비교해, 1379년에 기독교 문명의 유럽은 십자군 전쟁을 막 끝내고 중세의 암흑 시대에 빠져 있었다.","By comparison, Christian Europe in the year 1379 was just finished with the Crusades and mired in its Dark Ages.","in, years, angry,, were linked to the bases and entering the number of pre war remains inside the vehicle.",-0.010608279146254063,0.013608370907604694,-0.03784213960170746,2.46233736722218
"그 이후에도 유럽에는 종교 재판의 공포와 종교 개혁, 갖가지 종교적 광신주의가 난무했고, 르네상스와 계몽 운동, 이와함께 혁명과 제국주의, 나찌즘과 공산주의, 히로시마의 조직적 살인 행위가 있었다.","Ahead still was the horror of the Inquisition, the Reformation and all of its religious fanaticism, the Renaissance, the Enlightenment, along with revolution and imperialism and then the mechanized murder of Naziism, Communism and Hiroshima.","in europe, they celebrated their trials to and his reforms in and to have the ability to try to understand their first trial and religious and education reforms",-0.07459522038698196,-0.11491183191537857,-0.03715803846716881,1.383719845477181
물론 문명간의 비유를 한다는 것은 큰 잘못이다.,"Of course, the analogy between civilizations is deeply flawed.","the others have given their differences over their s, said gasoline.",0.14667275547981262,0.04693081974983215,0.24758972227573395,4.065425428798724
잘된다면 이슬람 문명은 서방 세계가 저지른 실수에서 교훈을 얻을 것이다.,"in the best-case scenario, Islamic civilization will learn from the mistakes of the West.","if the muslims worldwide, is a world anti world war ii in the town of islam as well as the world s top, he said.",0.06887046992778778,-0.02199292927980423,0.1600043922662735,3.652945772536268
"그러나 솔직히, 지금 당장은 이러한 희망을 뒷받침해줄 만한 증거가 많지 않다.","Admittedly, there is not a great deal of evidence to support this hope right now.",but the city has not yet been much more man than taking part in a case of.,0.20048722624778748,0.12780067324638367,0.27260687947273254,3.0372940354383413
"""세속적인"" 회교 국가들이 존재하고 있지만, 보통은 불안한 상태로, 그리고 서방의 간섭이나 식민 지배의 결과로서 존재하고 있다.","“Secular” Muslim states exist, but usually uncomfortably and as the result of Western meddling or the colonial period.","and that s all the reasons for the outcome of about people in a public area with the rising, he said.",0.03785790130496025,0.04012858122587204,0.032461993396282196,2.577168813572977
이슬람 세계 대부분이 이런 국가들을 서방의 아첨꾼이라고 경멸한다.,Much of the Islamic world looks down on these states as lackeys of the West:,most of these are muslims.,0.3027166724205017,0.38212642073631287,0.22344768047332764,1.8231094563196564
"예를들어, 터어키, 요르단, 모로코등이 그렇다.","Turkey, for instance, or Jordan or Morocco","the rounds are all models and shaped all parties, which have shaped all the model, which moran all parties, along with all parties, and",-0.10862696915864944,-0.252240389585495,0.040219876915216446,1.5880117714047368
워싱턴州 야키마의 한 법원은 운전자들에게 법정에 출두하는 대신 그들의 해명이나 진술을 이메일로 보내는 것을 허용하고 있다.,is allowing drivers to e-mail their excuses or explanations instead of appearing in court.,"a court barred the many when asked to stop their verdicts and sent them to their verdicts, and many people tried to move to hear them from",0.06282822042703629,0.01242437306791544,0.11115222424268723,1.7574239156849023
다른 법원들도 변호사들이 변론 취지서를 온라인으로 제출하는 것을 허용하고 있다.,Other courts allow attorneys to file briefs online.,other judges lawyered their own use and ordered others to keep them from other prosecutors.,0.2495640218257904,0.17509549856185913,0.3237136900424957,2.908317710573758
그리고 많은 카운티들이 위반자들에게 인터넷 상으로 교통 위반 벌금을 내도록 하고 있다.,And many counties let offenders pay traffic fines But Yakima County is believed to be the first The county is doing it to ease court overcrowding.,many counts of the victims who have served up for their own homes.,0.04281770810484886,0.058145370334386826,0.02448975294828415,1.4767281134317447
게다가 피고인들은 판사 앞에 출두하기 위해 하루 일을 허비할 필요도 없다.,defendants don't have to miss a day of work to appear before the judge.,"these days, judges and rules needed to break up to work next week to resolve the need for mayors.",0.17008773982524872,0.1111985296010971,0.2275979220867157,2.7156804039319287
"제임스 켈리 미국 국무차관은 지난 주 에 있었던 북한과의 회담이 ""솔직하고"" ""유용한"" 것이었다고 설명했으나, 현 단계에서 더 이상의 회담 계획은 없다고 말했다.","Assistant Secretary of State James Kelly has described last week's talks with North Korea as ""frank"" and ""useful"" there were no plans for any further meetings Washington would review the talks before deciding its future stance.","the top u. s. state department said that north korea s new round of talks would resume discussions on north korea s nuclear weapons last october, but was",0.09549605846405029,0.12098463624715805,0.06735265254974365,1.3595277621248645
"라고 외치면서, 5,000명 정도로 추산되는 사람들이 실행될지도 모르는 미국의 이라크 군사 공격을 반대하여 오레곤州 포틀랜드 중심가에 모여들었는데, 이는 전국에 걸쳐 계획된 그러한 많은 항의 시위들 중 하나였다.","Chanting ""no more war,"" an estimated 5,000 people rallied in downtown Portland, Oregon, one of a number of such protests planned across the nation.","the u. s. military has no start of the war in iraq, saying they consider the pictures of the u. s. military,",-0.00930052064359188,0.04968263581395149,-0.07010533660650253,2.153455052131091
미국 서부 해안의 항만 파업을 중지하도록 한 조지 W. 부시 대통령의 조치는 상품을 하역시키는 것이 최고 10주일까지 지연될 것 같은 많은 아시아의 수출국들에게는 너무 늦게 취해진 것이다.,have come too late for many Asian exporters who will still face delays of up to 10 weeks to get their products unloaded.,"with a u. s. coastline america, the u. s. president george w. bush on wednesday told the president, bush told",-0.19097410142421722,-0.1888255625963211,-0.1969912201166153,1.387819277861591
"설상가상으로, 세계 최대 해운업체인 Maersk가 홍콩에서 신규 화물 예약 접수를 중단한 것과 때를 같이 하여, 중국의 공장들이 일주일간의 휴무를 끝내고 다시 조업에 들어갔다.","To make matters worse, just as the world's largest shipping line, Maersk, has stopped Chinese factories have swung back into action after a week-long holiday.","they are expected to be at a. m. in new mexico, brazil, china, china, china, china, chin",-0.2177734375,-0.3162703812122345,-0.11913082748651505,1.9192650228056964
"이러한 ""온건한"" 이슬람 국가들을 비롯해 이집트, 사우디아라비아 및 현재의 파키스탄을 보면, 이 지역에 이슬람 내부의 악령을 쫓아내기 위한 길고 어려운 투쟁을 이겨낼 수 있게 도울 수 있는 ""온건한 사람들""이 있다고 결론 짖게 된다.","You could look at these “moderate” Islamic states, plus Egypt and Saudi Arabia and now Pakistan, and conclude that there are “moderates” in the region who will help win the longer, harder struggle to exorcise Islam’s own demons.","islamic group waging the pakistan muslim league, and pakistan s neighbors, told the associated press that pakistan had been in pakistan since the may between sunni arabs and",-0.09699134528636932,-0.11053524911403656,-0.08696242421865463,2.35381293550733
여기서 문제는 분명하다.,The problem here is obvious:,that s too flor.,-0.024806449189782143,-0.13491880893707275,0.08697304129600525,0.0
"즉, 이슬람 세계 에서 무바라크, 파드 왕 및 무샤라프 장군이 이 지역 인민들의 대표자일 수는 없다는 것이다.",The Mubaraks and King Fahds and Gen. Musharrafs of the world are hardly representative of their populations.,"the top muslim groups are expected to be led by muslims in iraq, and they can t be able to speak.",-0.012702529318630695,0.060606759041547775,-0.0870848149061203,2.328734903585348
"대신, 그들은 ""안정""이라는 면에서 서방 세계와 똑같은 이해 관계를 갖고 있는 각 지역의 소수 엘리트를 대표하고 있다.","Instead, they represent a small elite in each place that has a common interest with the West in “stability.”","they are in the area, which they have continued to lead to a western bank in, where they are in their part.",0.11067460477352142,0.12704364955425262,0.09153714776039124,2.4499322504239376
"그래서, 안정을 보장하는 대가로, 서방 세계는 그들이 계속 권좌에 있도록 도와 주었다.","So, in exchange for stability, the West has helped keep them in power.","so, the world s view, is in their demands to their demands to help the people, and the world food, which views the world s large",0.0017403821693733335,-0.12588830292224884,0.13288752734661102,2.952787808378777
"서방 세계가 없었다면, 그들은 모두 무너졌을 것이며, 서방 세계가 그들을 계속 권좌에 앉혀 놓는 한, 그것은 그런 정권들에 의해 학대 받는 사람들의 분노를 초래하게 되는 것이다.","Without the West, they would all fall, and as long as the West keeps them in power, it invites the rage of those abused by these regimes.","the world was known as the world s second largest and cultural organizations, saying that the, he noted that the two would be the most likely done in",-0.17932823300361633,-0.23908162117004395,-0.12197653949260712,3.497851646023894
"여전히, 안정이란 부유한 사회의 이상이다.","Still, stability is the ideal of rich societies.","that means more than, have suffered more than, job more than.",0.05087403953075409,-0.11666182428598404,0.22714941203594208,3.377156414337854
"서구 세계에 있어서, 중동 지방의 안정이란 저렴한 석유와, 9월 11일 이전에 많은 사람들이 추측한대로, 최악의 테러 사태들이 그 지역에서만 발생하도록 격리시켜 놓는다는 것을 의미한다.","To the western world, stability in the Middle East means cheap oil and, many assumed before Sept. 11, a quarantine of the worst forms of terror inside the region.","as the world s largest oil and rising gashouse and higher levels of rising gasoline and are under worst to be here, and in july and december",-0.10632506012916565,-0.23729589581489563,0.028334736824035645,3.048443208709628
"이러한 국가들을 이끌어가는 정권들에게는, 안정이란 부와 권력 및 생존과 직결되는 것을 뜻하는 것이다.","For the regimes running these nations, stability translates directly to wealth, power and survival.","these are expected to be honest and once without power with a promise of restoration and high profile debt, which will be allowed into the territory and other incentives",0.0653381422162056,-0.004114808514714241,0.13364024460315704,1.943043650185126
그러나 가족의 생계도 꾸려갈 수 없는 이집트의 어부라든가 파키스탄의 노점상에게 그것은 어떤 의미를 갖는가?,But what does it mean to an Egyptian fisherman or a Pakistani stall trader who can't feed his family?,"but the ministry said it believes that anything of the radical religious sects should not have done it, with, it s about, state news agency",-0.07968499511480331,-0.09774509817361832,-0.06502939760684967,1.3353534059549443
"이 경우에 안정이란 미국이라는 멀리 떨어져 있는 거대 국가가 지지하는 부패한 정권에게 봉사하며 겪는 고통, 끝없는 고통을 의미한다.","Stability in this case means misery, endless misery in the service of a corrupt regime supported by the far-off giant, America.","this is the latest in a series of national league members at a national convention in terms of national politics, appel.",0.026947669684886932,0.013421237468719482,0.03736390545964241,2.651521681304181
당신은 자식이 치료할 수 있는 병에 걸렸으나 약이 없어 죽은 적이 있는가?,Has your child ever died of a treatable disease for lack of medicine?,"you can never imagine for anyone, unable to tell you unless you get into a life or unable to life, unsable to life, according to the",-0.053100019693374634,-0.14396841824054718,0.03771267831325531,1.5301683686839005
당신은 정부에 대해 불평했다고 경찰에 체포되어 생식기에 240볼트의 전기를 통하게 하는 고문을 당한 적이 있는가?,Have the police ever arrested you and run 240 volts up your genitals for complaining about the government?,"what do you know, they do not have anything to do, the newspaper said.",0.07694727927446365,0.0694090947508812,0.08149455487728119,2.417808985590294
"그렇다면, 코란의 본질을 왜곡시켜 피를 불러들이며, 복종하는 회교도들에게 보다 나은 세상을 약속하는 이슬람 극단주의자들의 이단 행위에 수많은 사람들이 복종하는 것이 뭐 놀랄 일인가?","Is it any wonder, then, that the vast millions succumb to the heresies of Islamic extremists, who twist the Koran into a call for blood that promises a better world for Muslims who obey?","wearing a high profile group of,, and each other, then says the company had originally past generations of the world, and they were",-0.09835207462310791,-0.13432452082633972,-0.06546801328659058,2.689869750853178
"그래서 우리는 지금 테러와의 전쟁을 치르고 있으며, 당연히 그래야만 한다.","So now we wage war on terrorism, and so we should.","we have a better known war as the war, and we are now we are in favor of war crimes.",0.35515767335891724,0.27847936749458313,0.4319572150707245,5.618923497225256
"그러나 오직 회교 세계만이 자신의 악령과 싸울 수 있는 힘을 가지고 있다는 것, 이것을 알아야 한다.",Only the Muslim world has the power to wage war against its own demons.,"but as many as, as well as the world s life in life, is a rare and private life in the world.",0.06671299785375595,-0.05700205639004707,0.19365772604942322,2.1300733682208985
"책임이 있는 자들이 신속하게 처리된다면, 회교 세계 에서 서방 세계의 힘이 존경 받게 될 것이다.",The might of the West will garner respect in the Muslim world if those responsible are dealt with swiftly.,"if you will be asked if the world must be the world s top world facing the world, willing to the world number one of the world s highest numbers, the",-0.015075424686074257,-0.11253605037927628,0.08295543491840363,2.956164512438961
"그러나 장기적으로 볼 때, 서방 세계가 아랍의 억압적인 독재 정권들을 계속 지지한다면, 그들을 대신할 새로운 빈 라덴 같은 사람들이 나타날 것이다.","In the longer run, however, new bin Ladens will rise to replace them if the West goes on propping up repressive Arab dictatorships.","but as part of its million,, as part of an internationally called terrorist group, and its million books, the world number one, like a billion in new or",-0.1884641796350479,-0.27586764097213745,-0.10174350440502167,1.5883027492953543
이제 미국은 우정의 대가로 값싼 석유보다 훨씬 더 많은 것을 요구해야 한다.,The United States now must demand far more than that cheap oil for its friendship.,the united states is the latest in a series of demands to expand the nation s largest oil in the united states.,0.09962593019008636,0.07119304686784744,0.1254182755947113,1.958224832501124
"보다 적게 요구하는 것은 단지 복수에 대한 욕구를 만족시키는 것일 뿐이며, 우리 자손들에게는 새로운 암흑의 시대에 빠져 들게 하는 것일 뿐이다.",To do less would merely satisfy our need for revenge but would doom our children to a new Dark Age.,"things is not a good idea, and we will not have a new chapter in the world.",0.28101593255996704,0.2818969190120697,0.27779707312583923,4.03314518298892
"미시간 대학교의 인류학자와 그의 동료들이, 지금 까지 발견된 가장 오래된 인간의 것이라고 흥분 속에 받아들여졌던 그 두개골이 전혀 인간의 것이 아닐지도 모른다고 말하여, 최근의 화석 발견에 반론을 제기하고 있다.","A University of Michigan anthropologist and colleagues are challenging a recent fossil discovery, the skull, hailed as the oldest human-like ever found, may not be human at all.",colleagues of his colleagues with families and their families are expected to be a little bit of their e.,-0.022544093430042267,-0.05066605657339096,0.0025354961398988962,1.7091358018693898
"프랑스의 고생물학자 Michel Brunet가 이끄는 국제적인 팀에 의해 차드 북부에서 발견된, Toumai라는 별명이 붙여진 그 두개골은 인간의 가계도(家系圖)에 속하지 않는다고 그들은 주장한다.","the skull nicknamed Toumai, found in northern Chad by an international team is not part of the human family tree.","the, of the, seat, saying, is cultivated by,, named as saying, marpit paid, a family member",-0.14133788645267487,-0.19445760548114777,-0.09081695973873138,4.303846266589084
"목 근육으로부터 화석화된 뼈에 남은 자국을 조사한 후, 그들은 Toumai가 네발 짐승, 즉 두 발이 아닌 네 발로 걸어다녔다고 결론을 내렸다.","left on the fossilized bones from its neck muscles, Toumai was a quadruped walked on four legs not two.","the results of the, delegates will make a clear report of the damage, which results from their two houses, which will make their first officials to",-0.09870453178882599,-0.09334269165992737,-0.10761993378400803,1.92408485982654
"인도네시아 역사상 최악의 테러 행위로 묘사된, 강력한 차량 폭탄이 발리의 한 나이트 클럽을 산산조각낸 폭발의 원인으로 여겨지고 있는데, 이 폭발로 200명 가까운 사람들이 사망했으며 그들 대부분은 호주인 관광객들로 여겨지고 있다.","Described as the worst act of terrorism in Indonesia's history, a massive car bomb is believed responsible for a blast that tore through a nightclub in Bali, killing nearly 200 people most of them thought to be Australian tourists.","as a powerful car bomb on the powerful, powerful car bombs powerful car bombs on a power struggle because of its low car bombing, a powerful car bomb exploded, a",-0.08662992715835571,-0.08445262163877487,-0.09233691543340683,3.0409153851416315
"이 폭탄 테러로 인한 사망자 수는 187명에 이르렀고, 적어도 300명이 부상당했는데, 많은 사람들이 심각한 화상을 입어, 현지 병원과 의료 시설들이 포화 상태에 달하였다.","The death toll from the bombing stood at 187, with at least 300 people injured, many with severe burns, stretching local hospital and medical facilities to breaking point.","the number of wounded people were wounded, and many people were critical of their two men were wounded in the blast, and many people were kill",0.07538030296564102,0.07683711498975754,0.07091748714447021,1.811723686014297
또한 200명이 넘는 사람들(의 생사 여부가) 아직도 밝혀지지 않고 있다.,And there were still more than 200 people unaccounted for.,it s not a why still on whether the people are not still missing.,0.27174293994903564,0.08136864006519318,0.47455838322639465,3.4585921141027365
"이 카리브해의 영국령 섬 전역의 주민들은 이 화산이 우르릉 거리는 소리를 들었는데, 이것은 화산 정상의 마루터기가 커지고 있다는 징후이다.","A large chunk of the hard lava and tumbled into the sea, Residents across the British Caribbean island heard the volcano rumbling an indication the dome is growing.","their statement, muirys and irris had heard their disappearing water from the fires.",0.03919391334056854,0.0868266373872757,-0.010606778785586357,1.445662955037669
"그러나 1995년에 이 화산이 분출하기 시작한 이래로 현재 최고조에 달해 있는 정상의 그루터기는 금방이라도 붕괴되어 북서부 지역으로 뜨거운 재, 가스, 그리고 바위들이 뒤엉켜 눈사태처럼 흘러내릴 수 있다고 과학자들이 말했다.",But scientists said now at its highest peak since the volcano began erupting in 1995,"once it was a very long time, and its biggest quality of landing on the beach.",-0.03164190053939819,-0.01110630389302969,-0.055333103984594345,2.55404966647159
"이곳 워싱턴 지역 교외에서 경찰이 이번 달 들어 아홉번째 발생한 저격 살인으로 추정되는 사건인, Home Depot 상점 주차장에서 단 한 발의 총격에 의해 살해된 여자에 대해 수사하고 있다.","Police in this Washington-area suburb are investigating what appears to be the ninth fatal sniper attack this month, in the parking area of a Home Depot store.","gunmen police, the police department said they were still also killed in the attack, killing at least two suspects they were still in the right",0.0020854214671999216,-0.013414516113698483,0.014414975419640541,3.392136059447387
"경찰은 그 총격에 대한 목격자들을 확보했으며, 왼쪽 후미등이 고장난 크림색 시보레 아스트로 밴을 수배 중이라고 밝혔다.",The sniper has now killed nine people they had witnesses to the shooting and were on the lookout for a cream-colored Chevrolet Astro van with the left rear taillight out.,"police said they were also aimed at the wall s walls, as they believed the air.",-0.005507207475602627,0.07716221362352371,-0.08865217119455338,1.5597579745575243
총격이 발생한 직후에 그 지역 주위에 교통 차단선이 쳐졌음에도 불구하고 그 밴은 발견되지 않았다.,"Despite a cordon thrown around the area shortly after the shooting, the van has not been found.","the two sides found no immediate official as they entered the two weeks after the two state agency xinhua said they were unined, as officials",-0.0014048783341422677,-0.1262180060148239,0.1266128122806549,3.802351022611669
사담 후세인이 유일한 입후보자였던 국민투표에서 100% 득표를 하면서 다시한번 이라크 대통령으로서의 7년 임기를 얻었다고 이 이라크 지도자의 측근이 발표했다.,"Saddam Hussein won another seven-year term as Iraq's president in a referendum in which he was the sole candidate, taking 100 percent of the vote, the Iraqi leader's right-hand man announced.","saddam hussein was then going to iraq, saying it was the first time in an interview with the joong ang ilbo, the official said.",-0.005005717743188143,-0.05029002204537392,0.03779049590229988,3.6019737426127465
"11,444,638명의 유권자 전원이 투표를 했다고 혁명 평의회 부의장인 이자트 이브라힘이 말했지만, 이런 결과는 비판을 받기에 마땅한 것 같았다.","All 11,445,638 of the eligible voters cast ballots, said Izzat Ibrahim, vice chairman of the Revolutionary Command Council, but the results seemed to bear out the criticism.","the former, delegates,, had gone before, and former vice president elect had already heard a question that the former deputy chief,, told",-0.20325495302677155,-0.23989242315292358,-0.1700211465358734,1.877597418283655
성생활이 증가하고 있다.,Sexual activity is up.,"it s not the way for the sexuality of the game, but it s unclear how much of their sexual violence.",0.20357844233512878,-0.02815559133887291,0.45540738105773926,1.6466642419110007
가스 마스크 판매가 급증하고 있다.,Gas mask sales are soaring.,"the highest level of high profile wall street is set to rise to reg, following the recession.",0.2844543159008026,0.15775896608829498,0.4151535630226135,2.0244462660665508
"사람들은 캔디와 아이스크림을 게걸스럽게 먹고 있지만, 또한 아주 작은 소음에도 몸을 숨기려 피하고 있다.",People are gorging themselves on candy and ice cream but also ducking for cover at the smallest noise.,"people in a bathen flying of a fresh, t shirt and a fresh fans don t shirt also going around, but also also a rarely un",-0.06806772947311401,-0.12658201158046722,-0.011678563430905342,2.955622941561161
지하 차고로 차를 몰고 간다는 생각을 하면 소름이 끼치기도 한다.,The thought of driving into an underground parking garage can be chilling.,"you should go up into the car, he said.",0.25504156947135925,0.25026223063468933,0.25740063190460205,3.715939007251811
"Los Angeles에 사는 가정 주부인 Julie는 자신과 남편, 그리고 자신의 어린 두 아들을 위해 방독면을 구입할 것을 생각했지만, 그러다가 그러한 상황에서 사람의 운명을 변화시키려고 노력해 봤자 소용없을 것이라고 판단했다고 말했다.","Julie, a housewife in Los Angeles, said she thought about buying gas masks for herself, her husband and her two young sons, but then decided it would be futile to try to change one's fate under such circumstances.","rue is likely to find out, but iowa,, told the associated press.",0.03968198597431183,0.08592457324266434,-0.008779439143836498,1.1907558401329743
"""게다가 나는 가스 마스크가 나에게는 맞고 내 아이에게는 맞지 않는다거나, 아니면 그 반대 경우의 곤경에 빠지고 싶지 않았습니다."" 라고 그녀는 말했다.","""Besides, I didn't want to get caught in a predicament in which the gas mask fit me but not my child or vice versa,"" she said.","i have nothing to do with my bit, and i will never meet your very different, not just if i, never mind, i don t want to make sure that",-0.11276814341545105,-0.17460733652114868,-0.053023990243673325,2.865096034594708
"놀랄 것도 없이, 미국 전역의 많은 사람들이 국방성과 세계 무역 센터에 가해진 끔찍한 공격을 텔레비전 화면에서, 또는 직접 목격한 후에 우울증, 두려움 및 불면증에 시달리고 있다.","Not surprisingly, many people throughout the country are experiencing depression, fear and sleeplessness after witnessing on television or firsthand the horrific attacks on the Pentagon and the World Trade Center.","in their two countries, meanwhile, are taking their target, and they are considered their target, and they are to have a",0.031828369945287704,-0.01700400747358799,0.07842174917459488,1.6354897685639678
그러나 다른 심리 의사들은 우울증 성향이 있는 많은 사람들이 이번 사건으로 인해 현재 우울증을 보이고 있다고 말한다.,But others say that many people prone to depression are depressed now by the events.,"but others think it s more extremely, and that s probably because it is likely to be able to produce.",0.24006713926792145,0.17586243152618408,0.3033639192581177,2.442663322105964
"실제로, 일부 전문가들은 많은 사람들이 두려움과 슬픔을 회피하고 당당히 맞서 싸우는 수단으로 음식을 먹거나, 쇼핑을 하거나, 영화를 보거나, 섹스를 하고 있다고 말한다.","Indeed, some experts say that many people are turning to food, shopping, movies and sex as a means of escaping and coping with fear and sadness.","some experts say that some kind of growing numbers are light and some people to stay instead of their or finds, but that will mean someone or stopping",0.1029943898320198,0.05170360207557678,0.15236641466617584,9.785631456483175
어휘 : 번역 :,"Pepper Schwartz, a University of Washington sociologist, said there are many reasons people have sex during crises.","their citizens seeks to see a new level of services that will have a new impact on their spending of next year, he said of the anthrax crisis.",0.13548704981803894,0.09357970207929611,0.1752343475818634,1.943043650185126
"이번 테러 공격 이후 9개월이 지나면 ""일시적인 츨산 증가""현상이 뒤따르겠지만, 이번 아기 출산 증가는 제 2차 세계 대전이 끝난 이후에 있었던 출산 증가처럼 규모가 크지 않을 것이라고 Schwartz는 예측했다.","Schwartz predicted a ""baby boomlet"" would follow nine months after the attacks but one not nearly as big as the baby boom that followed the end of World War Two.","it is the third largest movement for the six party talks, though they are not expected to be the first of the world s most populous largest, but it is",-0.016763892024755478,-0.019760066643357277,-0.0170763973146677,1.7595976988483288
"핵 개발 계획을 인정한 북한 북한은 자신들이 비밀리에 진행하고 있는 핵무기 개발 계획을 갖고 있다고 미국에 밝혔는데, 이것은 적어도 두 개의 핵무기를 제조하기에 충분한 플루토늄이 있다는 증거를 북한에게 들이댄 후에 이루어진 시인이라고 고위 정부 관리들이 말했다.","North Korea has revealed to the United States that it has a secret and active nuclear weapons program, only after Pyongyang was confronted with evidence that it has enough plutonium for at least two nuclear weapons, One of the officials told Reuters that North Korea's activities ""have effectively nullified the 1994 Agreed Framework,"" an agreement under which Pyongyang promised to freeze its nuclear program.",north korea said it was using a weapon and s development is putting north korea to give up its nuclear weapons program.,0.1685800999403,0.2718370258808136,0.06674672663211823,1.2762513501061088
"그러나 부시 정부는 의회 및 동맹국들과 협의하고 있으며, 북한 측과의 관계에서 취할 다음 조치에 관하여 어떠한 결정도 내리지 않았다고 관리들은 말했다.",But the officials said the administration was consulting with Congress and allies and had made no judgment about next steps in its relations with Pyongyang.,"but bush insisted the parliament request comes with north korea yesterday, and with the opposite to stop north korea from, to,.",0.05536237731575966,0.02798614650964737,0.07993180304765701,2.264882092592075
"일본의 우주 왕복선이 최초의 시험 비행에서 남태평양의 크리스마스 섬을 성공적으로 이륙하여, 약 5마일을 하늘 높이 날아 오른 후 약간의 흔들림과 함께 착륙했다고 일본 우주국이 오늘 발표했다.","Japan's space shuttle successfully lifted off Christmas Island in the South Pacific on its first test flight, soaring for about five miles before landing with only a slight jolt, Japan's space agency announced today.","the japanese vessel picked up their pressurized waters along the japanese spacecraft, which is a blow to the japanese spacecraft, which is a blow to the japan",-0.09537704288959503,-0.1047143042087555,-0.08958210796117783,1.3809925785102002
"집중적인 비난을 받고 있고, 자금난을 격고 있는 일본의 우주 프로그램에 있어서 이번 10분간의 비행은 가장 최근에 거둔 성공이었다.","The 10-minute flight was the latest success for the country's beleaguered, cash-strapped space program.","the two sets the day before the end of the day, with the japanese space program has now been a key. in the best day of the japanese space program",0.11343985795974731,0.06642734259366989,0.15840059518814087,3.053216387177772
위험 수위에 오른 동남아시아의 테러 조직,appears to have set up networks throughout Southeast Asia and Australia.,risking to a terror related number of terror attacks on terror related,0.004634544253349304,-0.07862921059131622,0.08744242787361145,3.3864985683445354
"이 단체의 정신적인 지도자로 주장되고 있는 급진주의 이슬람 성직자인 아부 바카르 바시르가 인도네시아 당국에 의해 체포되었지만, 이 단체로부터의 위협은 여전히 남아 있다고 정보 관리들은 말하고 있다.","Though the man alleged to be the group's spiritual leader, has been arrested by Indonesian authorities, intelligence officials say a threat from the group still remains.","islamabad, pakistan s islamabad, was arrested, but the abu said.",-0.03394274786114693,-0.16762715578079224,0.10388106107711792,1.4545232292184198
세르게 브라메르츠 국제유고전범재판소(ICTY) 수석검사는 “세르비아 당국이 카라지치를 체포한 것은 다행”이라며 “대학살의 희생자들에게 중요한 날이다”고 밝혔다.,"Serge Brammertz, the chief prosecutor of the International Criminal Tribunal for the former Yugoslavia, congratulated Serbian authorities for taking Karadzic into custody and called it ""an important day for the victims.","what, they re arrested, and they have told publicly arrest for the victims, and i am mani whose postma does not have killed the",-0.14887718856334686,-0.14053741097450256,-0.16091133654117584,4.747583074574678
브라메르츠 검사는 “누구도 법 위에 있을 수 없다는 것을 확실히 증명한 사건이기 때문에 국제 사법에도 중요한 날”이라며 “조만간 모든 수배범들이 재판을 받게 될 것”이라고 말했다.,"""It is also an important day for international justice, because it clearly demonstrates that nobody is beyond the reach of the law and that sooner or later all fugitives will be brought to justice,"" Brammertz said.","the girl is expected to be paid by the end of, people, indicating it was a serious question.",0.03685245290398598,0.04893304035067558,0.02171301655471325,1.246012402204294
그는 “당국은 곧 카라지치를 헤이그에 있는 국제 사법 재판소로 압송할 것”이라고 덧붙였다.,"He said authorities ""in due course"" will determine when Karadzic is to be transferred to the tribunal at The Hague.","they will be able to address the international community and the international community, he added.",0.15717649459838867,0.21017290651798248,0.10257864743471146,2.4028134401927965
카라지치의 체포 외 에도 카라지치와 같은 혐의를 받고 있는 당시 세르비아계 군사령관인 라트코 믈라디치도 여전히 수배 중이다.,"His arrest leaves former Gen. Ratko Mladic, the Bosnian Serb military commander, as the top-ranking war crimes suspect still at large.",a terror plot against the military was also known as they believed to be a very national break and also going to a military justice.,-0.0067803566344082355,0.0027249285485595465,-0.01951143518090248,2.042946039568498
리차드 홀브루크 전 미국 외교관은 카라지치가 유고슬라비아가 붕괴되면서 보스니아 내전에서 30만명을 학살했다고 비난했다.,"Former U.S. diplomat Richard Holbrooke blamed Karadzic for the 300,000 deaths in Bosnia, the bloodiest of the Balkan wars that accompanied the breakup of Yugoslavia.","the high profile stem cell research has a million condemnation, but diplomats estimated that they had sought to spread their home in a rare, according to the u",-0.04017217457294464,-0.029437223449349403,-0.05422842130064964,1.8564670505078416
정신과의사 출신의 카라지치는 1992년 보스니아-헤르체고비나나 유고슬라비아로부터 분리 독립했을 당시 보스니아 세르비아 공화국의 대통령임을 스스로 선언했다.,"Karadzic, a onetime psychiatrist, declared himself president of a Bosnian Serb republic when Bosnia-Herzegovina","in a letter to the former soviet union rule and indian fish and free wifi s eyes and was disbanded during a s last year, was located in a spain from",-0.31160467863082886,-0.29301244020462036,-0.33427906036376953,1.5266081935888858
세르비아를 통제했던 유고슬라비아군과 준군사적 조직의 지원을 받은 보스니아 세르비아 인들이 대부분의 지역을 장악하고 수도인 사라예보를 포위 공격했다.,"The Bosnian Serbs, backed by the Serb-dominated Yugoslav military and paramilitary forces, quickly seized control of most of the country and laid siege to Sarajevo, the capital.","serbian, serbia, who was, told cnn affiliate with the serbian international, which helped support the tie with the ruling, which many reinforcements support",-0.1406629979610443,-0.17358358204364777,-0.11105070263147354,1.877597418283655
뒤이은 분쟁에서 세르비아 군은 그들이 장악한 지역에 일명 ‘인종 청소’에 착수했다. 군은 이 지역의 이슬람 교도들과 크로아티아인들을 강제 이주시키고 학살을 자행했다.,"During the conflict that followed, the Serb forces launched what they called the ""ethnic cleansing"" of the territories under their control the forced displacement and killings of Muslims and Croats in territories under their control.","the crowd, which began in the s, said the troops were killed and that they were in the area, prompting an muslim muslim muslim to to be deploy",-0.02105163224041462,-0.050210073590278625,0.005092215724289417,1.604833177256654
지난해 브리티시 컬럼비아 해안에서 발견된 5개의 잘린 발 중 1개는 1년 전 실종된 우울증을 앓았던 남성의 것으로 확인됐다고 경찰이 19일(현지시간) 밝혔다.,"VANCOUVER, British Columbia (CNN) One of five feet that have mysteriously washed up on the shores of British Columbia over the past year has been linked to a depressed man who disappeared a year ago, police said Saturday.","a police found dead, a police officer who reportedly confirmed the report said he had founded the same over the life to check the animals.",-0.03058241307735443,0.05778596177697182,-0.11910641938447952,2.3501408472608243
피에르 레매트레 경사는 유전자 검사 결과 잘린 발의 신원이 실종된 남성의 것임을 확인했다고 말했다.,Sgt. Pierre Lemaitre said DNA testing helped identify the man.,"meanwhile, the genetic confirmed is that percent of many men who are having difficult for the male of the men.",0.02299967221915722,-0.02209622412919998,0.06568944454193115,2.0540268312306345
그는 실종된 남성의 가족의 요구로 그의 이름을 밝히지 않았다.,"The man's name was not made public at the family's request, he said.","he did not comment his name as a male namedy do, named kim did not comment his name.",0.11221085488796234,0.023165253922343254,0.20150969922542572,2.8629993657668877
지난해 8월 밴쿠버에서 남서쪽으로 64km 떨어진 조지아 해협의 섬에서 잘린 팔 2개가 발견된 이후 이번 에 처음 발의 주인이 밝혀졌다.,"The foot is the first to be identified by investigators, who have been working on the bizarre case since August, when two feet were found days apart about 40 miles southwest of Vancouver on islands in the Strait of Georgia.",the first days after the show was found in the last few days after he was found in the first half hour of the island since august.,0.07208070904016495,0.07073529809713364,0.0704060047864914,2.7795113766937063
여디디야섬 해변에서 부랑자가 처음으로 잘린 발을 발견한지 며칠 후 사이즈 12의 리복 운동화가 신겨진 오른 발이 가브리오라 섬에서 또 다시 나왔다.,"The first foot was discovered by beachcombers on Jedidiah Island. Days later, a right foot was found inside a man's size-12 Reebok sneaker on Gabriola Island.","the first time in a weekly televised by the time, the first time was a surprise brian, who was first in the first time, the first known took place in",-0.12224312871694565,-0.0909329503774643,-0.15675188601016998,1.8268075583639505
2주전 경찰은 2월 8일 발데즈 섬에서 발견된 발과 2월 16일 이곳에서 약 40km 떨어진 웨스트햄 섬에서 발견된 발이 동일한 남성의 것이라고 밝혔다.,"Two weeks ago, police said that a foot found on Valdez Island on February 8 and another foot found June 16 on Westham Island, more than 25 miles away and across a strait, belong to the same man.","a tony called on islands of island s between the capital, about miles west of july, west of the island, said tuesday morning",-0.07577231526374817,-0.09434981644153595,-0.060580603778362274,1.3129743804308884
경찰은 5월 22일 커크랜드섬 프래저강에서 발견된 뉴발랜스 운동화에 신겨진 발은 여성의 것이라고 말했다.,"Another foot was found May 22 on Kirkland Island in the Fraser River. It was laced inside a New Balance running shoe and is the only one belonging to a woman, authorities said.","police on tuesday found abandoned a newborn road on a high road in north carolina on tuesday, saying it was likely on a las vegas, say",0.03125801309943199,-0.03619489073753357,0.09734777361154556,1.6322496749305997
지난 달 6번째로 발견된 신발에 신긴 동물의 발은 짓&#44419;,"A sixth discovery last month turned out to be a hoax, an animal paw stuffed inside a shoe.","c c c c db appears to be found in the past three hours, which is nearly a third of the animals to reveal a preliminary animal of near",-0.0009941508760675788,-0.10129567980766296,0.10015210509300232,3.2677968802443296
"Beverly Hills, 90210, 이하 베버리힐스)’로 돌아온다.","LOS ANGELES, California (CNN) Brenda Walsh is all grown-up and returning to Beverly Hills, 90210, this fall.",it s a great choice.,0.07478310912847519,0.28810203075408936,-0.12455448508262634,0.4773955310936995
그러나 제작사 CW의 새 속편 ‘베버리힐스’의 출연진 사이 에서 섀넌 도허티가 브랜다 월시역으로 다시 등장하면서 똑 같은 모습의 성숙한 이미지로 나오는 것에 불안감을 드러냈다.,"But cast members of the new CW spin-off, ""90210,"" are speculating whether Shannen Doherty will be equally mature when she reprises her role as Walsh.","but the star sound of the new orleans, trevon and co stars in new jersey, has been cod and in content.",-0.05047355592250824,-0.021881144493818283,-0.08211109787225723,5.42399060736118
'90210'의 스타인 애너린 맥코드는 1990년부터 2000년에 방영된 원작에서 도허티와 켈리 테일러역의 제니 가스의 충돌적 관계에 대해 “내용의 일부는 알고 있다”고 밝혔다.,"""I have heard some of the stories,"" ""90210"" star AnnaLynne McCord said of the sometimes-volatile relationship between Doherty and co-star Jennie Garth on the original series, which aired from 1990-2000.","the episode, i do in the s, and that s all sort of wild attention within a year, in a separate development, according to the city s biggest",-0.1446417272090912,-0.11484497040510178,-0.1777472048997879,1.5160721412714286
가스는‘90210’에서 교내 상담원으로 일하는 켈리 테일러로 다시 출연한다.,"Garth is returning to her role as Kelly Taylor, now a school guidance counselor, on ""90210.","gaso is getting back against the u. s., is expected to become the operating system of work on the back of the run, with the city s",-0.04868726059794426,-0.05941745266318321,-0.041337642818689346,1.877081263233555
CW는 19일(현지시간) 텔레비전 평론가협회 회의에서 ‘베버리힐스’에 관해 “도허티 역의 브랜다 월쉬가 웨스트 베버리힐스 고등학교에서 뮤지컬 연출을 위해 돌아오게 된다”고 밝혔다.,"In the new series, Doherty's Walsh is now a famous theater director invited back to West Beverly Hills High School to stage a musical, CW announced Saturday at a Television Critics Association meeting in, of course, Beverly Hills.","he said the group was made in february, a daytime adviser, told reporters on the new york stock exchange actresses in january and gets on",-0.15577514469623566,-0.17497806251049042,-0.14020925760269165,2.019684498740519
CW는 도허티가 초대손님의 역할로 여러 에피소드에 출연하게 된다고 설명했다.,"Her guest role plays out over multiple episodes, the network said.",he said he had to switch to land on the main draw of about. million for a wide man on a sound of.,0.08958835899829865,-0.04090505838394165,0.22409145534038544,1.982256626710344
맥코드는 촬영 중 다툼에 관한 질문에 “내가 촬영하는 동안 도허티와 제니는 거리낌없이 이야기를 주고 받았다”며 “문제가 될 것이 없었다”고 말했다.,"""If she and Jennie have it out while I'm there, OK, then, all right, so that's the story,"" McCord said of any possible discord during production.",we have received a bill that will make him out of the woods and the penalty for the year old army said. we have received a bill that would make the out,-0.07366111129522324,-0.13161586225032806,-0.01787581481039524,1.772280099711156
맥코드는 “우리는 동료고 같이 주인공으로 출연했으며 다른 출연자를 대하듯 도허티를 대할 것”이라고 말했다.,"""We're co-workers, we're going to be co-stars and I want to treat her (Doherty) with the respect that I would treat any other co-star,"" said McCord","we do expect it to be honored, but it makes a serious injury and other.",0.03437890484929085,0.14913952350616455,-0.07830855995416641,2.3799725124997133
맥코드는 FX에서 방영된 드라마 '닙/터크(nip/tuck)'에서 악연인 에덴을 연기한 바 있다.,", who played the evil Eden on FX's ""Nip/Tuck.","the video shows get a bad back to the associated press, which gets back on the bad, bad guy, which gets back on the bad, bad guy",-0.16122479736804962,-0.17592327296733856,-0.15023735165596008,1.5784309053930103
맨체스터 유나이티드는 호날두 영입을 추진하고 있는 레알 마드리드가 어떤 조건을 제시하든 호날두의 연봉 인상을 위한 재협상은 없을 것이라고 강조했다.,"Manchester United have told Cristiano Ronaldo there will be no new contract with a pay rise to match any offer from Real Madrid and that he must start displaying ""commitment and loyalty.","manchester united, the real trailing in the manchester united s real madrid, was really to raise rate over to growing aside their mercion over their season",-0.14257608354091644,-0.13799749314785004,-0.1508556604385376,1.0777874324703278
스페인 진출에 대한 욕구를 숨기지 않고 있는 호날두는 맨유에 모든 장래를 걸고 싶은 마음이 없다고 다시한번 말했다.,"But Ronaldo has again refused to commit his future to United, having spent the summer making no secret of his desire to move to Spain.","i want to say that it isn t really sure that they should have been nurse, says it doesn t think it does not have any options to the future",-0.08182798326015472,-0.15490421652793884,-0.01012005377560854,1.7934437633383675
이와 관련 데이비드 길 맨유 단장은 호날두의 레알 마드리드 이적설은 더 높은 연봉을 받기 위한 심리전일 수도 있다고 주장했다.,United chief executive David Gill believes that could have been a tactic to command a higher salary at Old Trafford.,he has said they re technically capable for their spending attention to their space and making it is possible for making their case.,-0.002552301622927189,-0.0774126648902893,0.07127970457077026,1.8709718017288024
레알 마드리드의 계속된 호날두 구애에 분노한 맨유의 알렉스 퍼거슨 감독은 호날두가 유로 2008에 출전하고 있을 무렵 국제축구연맹(FIFA)에 레알을 제소했으나 큰 소득은 없었다.,Such was United's anger at Madrid's pursuit of Ronaldo that manager Sir Alex Ferguson made an unsuccessful complaint to FIFA while his Portuguese winger was at the Euro 2008 finals.,"the coach, mar manager alex ferguson said. the coach have been taken place in the top world after the world s top score championships in cox s cox",-0.07092127948999405,-0.16681990027427673,0.02527501992881298,1.5803328778385928
맨유의 남아프리카 투어 출발을 앞두고 퍼거슨은 맨유가 챔피언스리그를 제패한 지난 5월 이후 처음으로 호날두를 만나기 위해 지난주 포르투갈로 향했다.,"Before taking United on a tour of South Africa, Ferguson flew to Portugal last week to meet with Ronaldo for the first time since the aftermath of May's Champions League triumph.","after the day, tommy, singing, toyota, to return to the champions league clubs since january after the last june, i resisted",-0.04083329439163208,-0.07607478648424149,-0.008516267873346806,1.7951096041601091
퍼거슨은 이후 호날두가 맨유가 남을 것이라는 자신감을 보였지만 호날두는 캘리포니아에서 휴가를 보내는 와중에도 이적 가능성을 내비쳤다.,"It prompted the Scot to state his confidence that Ronaldo would stay, but the player continued to fuel talk of a transfer while vacationing in California.","it is a very happy, but i think the move could go into a woodening test, but also doesn t take a clear to her, she said",0.01776086911559105,-0.04215060919523239,0.07587599754333496,3.1221929756173616
호날두는 “미래에 대해서는 나 자신도 모른다”며 “오직 하느님만이 알 수 있다.,"""I don't know about the future, only God knows it.","this is a nice, and i got always been very well.",0.09899235516786575,0.05527858808636665,0.1404908299446106,3.673526562988939
더 이상 할 말이 없다”고 밝혔다.,I can't say any more.,"we have no more than ever, said lag said.",0.20575745403766632,0.1520041823387146,0.2580143213272095,4.456882760699064
승무원 6명을 태운 미 공군 B-52 폭격기가 21일(현지시간) 괌 인근 해상에서 추락했다고 공군 대변인이 밝혔다.,"(CNN) A U.S. Air Force B-52 with six crew members on board crashed off the island of Guam on Monday, an Air Force spokesman said.","crew members also said that aircraft, a pilot in the nearby town of melbourne, a pilot in washington, a spokesman for the u. s.",-0.00020942505216225982,-0.022348448634147644,0.01884431205689907,3.379775316892473
조엘 스타크 안데르센 공군기지 대변인은 미 해안 경비대와 미 해군이 폭격기가 추락한 지점인 태평양 괌에서 북서쪽으로 약 48km 떨어진 곳에서 구조 및 수색작업을 하고 있다고 전했다.,"Rescuers with the U.S. Coast Guard and U.S. Navy were searching a point in the Pacific Ocean about 30 miles northwest of Guam, a U.S. territory, where the plane is believed to have crashed, said Capt. Joel Stark, spokesman for Andersen Air Force Base.",the plane said it had been ordered to stop at least a coalition aircraft.,0.06399259716272354,0.15957334637641907,-0.030993329361081123,0.3681280092966241
그는 생존자에 관한 정보를 밝히지 않았다.,He had no information on whether anyone survived.,"no specific was injured, he did not say they collect information from the survivors.",0.3586448132991791,0.3057728707790375,0.41045963764190674,3.21858262703621
"스타크 대변인은 사고 폭격기, B-52H 스트라토포트레스(Stratofortress)는 루이지애나 바크스데일 공군기지 소속이며 4개월 순환 근무 중 괌에 있었다고 밝혔다.","The B-52H Stratofortress was based at Barksdale Air Force Base in Louisiana, and was in Guam as part of a four-month rotation, Stark said.","the agency said the incident had a maximum of five months in the central airspace, as they had to launch the air, according to a letter from the",0.013653595000505447,0.10485687106847763,-0.07739488780498505,2.019385597421733
이번 사고는 이날 오전 9시 45분에 발생했다.,It went down about 9:45 a.m. local time (7: 45 p.m. ET Sunday).,"the incident occurred at a. m. at gmt, about minutes.",0.184103325009346,0.31295785307884216,0.05890713259577751,8.967738108649238
안데르센 공군기지 소속 B-52 폭격기 1대가 1944년 괌이 일본에서 독립해 미국령이 된 날을 기념하는 에어쇼 행사에 참여할 예정이었다.,"A B-52 from Andersen Air Force Base was scheduled to fly over crowds celebrating Liberation Day, which commemorates the U.S. capture of Guam from Japan in 1944, Stark said.",it said the japanese would have killed at least four days in japan.,-0.018962325528264046,-0.006516057066619396,-0.034643057733774185,0.8961216124939043
그러나 사고 비행기가 이번 에어쇼에 참석할 예정이었는지는 밝혀지지 않았다.,But it was unclear whether the plane that crashed was the one that had been scheduled to perform the flyover.,"the aircraft, the air show aired, will be discussed.",0.21072573959827423,0.26572954654693604,0.15436318516731262,2.1052823456422733
미 민주당 대선주자인 버락 오바마 상원의원이 이라크에 도착했다고 21일(현지시간) 이라크 주재 미국 대사관이 밝혔다.,"BAGHDAD, Iraq (CNN) Presumptive U.S. Democratic presidential candidate Barack Obama arrived in Iraq on Monday for talks with Iraqi officials and American military commanders in a 5-year-old war he has pledged to end, a U.S. Embassy spokesman said.","cnn the democratic presidential nominee went off iraq from iraq, saying iraq has also been used by u. s. embassy in iraq, saying the u",-0.04727814719080925,-0.051776476204395294,-0.04618579149246216,0.980147534451126
지난 2006년 이후 이라크를 처음 방문한 오바마는 19일 아프가니스탄에 도착했다. 오바마는 민주당 대선후보로 확정된 이후 중동지역과 유럽으로 이어지는 첫 순방길에 올랐다.,"The trip to Iraq is Obama's second after a visit in 2006 and follows a Saturday stop in Afghanistan, part of a closely watched overseas trip for the Illinois senator that will include other stops in the Middle East in Europe.","since the war began, since the first major democratic party denied sen. barack obama has, to, in their first two since their war strategy in",-0.14653325080871582,-0.16518062353134155,-0.13150057196617126,1.291507183500174
오바마는 자신이 미국의 대통령으로 당선된다면 이라크전을 종식시키고 아프간에 더 많은 병력을 파견할 것이라고 강조했다.,"Obama has said that if elected, he would order the military to end the war in Iraq and commit more troops to Afghanistan.","obama said he has pledged to work in force that america, he said.",0.18892328441143036,0.19601480662822723,0.17922046780586243,3.816228513667477
오바마의 이번 순방에는 상원 군사위원회 소속인 민주당의 잭 리드 상원의원(로드아일랜드)과 이라크전에 반대하는 상원 외교위원회 소속의 척 헤이젤 상원의원(네브레스카)이 동행했다.,"Accompanying Obama is Sen. Jack Reed of Rhode Island, a leading Democrat on the Senate Armed Services Committee, and Sen. Chuck Hagel of Nebraska, a Republican member of the Foreign Relations Committee and an outspoken critic of the Iraq war.","the obama requires his support to senate, obama and senate republicans have worked out.",-0.05149737000465393,0.05875523388385773,-0.16025128960609436,0.5303922789883562
"아맨드 쿠치니엘로 이라크 미국 대사관 대변인은 “상원의원들은 이라크 관리, 다국적군 지휘관, 미국 대사관 관계자를 만나며 바쁜 시간을 보냈다”고 설명했다.","""The senators have a busy day ahead of them, as they meet with senior Iraqi officials, coalition leadership and officials from the U.S. Embassy,"" Embassy spokesman Armand Cucciniello said.","a u. s. embassy statement said a man calling the united states broke out, a u. s. embassy in iraq said the united states is",-0.033190514892339706,0.023085307329893112,-0.09148373454809189,1.5467046551507315
쿠치니엘로는 또 상원의원들이 미군 장병과 이라크에 근무하는 민간인들도 만날 예정이라고 덧붙였다.,"They also plan to meet with troops from their home states and U.S. civilians working in Iraq, Cucciniello said.","a senior sen. senate majority are among the tops, he said.",0.10446389764547348,0.1763124018907547,0.03178107365965843,3.3065175113167253
"오바마의 방문을 앞두고 해외 언론은 누리 알 말리키 이라크 총리를 인용, 이라크에서 16개월 내 철수하겠다는 오바마의 제안을 환영한다고 밝혔다.",16 months.,"with the two day visit today, obama said, along with the iraqi government, al maliki,, told cnn, along with his aides in",-0.09823588281869888,-0.40125077962875366,0.24404610693454742,0.0
독일인 3명이 쿠르드반군에 의해 피랍된지 1주일 반 만인 20일(현지시간) 석방됐다.,Three Germans kidnapped by Kurdish rebels in Turkey were released Sunday after more than a week in captivity.,"cnn a german man, who has been arrested on thursday, was arrested tuesday.",0.1843085139989853,0.1717260479927063,0.19428522884845734,2.411080066985404
독일 외무부에 의하면 이들은 터키 수도 앙카라의 독일 대사관에서 휴식을 취하고 있다.,"The men are recovering at the German Embassy in the Turkish capital, Ankara, according to Germany's foreign minister.","germany, the ministry of germany and the, in a northwest were in germany in a macaque, a german capital in germany, where the german capital is",-0.17476749420166016,-0.36115261912345886,0.023280015215277672,1.943043650185126
프랑크 발터 슈타인마이어 독일 외무장관은 20일 독일 수도 베를린에서 열린 기자회견에서 “인질들은 열악한 상황을 잘 극복했다”며 “정부는 자유의 몸이 된 독일인 및 그들의 가족과 기쁨을 함께 나누고 싶다”고 말했다.,"""According to the circumstances they are doing well,"" German Foreign Minister Frank-Walter Steinmeier said Sunday in Berlin. ""And of course we share the happiness with the freed men and with their relatives.","at a press conference, the meeting with the german leaders, told the meeting in germany, the government said.",0.00951842125505209,0.004407358821481466,0.011410440318286419,2.3607123642881263
이런 가운데 인질 석방의 계기는 밝혀지지 않았다.,It is unclear what prompted the rebels to release the hostages.,"the hostage was not the day, they did not know the motive",0.285343199968338,0.19229619204998016,0.37940898537635803,3.673526562988939
쿠르드반군이 독일 정부가 자신들에 대한 적대적인 대립구도를 중단할 때까지 인질을 계속 잡고 있을 것이라고 말했다.,"They had said they would hold them until the German government stops ""its enemy-like politics"" against them.","the german government said the rebels will fight the hostages, said rebel governments of german hostages.",0.2212725728750229,0.22903798520565033,0.21100471913814545,2.717890119636005
메흐메트 세틴 터키 아리주 주지사는 석방된 독일인들은 건강 검진을 마치는 데로 독일로 귀환할 것이라고 밝혔다.,"Mehmet Cetin, the governor of the city of Agri in Turkey, said that after officials check the health of the released hostages, they will be returned to Germany.","deputy governor of the state, arkansas, governor, deputy gov. don ts of their political rights to their citizens, but they",0.0020960161928087473,0.020475346595048904,-0.01936817727982998,5.725614489613608
"쿠르드계 피라트 통신은 쿠르드노동자당(PKK)이 헬무트 요한, 마틴 지오피, 라스 홀퍼 레이미 등 독일인 3명을 지난 9일 납치한 사실을 확인했다고 보도했다.","The Kurdistan Workers' Party, known as the PKK, confirmed taking the three Germans Helmut Johann, Martin Georpe and Lars Holper Reime from Mount Agri on July 9, according to the Firat News Agency, a pro-Kurdish Web site.","the agency said the group had nine commuted germany at a germanna crossed by the german federation of germany and germany, as well as germany, marve",-0.28164172172546387,-0.26981958746910095,-0.2975515127182007,1.3143497808184694
"피라트 통신은 쿠르드노동자당 관계자를 인용,“우리는 독일인의 적도 아니고 인질을 학대하지도 않았다”며 “그러나 독일 정부가 쿠르드족 또는 PKK에 대한 적대적 대립구조를 개선하지 않을 경우 독일 시민들을 풀어줄 의사가 없다""고 말했다.","""We are not the enemies of the German people, and we have not mistreated any of the hostages,"" the PKK said, according to Firat. ""Unless the German government announces it has stopped its enemy-like politics towards PKK and the Kurds, we will not release the German citizens.","he said no germany was not such a confirmation that germany, not the german government and the, of germany, were noting favorable to the german government",-0.08573783934116364,-0.08696671575307846,-0.08804269880056381,1.9259917237879205
한편 슈타인마이어 외무장관은 독일 정부가 공갈 협박에 넘어가지 않을 것이라며 PKK와의 협상을 거부한 바 있다.,"Soon after, Steinmeier issued a statement saying the government refuses to be ""blackmailed.",foreign minister ban ki moon said that the government would not be sent to be made by a tougher for the failure to be a failed to deal with the united states.,0.09133545309305191,-0.01738782599568367,0.20187297463417053,3.5154918713109624
교황 베네딕토 16세는 19일(현지시간) 공개 성명에서 일부 로마 가톨릭 사제의 성적 학대를 강력히 반대하며 피해자들에게 사과의 말을 전하고 이 같은 학대를 “악행”이라고 밝혔다.,"(CNN) Pope Benedict XVI on Saturday offered his strongest public statement yet on sex abuse against minors by Roman Catholic priests, apologizing to victims and calling the abuse ""evil.","rome, italy cnn an year old man accused of holding a catholic church s priest and urged opponents to those who opposed their sexual violence and that those who",-0.14558042585849762,-0.18385998904705048,-0.11047059297561646,1.42994432082081
교황은 호주 시드니에서 가진 미사에서 이 같은 유감의 뜻을 전했으며 4월 미국 방문 당시 로마 교회의 성폭행 추문으로 인한 고통을 인식해 성폭행 피해자와의 개별 면담에서 했던 발언보다 더 수위를 높였다.,"The apology came during a mass in Sydney, Australia, and expands on comments the pope made during an April visit to the United States, during which he publicly acknowledged the pain the church's sex abuse scandal has caused and met privately with abuse victims.","the pope spent, in the first visit to the united states in the final stage of the september, said in a statement that the meeting in september were in the way",0.007347534876316786,0.0009717485518194735,0.010501368902623653,4.06375658909116
그는 19일 호주 시드니의 성 마리아 주교좌 성당에서 열린 미사에서 “아픔과 고통을 견디고 있는 피해자들에게 진심으로 심심한 유감의 뜻은 전한다”며 “피해자들의 사제로서 나 역시 이들의 고통을 함께 나누고 있다는 것을 확실히 밝힌다”고 말했다.,"""Indeed, I am deeply sorry for the pain and suffering the victims have endured and I assure them as their pastor that I too share in their suffering,"" he said Saturday at Sydney's St. Mary's Cathedral.","later, he said tuesday he wasn t at a major gold at atochton s national league for high school in.",-0.09435216337442398,-0.15214285254478455,-0.038802146911621094,1.9036296250544245
교황은 호주에서 열리는 ‘세계 청년의 날(World Youth Day)’에 참석한 일정 중 3번째 날에 이 같이 사과의사를 전했다.,"The comments came on the pope's third day of public appearances in Australia, where he is attending World Youth Day.","he was in a meeting of the world s fourth day in a world tour in a career that has been made in the world s fourth day, he said.",0.07012913376092911,-0.004032031167298555,0.14342886209487915,1.886782264636293
영어 더빙으로 진행된 ‘천주교 우드스탁 (Catholic Woodstock)’ 행사는 세계 최대 규모의 천주교 행사로 올해 더 많은 천주교도들이 참석했다.,"Dubbed ""the Catholic Woodstock,"" the event is believed to be the largest Christian gathering in the world and this year is believed to have attracted more","they are so much more likely to have more this event, which means the company is so much more like much more trouble in the world.",-0.00686440896242857,-0.012293485924601555,-0.004706656560301781,7.345167108784025
교황은 사제의 성적 학대와 관련된 보고에 관해 “우리 모두 수치심을 느낀다”며 “악행에 대한 책임은 법적 처벌을 받아야 한다”고 밝혔다.,"The pope said he wanted to ""acknowledge the shame which we have all felt"" over reports of sex abuse by clergy and said those responsible for the ""evils"" should be brought to justice.",we are all we all we all we all we all we all we all we all we all we all we all we all we all we all we all we all we all we all we all we,-0.4782685339450836,-0.6840674877166748,-0.2568654417991638,1.092534162077208
그는 미사에 참석한 신도들에게 사제들이 성적 학대를 중단하도록 협력해달라고 요청했다.,He asked those attending the mass to help their bishops to end the abuse.,jind to ask their differences at their asks to provide them with their sexual identity.,0.038855940103530884,-0.06649384647607803,0.1455879956483841,3.4585921141027365
그는 “이는 특히 젊은 세대를 위해 좀 더 안전하고 건전한 사회를 조성하는 데 시급한 최우선 문제”라고 말했다.,"""It is an urgent priority to create a safer, more wholesome environment, especially for young people,"" he said.",he also said that he is concerned that they should feel younger and they should have a better sense.,0.3473849296569824,0.3465392589569092,0.34610655903816223,2.344025626796108
교황은 지난 4월 사제의 아동 성적 학대로 인한 엄청난 고통을 받고 있다는 것을 인정한 바 있다.,"In April, the 81-year-old pontiff acknowledged ""the enormous pain"" caused by sexual abuse of children by the","the pope is being admitted because of december because of the sexually sensitive behavior, she said.",0.08450565487146378,0.10749264806509018,0.05877767130732536,2.432074937831609
"그는 당시 “피해를 입기 쉬운 사람들은 피해를 주는 사람들로부터 항상 보호를 받아야 한다는 것은 대단히 중요하다""고 밝혔다.","""It is vitally important that the vulnerable are always shielded from souls who would cause harm,"" he said then.","they should be light of light, said car people whose participating lights were protected by light, said car people in the city of s protective",-0.011673768982291222,-0.05750932916998863,0.03167283162474632,1.8264728862681343
베네딕토 16세는 또한 어린 시절 로마 천주교 사제로부터 성폭행을 당한 피해자 3명과도 만남을 가졌다.,Benedict also met with three people who said they were childhood victims of sexual abuse by Catholic clergy.,"pope benedict xvi, also a separate p, and also were still in the area, and, with a number of girls victims.",0.08528932183980942,0.08786983788013458,0.07973866909742355,2.260891444913834
미국 펜실베이니아주에 사는 한 여성이 자궁이 잘리고 그 안에 있던 태아가 사라진 18세 여학생 살해 용의자로 기소됐다고 20일(현지시간) 경찰이 밝혔다.,"PITTSBURGH, Pennsylvania (CNN) A Pennsylvania woman has been charged in the slaying of an 18-year-old woman who was found with her uterus cut open and her fetus removed, authorities said Sunday.","a woman who was abducted by the woman, said the woman was originally reported to have killed suspects at the beach, killing a year old girl, and a woman",0.08115237951278687,0.1901645064353943,-0.026175249367952347,4.711103882798001
"찰스 모팻 앨러게이니 카운트 경찰국장은 20일 지난주에 발생한 키아 존슨(18) 살해사건과 관련, 펜실베이니아주 윌킨스버그에 사는 안드레아 커리 데머스(38)를 살인, 유괴, 불법 감금 혐의로 기소했다고 말했다.","Andrea Curry-Demus, 38, of Wilkinsburg was charged Sunday with criminal homicide kidnapping and unlawful restraint in connection with last week's death of Kia Johnson, Allegheny County police Superintendent Charles Moffatt said.","wendy, vice president dick cheney said monday that his weekly destroyed a state of emergency, according to a michigan state department said.",-0.17576199769973755,-0.13720262050628662,-0.21746762096881866,2.539082251801092
경찰은 18일 데머스의 아파트에서 존슨의 시신을 발견했다. 커리는 이틀 전 갓난아기를 안고 병원에 데려와 거짓으로 자신의 아기라고 주장했다.,"Police found Johnson's body in Curry-Demus' apartment Friday, two days after Curry-Demus arrived at a hospital with a newborn and falsely claimed that the baby was hers, authorities said.","the year old found dead, a year old officer found dead on friday, a day after he found a two day remaining of two days before he was taken into",0.04249562695622444,0.014639902859926224,0.0675128921866417,3.469123589127316
경찰은 당시 커리의 아기가 존슨의 아기임을 확인하지 못했으며 존슨의 가족은 지난 주 경찰에 존슨이 실종됐다고 신고했다.,"Police have not confirmed whether the infant belonged to Johnson, whose family reported her missing last week.","john, the new book s family, johnson said he was not sure last year to police and take care of the last two days after the last fall of the virgini",0.01647995039820671,-0.0645277127623558,0.09691057354211807,1.7577459356554814
"칼 윌리엄 검시관은 ""장기가 제거된 존스의 시신이 부패됐고 살해된 지 이틀이 지났다”고 밝혔다.","Johnson's eviscerated body which police said they found after receiving calls about a foul odor coming from the apartment ""was in a state of moderate decomposition,"" and she had been dead about two days, Medical Examiner Karl Williams said.","a pair of the body was found in the afternoon, said the spiritual leader of corruption and the intelligence has broken.",0.029510213062167168,0.09116501361131668,-0.03372620418667793,1.2034373374379714
경찰은 존슨의 손과 다리는 송수관용 테이프로 묶였다고 전했다.,"The woman's hands and feet were bound by duct tape, police said.","johnson and a two separate video from a translation of a player, he said.",0.10861990600824356,0.08346813917160034,0.1310930848121643,5.816635421147515
윌리엄 검시관은 기자회견에서 현장에서 태반을 발견했다고 말했다.,"A placenta was found at the scene, Williams told reporters.","the two had recovered half of the taliban told the house, said speaking press conference.",0.20136305689811707,0.15116332471370697,0.24990838766098022,3.234245292096216
관계당국은 존슨의 치아 기록으로 신원을 확인했다고 밝혔다.,Authorities said they used dental records to confirm Johnson's identity.,johnson says he s checking to check the simpson s identity.,0.23535101115703583,0.13845418393611908,0.33342623710632324,7.495553473355842
윌리엄 검시관은 아파트에서 약물을 발견했으며 존슨이 진정제를 복용했는지 여부를 확인하기 위해 독극물 검사 결과를 기다리고 있다고 말했다.,"Drugs were found at the apartment, and authorities are awaiting toxicology results to determine whether she was sedated, Williams said.","while john dm, a former friend, where she was wearing a separate development at the school said.",0.01662404090166092,-0.005188436713069677,0.03540002554655075,6.134227598900012
"그는 ""용의자가 존슨이 살아 있을 때 아기를 꺼냈는지 확실하지 않다""고 덧붙였다.","It's unclear whether Johnson was alive when her infant was taken, he added.","i don t think i m not a lot of life, he said.",0.09739924222230911,0.011831843294203281,0.18292926251888275,5.816635421147515
캄보디아가 유엔 안전보장이사회에 논쟁이 되고 있는 고대 국경사원 유적지에서 태국군의 계속된 주둔에 관해 주의를 환기시켜달라는 요청 서한을 보냈다.,"PHNOM PENH, Cambodia (CNN) &#8212; Cambodia has sent a letter to the United Nations Security Council to call attention to its continuing standoff with Thailand over an ancient border temple on disputed land.","security council u. n. security council on security at the border, u. s. military officials said the security situation on their",-0.06444252282381058,0.142436683177948,-0.2583015561103821,1.2607632007882537
키에우 카나리드 캄보디아 공보장관은 유엔의 중재를 요청한 것은 아니라고 밝혔다.,"The country is not asking for U.N. intervention, said Information Minister Kheu Kanharith.","the museum said, u. s. secretary of state, was briefly not unattities.",0.035784490406513214,0.1148831769824028,-0.04390851408243179,3.3748077299231904
유엔주재 캄보디아 대사는 안보리와 유엔 총회에 보낸 서한에서 20일(현지시간)로 6일째를 맞은 이 위기 상황에 관심을 기울여 줄 것을 요청했다고 말했다.,"Rather, the letter that Cambodia's permanent mission in New York submitted to the chairmen of the Security Council and the General Assembly is meant to draw attention to a crisis that entered its sixth day Sunday.","u. n. ambassador, u. s. ambassador to the united nations security council on security, nato has called on the situation in a",0.07009381800889969,0.08097385615110397,0.056248895823955536,2.5558658375642063
캄보디아와 태국은 프레아 비헤아르 사원 지역에 병력을 계속 파견하면서도 이 지역의 긴장을 해소하기 위해 21일 회담을 갖기로 합의했다.,The two countries agreed to meet Monday to defuse tensions even as each side continued to amass more troops to the site of the Preah Vihear temple.,"the national league and thailand said it wasn t ready for the in areas after the meeting, but they were in the area, but it sends to reinforce the",0.014295290224254131,0.0027702085208147764,0.02265109308063984,1.5784309053930103
캄보디아와 태국은 앙코르 왕조 시대인 11세기에 지어진 프레아 비헤아르 사원 유적지에 대한 영유권을 주장하고 있다. 프레아 비헤아르 사원은 태국&#8226;,"Both Cambodia and Thailand lay claim to the 11th century temple, which sits atop a cliff on Cambodian soil but has its most accessible entrance on the Thai side.","the year old and a half century layno launched an anny into desertim in a rarely green area, said a. c., a",-0.10109049081802368,-0.1399042010307312,-0.06528797000646591,1.8653551946470703
태국은 캄보디아 정부가 캄보디아가 프랑스 식민시대 때 제작된 지도를 근거로 캄보디아 영토에 사원과 주변 지역을 포함시키려 한다고 주장했다.,Thailand further says that the dispute arose from the fact that the Cambodian government used a map drawn during the French occupation of Cambodia that places both the temple and the surrounding area in that country's territory.,"thailand s government has prompted a decade of independence for the country s first separate areas, including a regional group of terror and spain s national region, as well",-0.047754209488630295,-0.119321309030056,0.022451946511864662,1.430939483563035
"이달 초,유엔은 “이 사원이 뛰어난 가치를 가졌다”며 이 사원에 대한 세계문화유산 등재에 승인했다.","Earlier this month, the United Nations approved Cambodia's application to have the temple listed as a World Heritage Site places the U.N. says have outstanding universal value.","earlier this month, the united states is expected to address the world s most global issue of treatment, around the world.",0.10846769064664841,0.10412779450416565,0.10990887880325317,8.392671386418918
유엔의 결정으로 태국에서는 분쟁 지역인 국경 사원의 소유권 주장이 어려워 질 것을 우려하고 있다.,"The decision re-ignited tensions, with some in Thailand fearing it will make it difficult for their country to lay claim to disputed land around the temple.","in thailand, the nation is expected to report to the nation s capital, d. c., is expected to report to.",0.013472422957420349,-0.05469278246164322,0.08026111871004105,2.093497481025598
태국 야당은 유엔의 세계문화유산 등재를 처음부터 지지한 정부를 비난했다.,"Opposition parties in Thailand used the issue to attack the government, which initially backed the heritage listing.","thailand, thailand cnn the opposition has rejected criticism from criticizing the nation s unstableum for the government to support the government since the government.",0.16782857477664948,0.06485599279403687,0.27229878306388855,3.951744928978941
태국 법원의 판결은 노파돈 파티마 외무장관의 사임을 촉발했다.,"A Thai court overturned the pact, prompting the resignation of Thailand's foreign minister, Noppadon Pattama.","thailand, also arrested, had also called up court action to stay in court, a day after he was also disputed over the weekend.",0.014882245101034641,0.09017416089773178,-0.06129052862524986,2.075273865705644
파티마는 국경사원의 세계문화유산 등재를 지지한 바 있다.,He had endorsed the application.,"she has insisted the world s most wanted list of world and joining the world, most of the world.",0.16866132616996765,-0.021195579320192337,0.37083330750465393,2.159701133933343
고든 브라운 영국 총리는 20일(현지시간) 이스라엘이 요르단강 서안의 정착촌 건설을 중단해야 한다고 밝혔으며 팔레스타인의 경기회복을 위한 자금 지원을 약속했다.,BETHLEHEM (CNN) British Prime Minister Gordon Brown demanded Sunday that Israel cease settlement construction and promised more money to jump-start the battered Palestinian economy.,"british prime minister gordon brown said he believes they plan to meet with the uk s two state solutions, which will be followed by a group of said to",-0.07080191373825073,-0.044378168880939484,-0.10038520395755768,1.4763939041893883
총리 취임 후 처음으로 이스라엘과 팔레스타인을 방문한 브라운은 경제가 중동평화에 핵심적인 역할을 할 것이라며 이스라엘이 교역에 방해가 된 요르단강 서안의 여행 제한 조치를 완화해야 한다고 강조했다.,"In his first trip to Israel and the Palestinian territories as Britain's leader, Brown repeatedly stressed that economics are key to Mideast peace and said Israel should ease travel restrictions in the West Bank that have hindered commerce.",visiting israeli and visiting israeli prime minister ehud olmert and palestinian authority agrees on a visit to egypt and two days after israel declared a state of emergency,-0.0920386016368866,-0.19128623604774475,0.007733829319477081,1.14485457931631
브라운은 무엇보다 이스라엘의 정착촌 건설을 문제 삼았다.,But his strongest comments were reserved for the settlements:,brown was created by a group of israel and their territories.,0.12470714002847672,0.16202518343925476,0.08512800931930542,0.0
브라운은 “나는 유럽연합(EU)이 이 사항에 대해 확실한 입장을 취하고 있다고 생각한다”며 “우리는 이스라엘의 정착촌 건설 중단을 촉구한다”고 밝혔다.,"""I think the whole European Union is very clear on this matter: We want to see a freeze on settlements.","we are concerned that israel of these discussions have been doing, but we must have serious doubts that this should stop such a conflict through israel. we have to",0.1476774960756302,0.08408614248037338,0.21005071699619293,1.6961343903963388
브라운은 이날 요르단강 서안 베들레헴에서 열린 마무드 아바스 팔레스타인 자치정부 수반과의 공동 기자회견에서 “정착촌 확산은 평화 정착을 어렵게 만들며 상호간 신뢰를 손상시키고 팔레스타인의 고통을 심화시킨다”며 “이스라엘의 화해 제스처가 결국 빛이 바랠 수 있다”고 말했다.,"it makes the compromises Israel needs to make for peace more difficult,"" Brown said at a news conference with Palestinian President Mahmoud Abbas in the West Bank town of Bethlehem.","brown said the strikes were in peace talks for peace, and palestinians in peace talks between the two palestinians, and they are in peace.",0.047559261322021484,0.04668284207582474,0.04533614590764046,3.143171113160616
아바스는 이스라엘이 중동평화의 “원칙과 정신을 위배하는 행동을 하고 있다”며 동예루살렘과 요르단강 서안의 이스라엘 정착촌 건설에 대해 보다 강경한 비판적 입장을 취했다.,"Abbas went further in his criticism of Israel's construction in disputed east Jerusalem and the adjacent West Bank, telling Brown that Israel lacks commitment to the ""principles and spirit"" of Mideast peace efforts.","earlier, the hamas, which has a history of the west of west bank and the west of west banka, is being held in israel s home run,",-0.04027988761663437,-0.03715142980217934,-0.04678429290652275,2.7035553934387497
아바스는 동예루살렘은 팔레스타인의 수도가 될 곳이지만 이스라엘이 동예루살렘에 정착촌을 건설하며 이를 방해하고 있다고 비판했다.,He singled out stepped-up construction of homes for Jews in areas of Jerusalem the Palestinians claim for their capital.,"we have told israel is that we will have a serious strike to the east of gaza but, but it is a big matter. but is probably a serious way to strike them",0.04183097556233406,-0.01918203942477703,0.10117506980895996,1.389736936231864
"브라운은 이후 이스라엘을 방문, 에후드 올메르트 총리와 회담을 가졌다. 올메르트 총리는 이 자리에서 정착촌에 대한 견해가 팔레스타인 및 영국과 다르다는 점을 시인하면서 “팔레스타인과 합의한 내용에서 벗어나지 않도록 노력하겠다”고 밝혔다.","At a joint appearance after meeting Brown later in Jerusalem, Israeli Prime Minister Ehud Olmert acknowledged that Israel disagrees with the Palestinians and Britain over the issue of settlements but added, ""I am absolutely convinced, Mr. Prime Minister, that this should not stand in the way of an agreement between us and the Palestinians.","browne olmert said olmert would talk about the possibility that the two would be able to address the ongoing talks, but they would not",0.07091174274682999,0.12421861290931702,0.015761250630021095,0.5804569570159902
올메르트는 올해 말까지 팔레스타인과의 협상이 마무리 될 것이라며 “협정 체결이 얼마 남지 않았다”고 덧붙였다.,"Olmert repeated his contention that agreement is ""closer than ever"" and said he hoped for an accord by the end of the year.","the deal will be the world s top negotiations, and we would not have a new era, said olmert.",0.2086908221244812,0.19479790329933167,0.22006961703300476,2.153418706857618
베이징시가 8월 8일 개막하는 올림픽을 앞두고 대기오염 방지를 위해 20일부터 차량 홀짝제와 출근시차제를 전면 시행했다.,Beijing started its drastic traffic control plan Sunday in a last-minute push to clear the capital's pollution-choked skies in time for the August Olympics.,the beijing city car approached the lights and a car cleaned vehicles up and cleaned each other in the city of more than cleaned cars.,0.035175636410713196,0.020487019792199135,0.046792782843112946,2.16015243499944
이 제도가 시행된 첫 날인 20일(현지시간) 베이징이 하늘은 맑았으며 차량의 소통량도 원활했다.,"Skies were relatively clear Sunday, and traffic was light.","the, a day was made in a shallow grave, as well as the sed car, which was initially reported, said thursday, was in full",0.011883193626999855,-0.10191968828439713,0.1277914196252823,1.5301683686839005
그러나 베이징 올림픽 개막 이후가 가장 중요하다.,But the real test will come when the work week begins.,but beijing expects to see the olympics since the august games.,0.14012372493743896,0.038009271025657654,0.24359335005283356,4.456882760699064
베이징에는 또 예정보다 한 달 빠른 19일 지하철 노선 2개와 공항 철도 1개 등 총 3개 노선이 새롭게 개통됐다.,"Two new subway lines and an airport rail link should also bring relief. All three lines opened Saturday, a month behind schedule.","beijing, russia cnn an additional, and may,, told cnn friday that the plane took place with a sum of cutting route to clean up with a sum of bullet",-0.11291435360908508,-0.278531014919281,0.061007194221019745,1.5883027492953543
올림픽 체제로 전환한 베이징시의 이런 조치가 얼마만큼의 효과를 거둘지는 확신할 수 없다.,It is unclear how the effectiveness of the plan will be gauged.,"it s not clear how many times, however, could not be available for nearly.",0.21450069546699524,0.13473062217235565,0.294175922870636,3.0098043843528286
중국 정부는 배기가스 감소 목표량이나 공기의 질을 어떻게 측정할 것인지 밝히지 않았다.,The government has not made public a specific target for emissions levels or said how it will measure air quality.,"the government has not allowed or to increase the effects of its biggest threat, or.",0.1846299022436142,0.10365624725818634,0.265500545501709,7.644665980544015
조지타운의 대학의 아시아연구소 소장인 빅토르 차는 “중국인들은 올림픽 개막식 당일에 하늘이 뿌옇게 되는 것을 상상하기도 싫을 것”이라고 말했다.,"""Pea-soup air at the opening ceremony would be their worst nightmare,"" said Victor Cha, director of Asian Studies at Georgetown University.","chinese people attended the opening ceremony to see the opening ceremony to see the olympics in the opening ceremony to see the olympics, in which nothing to do",-0.07194297760725021,-0.1261529177427292,-0.020069612190127373,5.146852383843664
"대만 당국은 대만을 강타한 태풍‘갈매기’로 홍수가 발생, 19명이 사망했다고 밝혔다.",Taiwanese officials say flash floods triggered by tropical storm Kalmaegi have killed 19 people in Taiwan.,"floods hit floods, taiwanese island said.",0.10902322083711624,0.2237137109041214,-0.0034427992068231106,2.132081946882163
대만의 재난구조센터는 20일(현지시간) 태풍으로 6명이 추가로 실종됐다고 발표했다.,The disaster relief center lists another six people as missing in its Sunday report.,"a typhoon, two days of typhoons, were reported thursday, kansas, announced saturday, trapped in the eastern philippines sunday,",-0.020756034180521965,-0.04589292034506798,0.0012829583138227463,1.5732934811145336
"이번 태풍은 18일 대만 남부를 강타, 국지성 호우, 홍수, 산사태를 일으켰다.","The storm lashed southern Taiwan with torrential rains Friday, triggering flash floods and landslides.","winds of the damages of the island on saturday, killing taiwanese island, taiwan, to taiwan, as taiwan as taiwanese island, taiwanese island, xinhua",-0.1774490475654602,-0.2987675666809082,-0.05366281419992447,1.286713095960916
사망자 숫자도 처음 13명에서 19명으로 증가했다.,The death toll was raised from 13 to 19.,"two of the dead were deaths, two of the deadly attacking the city of.",0.1298329383134842,0.1098620593547821,0.14710688591003418,2.445593937240363
재난구조센터는 대만 남부 카오슝에서 가옥 2채가 산사태로 매몰되면서 7명이 숨졌다고 전했다.,"The center says mudslides buried two houses that killed seven people in Kaohsiung, southern Taiwan.","the two men were also killed in a hot white house, but they were deaths, still in the water flows, according to the associated press",0.07152730226516724,0.10745444893836975,0.03313371539115906,1.8884748972625875
대만은 7~9월 사이에 태풍의 직간접적인 영향을 받는다.,Typhoons and tropical storms often hit the island between July and September.,taiwan s wall street was in september.,-0.007895288988947868,0.013724400661885738,-0.03257589042186737,2.9559265264674432
‘갈매기’는 올해 대만에 피해를 안긴 첫번째 태풍이다.,"Kalmaegi, the Korean word for sea gull, was the first storm to hit Taiwan this year.","it is the first time in a year old coming into the first years to the first years of the season, the year olds just a year.",0.022396473214030266,0.029385576024651527,0.012256195768713951,4.632431878544845
미국 민주당 대선후보인 버락 오바마 상원의원은 20일(현지시간) 미국이 테러와의 전쟁에서 아프가니스탄에 집중해야 한다고 밝혔다.,"KABUL, Afghanistan (CNN) Sen. Barack Obama said Sunday that United States needs to focus on Afghanistan in its battle against terrorism.",sen. barack obama on tuesday expressed his concerns on a mission to afghanistan on the u. s. on friday that u. s. sen,0.11165003478527069,0.1666557639837265,0.05499423295259476,1.996819088094332
"오바마는 20일 CBS의 TV 방송인 ‘페이스 더 내이션(Face the Nation)’에서 “아프간 정부가 더 많이 노력해야 하지만 미국이 아프간의 불안하고 시급한 현지 상황을 인식해야 한다”며 “아프간이 미국의 테러와의 전쟁에서 미국이 집중 지원할 최전선이라고 생각한다""고 말했다.","But we have to understand that the situation is precarious and urgent here in Afghanistan. And I believe this has to be our central focus, the central front, on our battle against terrorism,"" Obama said Sunday on CBS' ""Face the Nation.","obama has reportedly been very happy to hear the news of the afghan government saturday, but afghan president hamid karzai condemns the two days of afghanistan, but the",-0.07432505488395691,-0.0812232494354248,-0.07091324776411057,1.1082623136257344
오바마는 아프간에 미군을 증파해야 한다고 밝혔다.,Obama said troop levels must increase in Afghanistan.,obama said he shouldn t do much should do.,0.17294658720493317,0.09696932882070541,0.24847155809402466,4.990049701936832
"그는 CBS에서 “현재 적어도 1년 동안,최소 2여단 혹은 3여단까지 추가 파병을 주장했다”며 “군사 활동을 좀 더 효과적으로 조정하기 위해 명령을 단일화하는 것이 매우 중요하다고 생각하지만 1개 여단만으론 부족할 것”이라고 말했다.","""For at least a year now, I have called for two additional brigades, perhaps three,"" he told CBS. ""I think it's very important that we unify command more effectively to coordinate our military activities. But military alone is not going to be enough.","the cbs worked out of their differences over whether they are now recommended, he said. the last thing now that he will stay at least four year",0.030188990756869316,0.02291550673544407,0.03431904688477516,1.6465929950214655
오바마는 20일 아프간의 하미드 카르자이 대통령을 만나 전쟁의 피해를 입은 아프간에 대한 복구 지원이 부족하다고 비판했다.,"Obama met Sunday with Afghan President Hamid Karzai, a leader the Democratic senator has criticized for not doing enough to rebuild the war-torn nation.","in a statement saturday, obama said he has always relieed on the war, accusing of war, but afghan defense secretary has said.",0.1402399092912674,0.14304231107234955,0.13464659452438354,2.16015243499944
오바마는 중동지역 순방 첫날 아프간 수도 카불에서 카르자이 대통령과 환담을 가졌다.,"The presumptive Democratic presidential nominee met with Karzai in Kabul, the capital city, during Obama's first visit to the Asian nation.",obama has been at the first of the first of the first days of the first round of talks with president bush and barack obama.,0.10148285329341888,0.08195056021213531,0.11821963638067245,2.16015243499944
카르자이 대통령측 대변인은 오바마의 이 같은 발언을 기분 좋게 받아들였다.,Karzai's spokesman characterized the senator's message as pleasant.,"the president s decision to strike a regularly criticized by obama spokesman, a spokesman for the president s residence, said obama, spokesman for the president s residence",0.010098665952682495,-0.12335970997810364,0.14775137603282928,1.4763939041893883
후마윤 하미드자다 대변인은 “오바마측이 아프간을 방문한 것을 기뻐했고 미국의 아프간에 대한 지원을 재확인했다”고 전했다.,"They reassured the support of U.S. people to Afghanistan,"" Humayoon Hamidzada said.","we re definitely concerned, i do not reflect the afghans on the afghan government said, we re noting to counter the afghan government said afghan administration could help the afghan",-0.07520336657762527,-0.11070893704891205,-0.04272530600428581,1.6404472625060698
"카르자이 대통령은 오바마를 포함, 의회 대표 파견단과 만나 아프간 정부의 목표 달성뿐만아니라 테러, 부정부패, 불법 마약 밀매에 대해서 도 논의했다.","Karzai met with the congressional delegation that includes Obama, and they discussed the achievements of the Afghan government as well as challenges such as terrorism, corruption and illegal drugs.","karzai said obama wouldn t work in the crime, including obama, a government official told cnn, in a case of justice, the government said.",0.07433317601680756,0.06431687623262405,0.08136438578367233,1.8872490515919345
러시아에는 신이 제사장을 만든다는 말이 있다.,"(CNN) According to a Russian proverb, God makes the priests.",russia s god will make the trip as paying for russian to the russian cabinet.,0.06866209954023361,0.015252242796123028,0.12013540416955948,3.21858262703621
광대는 악마가 만든다.,Jesters come from the devil.,the voice belonged to the motherlands.,0.4370901882648468,0.441053569316864,0.4313035309314728,7.809849842300641
누구든 크리스토퍼 놀란이 연출한 배트맨 비긴즈의 후속작 다크나이트를 본 사람이라면 감탄을 자아내는 히스 레저의 조커 연기를 보며 이 말에 동의할 것이다.,"You won't have any trouble believing that aphorism when you see Heath Ledger's mesmerizing performance as the Joker in ""The Dark Knight,"" Christopher Nolan's hotly anticipated and often brilliantly executed follow-up to ""Batman Begins.",", told the associated press by the tsunami out of a t shirt that produced by the exctante rock, a witness said.",-0.11345469206571579,-0.12116964906454086,-0.10934893786907196,1.1909422149337483
"빨간 립스틱 흉터와 검게 칠한 눈, 하얗게 분장한 얼굴에 괴상하고 오싹한 웃음의 조커는 마지막 웃음에만 관심이 있는 잔인한 광대다.","His face caked in cracked white greasepaint, his smile a grotesque red lipstick scar, kohl rimming his eyes, the Joker is a cruel kind of clown, the kind that is only interested in the last laugh.","and while the opposition, seats at the end of the world, with two female children under a longer bag head for the rest of the bag, and the",-0.1111065223813057,-0.03694448620080948,-0.18655705451965332,1.460907654658728
레저는 생동감 있는 연기로 위험과 미래를 예측할 수 없는 이 영화를 잘 표현하고 있다.,"Ledger dominates this movie as a living presence, a live wire, dangerous and unpredictable.",ledgers in the may have become a chance to take up to watch the future of your case.,0.043941471725702286,0.0053975023329257965,0.07992826402187347,2.4074859035470344
놀란은 만화나 이전에 만들어진 영화에서의 조커는 “캠프”라고 외치며 비열하게 웃는 모습을 보이지만 이번 영화에서는 그 같은 모습을 보이지는 않을 것이라고 말했다.,"Even more than Batman himself, the Joker would usually scream ""camp"" (and has in the TV series and other movies) but Nolan refuses to go there.","in, many young films, many of them young women, said they had received a perfect movie in the film.",0.03938532993197441,0.10081882029771805,-0.023611808195710182,2.6482027381270807
그가 제작한 고담시는 시멘트와 유리로 이뤄져 있어 현대 액션 스릴러에서 자주 볼 수 있는 진짜 도시와 별반 다를 것이 없었다.,"His Gotham is cement and glass, a ""real"" city not so different from what we might find in any contemporary action thriller. (Chicago doubles for Batman's metropolis.)","frank rubing, the producer and the company,, stepping down the station as a result, then they have a big enough to see the whole world",-0.09461349993944168,-0.09510896354913712,-0.09767957031726837,1.425225801221082
감독은 이전 영화를 제작했던 팀버튼과 조엘 슈마허와는 다르게 스튜디오에서 일하는 것을 선호했으며 컴퓨터 그래픽은 거의 사용하지 않으려 했다.,"Unlike Tim Burton or Joel Schumacher, who directed previous Batman films, Nolan favors location work over studio artifice, and he seems determined to keep the computer-generated imagery within the bounds of gravity.","for the joe, i believe they believe it is believed to be the pre path to play a friendly windle, and they believe they believe they believe they",-0.1817968338727951,-0.17517685890197754,-0.19223150610923767,2.67544580066832
이번 다크나이트에서의 조커는 배트맨의 그림자 혹은 사악한 쌍둥이와 같은 존재로 출연한다.,"In ""The Dark Knight"" (Nolan must have been tempted to add ""of the Soul"" to the title), the Joker might be his shadow or his evil twin.","the meat of the meat in the meat are still likely to play partly at the such a events, with the republicans probably often likely like",-0.11494256556034088,-0.15932537615299225,-0.07342716306447983,2.7162102185823565
그들은 어쩔 수 없이 서로를 필요로 하는 존재로 그려졌다.,"In some sick way, they need each other.","they also become unstened as unless, a perception that unless they do, they do not have.",0.12138459086418152,0.0691632404923439,0.17178305983543396,4.480836160121357
영화에서 조커는 제리 맥과이어 흉내를 내며 배트맨에게 “넌 날 완성시킨다”고 속삭인다.,"""You complete me,"" the Joker lisps to Batman, mimicking (mocking?) ""Jerry Maguire.""",barbertch and rogge have shot on the list of making all the time in the store.,-0.14679107069969177,-0.1458270102739334,-0.15148387849330902,2.026664146844668
"병원을 폭파하고 유람선에 폭탄을 설치하는 조커는 명백한 테러범, 도시의 자유와 평화를 지키기 위해 혼자 무슨 일이든 하는 배트맨은 흡사 국토 안전부와 같다.","The word is nowhere stated, but this Joker is unmistakably a terrorist he blows up hospitals, rigs bombs to commuter ferries, burns his own ill-gotten gains. That makes Batman a kind of one-man Department of Homeland Security.","the bombs are not going to stop the road, but the wounded, a city in the group statements, a city of musharraf said, a city",-0.16985006630420685,-0.24955542385578156,-0.09133375436067581,2.3940383992314143
놀란 감독은 홀로 고군분투하는 배트맨을 돕는 지방검사 역할로 하비 덴트(아론 에크하트)를 출연시켰다.,"However, the only legitimate alternative turns out to be a civic crusader, District Attorney Harvey Dent (Aaron Eckhart).","the coach based in preliminary is to be convicted of drug trafficking in the past, said michael frin, a coach of the town, which is a pr",-0.16608747839927673,-0.14233621954917908,-0.19335846602916718,3.2677968802443296
그가 어떻게 운명을 헤쳐 나갈 것이냐가 이번 영화의 결정적인 내용이 될 것이다.,That's the movie's ultimate ideological battleground.,"to make, he s a story, the movie will make the decision to make an decision.",0.15609228610992432,0.0025544215459376574,0.3165447413921356,2.4074859035470344
만약 덴트가 영화의 요구를 무시한 채 클래식한 분위기를 풍긴다면 에크하트의 등장은 영화의 반전을 실패하게 할 것이다.,"Unfortunately, if Dent gives the movie a classic character arc, Eckhart's disappointingly bland performance fails to nail the narcissism that must be the flip side to his zeal, making his ultimate about-face hard to accept.","if i m still going on a million euro. m. et, the auction million project said.",-0.01184399239718914,-0.0033959904685616493,-0.02354354038834572,1.107239304866274
긴장되는 음악이 흐르는 가운데 조커와 배트맨이 대면한다.,"Whenever the Joker and Batman are in the vicinity, the movie hums with finely tuned dread and anticipation.","tension is likely to be expected until after the elections, according to japan s civil war.",0.05030262470245361,-0.011407344602048397,0.11040480434894562,2.529281751838853
덴트는 음악이 끝난 후 등장해 결정적인 단서를 제시하고 문제를 해결한다.,"But the longer it goes on (and yes, it does go on too long), Dent triangulates the equation, ultimately pulling it out of whack.","we re trying to make sure that, we are seeing financial problems, and that is needed to be resolved.",0.0489521324634552,0.0855361595749855,0.009851577691733837,1.6980025774845957
"액션물의 인기가 첩보영화를 뛰어넘는 여름, 다크나이트는 두 가지 매력을 모두 즐길 수 있는 영화다.","In a summer when action overwhelms intelligence (and even good sense), here's a movie that works on many levels.","a. inch on the red s, rather than the other, which had been able to make their own.",0.026968860998749733,0.01845119521021843,0.03233818709850311,2.334118780652749
굉장한 트럭 스턴트 또한 선사한다.,It even features the single most awesome truck stunt I've ever seen.,"a long island, i think a couple of trucks abroad.",0.1727929711341858,0.17095451056957245,0.17193976044654846,3.1157290929555894
"지난 1월, 히스 레저가 사망하며 영화제작이 잠시 중단되기도 했었다.","And though Ledger's tragic death in January can't help but cast a morbid pall over the proceedings and that's saying something, given some of the film's plot points when he's on the screen the movie lights up.","december, a, died in january, when they died on july.",-0.019868891686201096,0.06773409247398376,-0.10765282809734344,0.7452562532319763
전세계 에서 각계의 전문가들이 17일(현지시간) 영국 옥스포드에 모여 4일간 글로벌 재앙 대처 방안에 대해 논의한다.,A group of experts from around the world will hold a first of its kind conference Thursday on global catastrophic risks.,"cnn a group of experts from the world bank to discuss all of the world s demands for a bailout plans to meet with a plan to be around, thanks to a back",0.14713221788406372,0.09191708266735077,0.20073150098323822,8.9682352483466
이들은 지구의 종말을 부를 수 있는 이런 재앙을 막기 위해 어떤 행동을 취해야 하는지 의견을 주고 받는다.,They will discuss what should be done to prevent these risks from becoming realities that could lead to the end of human life on Earth as we know it.,"they are told to this hour, to help the need to find anything to ensure that way.",-0.03132546693086624,-0.09295851737260818,0.02844792790710926,1.6967392551852396
이번 국제회의에서 참석자들은 핵무기 테러나 소행성이 지구와 충돌했을 때 어떻게 대처해야 하는지 아이디어를 내놓을 방침이다.,Speakers at the four-day event at Oxford University in Britain will talk about topics including nuclear terrorism and what to do if a large asteroid were to be on a collision course with our planet.,"the international presence of two international flights from the international atomic international presence of secretly, as they tried to develop two of its nuclear activities.",-0.06222042813897133,-0.12220648676156998,-0.004269099328666925,1.406316545765654
마지막 날 전문가들은 무한한 힘을 가진 로봇의 등장으로 호모사피엔스의 후예인 인간이 몰락할 가능성에 대해 초점을 맞출 예정이다.,"On the final day of the Global Catastrophic Risk Conference, experts will focus on what could be the unintended consequences of new technologies, such as superintelligent machines that, if ill-conceived, might cause the demise of Homo sapiens.","last year, the recording officials said they were surprised by the long time of the long running time a year old could turn only a few years.",0.03319510444998741,0.06820528954267502,-0.004427214153110981,2.2482520322022665
심포지엄을 주최하는 옥스포드 인류 미래 연구소의 운영자인 닉 보스트롬 박사는 “인간보다 영리한 존재가 나타나면 인류에 큰 위협이 될 것”이라며 “판단 착오가 인류의 종말을 가져올 수 있다”고 경고했다.,"than human beings would also be very powerful,"" said Dr. Nick Bostrom, director of Oxford's Future of Humanity Institute, host of the symposium. ""If we get something wrong, you could imagine the consequences would involve the extinction of the human species.","dr. m. et, the researchers dr. susany has been able to show another entertainment rate of an adult human body.",0.005420682951807976,0.05694227293133736,-0.048213690519332886,0.9012797071938524
보스트롬 박사는 철학자로서 하이테크과학기술을 제품에 접목해 인간의 잠재능력을 계발하는 ‘트랜스휴머니즘’의 리더다.,"Bostrom is a philosopher and a leading thinker of transhumanism, a movement that advocates not only the study of the potential threats and promises that future technologies could pose to human life but also the ways in which emergent technologies could be used to make the very act of living better.","but the greater is supposed to see their kids to the future, and that s the sort of more than, to have more than, to find ways to learn more",-0.0422515906393528,-0.02349494770169258,-0.06422856450080872,1.1633097042995355
이 운동은 미래에 나타날 수 있는 위협뿐만아니라 새로운 기술이 인간에게 어떤 이익을 가져주는지 연구한다.,"""We want to preserve the best of what it is to be human and maybe even amplify that,"" Bostrom said.","the biggest new quality of the study is increasingly newable for research, which is studying as the study of new users, to study the effects of the study",0.0164411012083292,-0.019489094614982605,0.04964945837855339,1.8564670505078416
보스트롬은 “인간에게 최고의 가치가 무엇이고 이를 확대할 수 있는 방안은 있는지 연구하고 있다”고 말했다.,"""We will begin to use science and technology not just to manage the world around us but to manage our own human biology as well,"" Bostrom said.","we have a lot of study out of things that are well given that, he said.",0.10105164349079132,0.15270070731639862,0.04757946357131004,2.4808597222531628
그는 “우리는 앞으로 과학과 기술을 세상의 운영뿐만아니라 인간의 생물학적 변화를 관리하는 데 사용할 것”이라며 “이런 변화는 인류가 지난 수만년 동안 겪어온 것보다 훨씬 빠른 속도로 진행될 수 밖에 없다”고 설명했다.,"""The changes will be faster and more profound than the very, very slow changes that would occur over tens of thousands of years as a result of natural selection and biological evolution.","their technology, we have to use that bringing their goals is only a product, but we will try to make a breakthrough low, but we re trying",-0.03672849014401436,-0.03413005918264389,-0.04269382357597351,1.4862002453169585
보스트롬은 이런 혁명적인 바이오테크놀로지 기술이 빛을 발할지에 대해서 “8년이 걸릴 수도 있고 200년이 걸릴 수도 있다”며 “미래를 예언하기는 쉽지 않다”고 덧붙였다.,"Bostrom declined to predict an exact time frame when this revolutionary biotechnological metamorphosis might occur. ""Maybe it will take eight years or 200 years,"" he said. ""It is very hard to predict.",it is a big new year s big new project to be a year in a row that could be seen in a house in new and position.,-0.0759524255990982,-0.09050562232732773,-0.0648348480463028,1.288961664701198
잠자리에 들기 전 오믈렛을 만들어 먹을 때 약간의 온도 차이가 음식의 맛을 결정한다는 사실을 알 필요가 있다.,"From making an omelet to getting some sleep, a little change in the mercury can make a big difference","there are somebody about the golf true, a little bit more than a.",-0.044024109840393066,-0.03860144689679146,-0.05282342806458473,7.964191616699295
와인의 적정 온도,Ideal temperature:,their third daughter.,0.171372190117836,0.24772265553474426,0.09462728351354599,0.0
당신이 가져다 준 와인을 마시고 시어머니가 얼굴을 찡그린다면 당신은 앞으로 몇 년간 괴로운 시간을 보낼 수도 있다.,The image of your mother-in-law making a face as she drinks your warm Merlot will haunt you for years to come.,"you have your body knowledge, you know, playing their own years as it approached.",0.03974837809801102,0.03050660714507103,0.045887600630521774,2.5483952489823305
온도계가 없다면 어떻게 해야 할까?,No thermometer? Try this...,no one does not do it ⁇,-0.0021525220945477486,-0.057923924177885056,0.05156664550304413,0.0
미국 캘리포니아 나파밸리 와인교육센터의 와인 전문가인 케빈 투마지언은 “화이트 와인의 경우 냉장고에서 꺼낸 후 20분 후 따라주면 된다”고 말했다.,"""Take whites out of the refrigerator up to 20 minutes before serving; put reds in about 20 minutes before serving,"" says Kevin Toomajian, a wine expert at Copia, a wine-education center in Napa, California.","in a second half hour, the u. s. n. k. said they would pick up their seconds after her new york times,",-0.0537339448928833,0.03925517573952675,-0.14660459756851196,1.3174176801802646
절화를 위해 화분에 물 채우기,Filling a vase for cut flowers,the ap s jason straziuso reports that ahead of the collapsed yen make it was a good impact of a longer into a longer route.,-0.045390140265226364,-0.1647808849811554,0.07654029130935669,1.444580998177086
적정한 물 온도:,Ideal temperature:,the measures also a big size of a smaller degree.,0.09619002044200897,0.07338664680719376,0.11623205989599228,0.0
‘꽃 A에서 Z까지’(Flowers A to Z)의 저자인 세실리아 히퍼넨은 따뜻한 물은 잎줄기에서 더 원활하게 흘러 꽃이 피는 데 도움을 준다고 설명했다.,"Why should you care? ""Warm water travels better up the stems, allowing the blooms to hydrate and develop properly,"" says Cecelia Heffernan, author of Flowers A to Z.","the voice voted to be the first time in a nearly rural areas, the couple said, but the fact that the two sides are caught in the s",-0.10685338824987411,-0.0686255395412445,-0.14802657067775726,1.5714654311164686
화분 속의 물은 목욕탕 물처럼 느껴져야 한다.,The water should feel like bathwater.,"a total of, people like going out, there are some things like that, there is little emotions.",0.08376295119524002,-0.015401170589029789,0.18389210104942322,2.159701133933343
집에서 페인트 칠하기,Painting the inside of a house,two homes in california homes,0.08733130246400833,-0.061799246817827225,0.24270302057266235,0.0
적정 온도:,Ideal temperature:,their parents are also likely to take place.,0.0527850016951561,0.004026017617434263,0.09936860203742981,0.0
25도,77 degrees.,"do you can do, they do not know",0.07599762827157974,-0.12259349226951599,0.28839290142059326,0.0
이 온도에서 유액은 2시간이면 다 마른다. 따라서 가구들은 떠 빨리 옮길 수 있다.,"At this temperature, most latex paints take only two hours to dry, which means you can move the furniture back into place sooner.","their hours in time to prevent the spread of about, ports that can t register your number.",0.009206226095557213,-0.026935864239931107,0.04260963574051857,2.192001446497306
만약에 당신이 탱크톱을 걸쳤을 때 편안함을 느끼면 적정 온도에 가까운 것이다.,"If you're comfortable standing around in a tank top, you're probably close enough.","if you look at,, to see the whole actually get away.",0.07813426107168198,0.04365616664290428,0.11004859954118729,3.1443446386286733
이보다 온도가 낮다고 생각해도 걱정할 필요는 없다.,"If it's not quite that warm, don't fret.","no one expects the toyota needs, he said.",0.16060146689414978,0.15805257856845856,0.16041895747184753,4.990049701936832
마르는 시간에 차이가 있을 뿐이니까.,The paint will just take a bit longer to dry.,here is just so having down with a. m.,0.07983190566301346,0.05581558123230934,0.10105586796998978,4.932351569489709
적정한 온도:,Ideal temperature:,their teens on their struggles on a big screen.,0.167371928691864,0.22132448852062225,0.11188796907663345,0.0
22~25도,72 to 78 degrees.,"do you can do, they do not know",-0.04396230727434158,-0.12847527861595154,0.040047965943813324,0.0
주의를 기울어야 하는 이유,Why should you care?,we should have been trying to drive out there ⁇,0.12210998684167862,-0.031012821942567825,0.28204458951950073,4.196114906296549
연구결과에따르면 실내온도가 22도 밑 으로 내려갈 경우 생산성이 떨어진다는 연구결과가 나왔다.,Studies show productivity drops when temperatures dip below 72 degrees.,"a big study, it is expected to show up, researchers caution, arizona, is a highly developed hybrid disease.",0.07178440690040588,0.02238665334880352,0.11909014731645584,1.958224832501124
(25도가 넘어갈 경우 졸음이 올 수 있기 때문이지만 대부분의 사무실은 이렇게 덥지는 않다),"(More than 78 degrees might make you sleepy, but experts say most offices with A/C don't get that hot.)",cnn a few times i don t think the time is going to get most of their hiest winning most very different but most of their most experience leaves are going,-0.17094840109348297,-0.20139957964420319,-0.14396511018276215,1.5784309053930103
자동 온도 조절장치가 사무실에 없다면?,Can't turn up the thermostat?,"creating a little bit, said bill r r dya ⁇",-0.1946152001619339,-0.3895505368709564,0.013524297624826431,0.0
랩으로 의자를 감싸 절연체의 역할을 하며 스스로 몸의 체온을 높이는 것도 하나의 방법이라고 코넬 대학 환경공학과의 앨렌 헤지 교수는 밝혔다.,"Put a wrap on your chair seat to act as an insulator and raise your body temperature, says Alan Hedge, a professor of ergonomics at Cornell University.","salvation is back in the back of a publicist, even if the group s top human rights group said even the environment is learning a very excited by the",-0.1259460300207138,-0.1637146919965744,-0.09129979461431503,1.7557381354086663
목욕하기,Taking a bath,we don t think that we re doing very very rare.,0.07446172833442688,-0.20655156672000885,0.3875531554222107,0.0
적정온도:,Ideal temperature:,"they re also feeling,",0.09904568642377853,-0.0035930287558585405,0.2029801309108734,0.0
"너무 뜨거운 물로 목욕을 할 경우 피부 보호막이 파손돼 오염물질, 세균, 박테리아에 취약할 수 있다.","Hot water can break down the skin's protective barrier, which guards against pollution, germs, and bacteria.","the lake center in southern california, there are fewer than people, pollution and other sky",0.030875537544488907,0.022273806855082512,0.03634234890341759,2.866554843554224
손가락을 물속에 넣어서 너무 뜨겁다고 느껴지면 몸 전체도 그런 반응을 보이는 것이다.,"If the water is too hot for your hand, it's too hot for the rest of you.","when you walk into your hands, you ll do it to be taken.",0.15860645473003387,0.12737193703651428,0.18745340406894684,2.8465719742659896
우리 몸은 뜨거운 물에 약 3분 동안만 적응할 수 있도록 만들어져 있다. 피부도 마찬가지다.,"Our bodies adjust to high temperatures in about three minutes, but they're still bad for the skin.","we can have a little bit of up to about,.",0.004580863751471043,-0.028666051104664803,0.034995365887880325,2.6725598912586856
낸시 펠로시 미 하원의장은 17일(현지시간) 조지 W 부시 미 대통령은 ‘총체적 실패자’라며 대통령에 대해 가장 신랄한 비판을 했다.,"House Speaker Nancy Pelosi called President Bush ""a total failure"" on Thursday, among the California Democrat's harshest assessments to date of the president.","house speaker nancy pelosi, house speaker nancy u. s. house president bush said wednesday president bush is expected to close as president.",0.02209416590631008,0.04289985075592995,-0.0016922173090279102,3.306174398400885
"펠로시 하원의장은 “그에게 신의 축복이 있기를, 그의 마음에 신의 축복이 있기를. 미국 대통령인 그는 미국인들로부터 경제, 전쟁, 에너지 분야에서 모두 신뢰를 잃어버린 총체적인 실패자”라고 강도 높게 비판했다.","God bless him, bless his heart, president of the United States a total failure, losing all credibility with the American people on the economy, on the war, on energy, you name the subject,"" Pelosi told CNN's Wolf Blitzer in an exclusive interview.","but he said that, he s a long tradition, he told voice of his nding standoff, he told voice of his country.",-0.0670711100101471,0.006197329144924879,-0.14156296849250793,0.9288028656648988
부시는 16일 미 백악관에서 의원들의 임기가 26일밖에 남겨두지 않은 상황에서 정부 법안을 제대로 처리하지 않고 있다고 지적했다.,"At the White House on Wednesday, Bush noted that there were only 26 legislative days left in the fiscal year and said Congress would need to pass a spending bill every other day to ""get their fundamental job done.","bush on friday insists the white house, the bush administration said tuesday there is nothing to do with the bush administration, bush said.",0.02979627437889576,0.07045265287160873,-0.013306403532624245,1.3129743804308884
부시는 “이것은 자긍심의 문제가 아니라 미 국민들이 더 많은 이익을 얻기 위함이다”고 말했다.,"""This is not a record to be proud of, and I think the American people deserve better,"" Bush said.","this is app problem, bush said.",0.15960484743118286,0.26684173941612244,0.05408409982919693,1.7775679729947689
이와 관련 펠로시는 대통령은 의회를 비난할 자격이 없다며 그는 아무 것도 아는 것이 없는 사람이라고 비판했다.,"In the interview, Pelosi said the president was in no position to criticize Congress and brushed aside the criticisms as ""something to talk about because he has no ideas.","in a statement, president bush does not wish to congress, but he called on congress, but he will never call parliament.",0.18439257144927979,0.20297127962112427,0.16331453621387482,1.7816193560636435
그러나 갤럽이 실시한 최근 조사에따르면 미 국민 중 의회를 신뢰한다고 대답한 비율은 30년 만에 최저치를 기록했다.,But Pelosi's comments come as a new Gallup poll registers the lowest level of congressional approval among Americans in the polling organization's 30-year history of conducting that survey.,"but the n still recently called the idea of a new record of. million, according to the korea times.",-0.021576782688498497,0.04057890176773071,-0.0854353979229927,3.138554654362139
여론조사 결과 응답자의 14%만이 미 의회를 신뢰한다고 대답했으며 70%는 부정적인 평가를 내렸다.,"That poll showed that its approval rating had reached an anemic 14 percent, while more than 70 percent of those polled said they disapproved of the job Congress is doing.","the poll of the poll said they believed the publicity, its director of public health officials said.",0.08679838478565216,0.11949853599071503,0.051587868481874466,3.5379201027758134
미국 애플사가 아이폰을 출시한지 1년 만에 새로운 기능과 디자인을 겸비한 3G(세대) 아이폰을 선보였다.,"Just over a year after Apple birthed the first iPhone, the long-awaited, next-generation iPhone 3G has arrived bearing a mildly tweaked design and a load of new features.","the u. s. subprime apple met online hanging cells and children, said the u. s. and nbc s meet the press,",-0.09733603149652481,-0.054606467485427856,-0.14282824099063873,1.872969931164165
"3G 무선 네트워크 접근성 강화, 마이크로소프트 익스체인지 서버 이메일, ‘앱 스토어(App Store)'에서 내려받을 수 있는 제3의 소트프웨어는 우리가 3G 아이폰에서 기대했던 것이다.","With access to a faster 3G wireless network, Microsoft Exchange server e-mail, and support for a staggering array of third-party software from the iPhone App Store, the new handset is the iPhone we've been waiting for.","the judge has been making sure that the two can t be able to use the land, according to the national archives, a tangle, told",-0.11081551760435104,-0.11572863906621933,-0.10951412469148636,1.506713360447854
예전 모델과 비교해 볼 때 3G 아이폰은 여전히 기본적인 기능이 떨어지지만 휴대폰 기준의 표준이 됐다고 평가할만 하다.,"It still lacks some basic features but when compared with what the original model was year ago, this device sets a new benchmark for the cell phone world.","while then, they re likely to say, it is still likely to have standards, but it is likely to be blocked.",0.05389498919248581,0.058484263718128204,0.046242740005254745,1.7439565728748498
3G 아이폰이 예전 모델에 개선된 것은 통화품질이다. 자체적으로 조사한 결과 3G 아이폰의 볼륨은 더 뚜렷하게 들렸지만 잡음 현상은 오히려 줄어들었다.,"With the iPhone 3G, Apple appears to have fixed some call-quality performance issues we had with the previous model in our initial tests, the volume is louder with less background buzz than before.","while the iphone is seen as more than ounces of growing more than, people anticipating the faster growing numbers more, while the growing number of",-0.06635241955518723,-0.11625006049871445,-0.018957503139972687,1.6174937028829914
이밖에 음악과 비디오 음향의 질은 별다른 변화가 없었다.,"Music and video quality were largely unchanged, but we didn't have many complaints in that department to begin with.","and, with, had been found throughout the day of the cricket, with no drug tests, but there was no differences without the disease,",0.093076191842556,0.06070651486515999,0.12287499755620956,3.176023542809473
3G 휴대폰의 베터리가 걱정됐다. 과거의 평론에 의하면 3G 휴대폰의 베터리 수명은 하루라고 돼 있었지만 정확한 실험이 필요하다.,We're worried about battery life some early reviews indicate that the iPhone 3G lasts only a day but we'll run full tests over the next couple of days and report our results on this page.,"the estimated, citing its own cell phone, the silbing has run out of the runoff, though, had never been sunk, but it s a",-0.098751500248909,-0.1436111330986023,-0.056691404432058334,1.5819393579102283
3G 휴대폰의 가격도 중요한 사항 중 하나다.,Price may well remain our largest concern.,that is still in the same kind of consumer prices.,0.2208600789308548,0.18438813090324402,0.25528040528297424,3.747776736677921
"AT&T의 기존 및 신규 고객들은 3G 아이폰 8GB 모델의 경우 199달러, 그리고 16GB 모델은 299달러에 구입할 수 있다.",New AT&T customers and most current AT&T customers can buy the iPhone 3G for $199 for the 8GB model and $299 for the 16GB model.,"the customers are still growing, and they re not yet able to free about, free per night.",-0.1018512025475502,-0.015152131207287312,-0.18900059163570404,1.4859940121221262
분할 납부를 희망할 경우 한달에 74.99달러를 내야 한다. 기존 아이폰은 매달 59달러를 납부해야 했다.,"Either way, you'll pay $15 more per month ($74.99 total) for a plan comparable with the original iPhone ($59 per month).","in, when asked about the half hour, you have told him to buy free breaks.",0.05651121214032173,0.1297675222158432,-0.01763174496591091,1.451184057126309
아직까지 아이폰을 구매하지 않았으면 지금이 이 휴대폰을 살 수 있는 좋은 기회다.,"So should you buy an iPhone 3G? If you haven't bought an iPhone yet, and have been holding out for a new model, now is the time.","they are still in their owned cell phone, then the iphone is still not yet known.",0.09727175533771515,0.11752001941204071,0.07427362352609634,1.5597579745575243
메이저리그에서 노히트노런 게임을 이끌며 일본 야구선수의 미 프로야구 진출 붐을 일으켰던 노모 히데오가 은퇴를 선언했다.,"Hideo Nomo, who pitched a pair of no-hitters and led a rush of Japanese players to the major leagues, is finished.","the super bowl speeches in west virginia city of the university of missouri in the first set with the games, said the victory over the past two years in",-0.10319710522890091,-0.18102999031543732,-0.02649112418293953,1.7557381354086663
노모가 17일 은퇴를 선언했다고 그의 에이전트인 노무라 돈이 밝혔다.,"Nomo announced his retirement Thursday, agent Don Nomura said.","the south koreans, they were expected to arrive in the way, but the nll was ending.",0.013460415415465832,0.032884154468774796,-0.008995210751891136,2.4074859035470344
낙차 큰 포크볼 등 상대 타자를 현혹시키는 투구로 유명했던 노모(39)는 지난 4월 말 캔자스시티 로열스에서 방출됐다.,"Once known for a deceptive delivery and a devastating forkball, the 39-year-old Nomo was released by the Kansas City Royals in late April.","his nbc news, nowak, whose winners in the end of october, are taking place in september,, along with the sequin",-0.08126221597194672,-0.09836769849061966,-0.06758010387420654,1.9663055452075509
노모는 메이저리그에서 123승을 거둬 일본 투수 중 가장 많은 승리를 기록했다.,Nomo's 123 wins are the most in the majors by a Japanese pitcher.,"the smallest in the most of the japan recorded by the japanese, told the bbc s alaing defeat in the final defeat.",0.01941225305199623,-0.10413132607936859,0.14606834948062897,4.92467473444436
그는 다저스 시절인 1995년 내셔널리그(NL) 올해의 선수에 선정되기도 했다.,He was the 1995 NL Rookie of the Year with the Los Angeles Dodgers and is one of only four pitchers to throw no-hitters in the AL and NL.,he was also trying to get the pain of the year old royal court in battle with the royal.,0.028178440406918526,0.12719470262527466,-0.0700710266828537,4.022741564369871
지난 1995년 LA 다저스 감독을 지낸 명예의 전당에 오른 톰 라소다는 “노모 히데오는 개척자였다”며 “그는 자신과 조국인 일본의 품위와 존엄성을 최고 단계로 성장시켰다”고 말했다.,"""Hideo Nomo was a trailblazer,"" said Hall of Famer Tom Lasorda, who managed the Dodgers in 1995.","we have no charge of slaves, two sons and the japanese national society, as well as the country s first mega society, as well as the country s",-0.11431040614843369,-0.16155469417572021,-0.06982412934303284,1.6961343903963388
라소다는 “그가 일본 선수들에게 기여한 점을 높게 평가한다”고 덧붙였다.,"""He represented himself and his country to the highest degree of class, dignity and character.","i would like to be a very strongest for the iwc up, players for me.",0.0365886390209198,0.05298134312033653,0.017191004008054733,3.0494830265565875
노모는 지난 2005년 메이저리그에서 퇴출된 후 올해 로열스 불펜에 합류했다.,"Out of the majors since 2005, Nomo made a comeback this year and earned a spot in the Royals bullpen.","the smallest hit in the last years, the smallest university in the last years, the year old chisting up.",0.06662117689847946,0.03750411793589592,0.09300580620765686,4.546308713404574
그러나 스프링 트레이닝 때 당한 부상의 여파로 3번 등판에 방어율 18.69라는 초라한 성적을 남겼다.,"But slowed by an injury late in spring training, Nomo had an 18.69 ERA in three relief appearances in which he gave up 10 hits, including three home runs, in 4 1/3 innings.","but about, in the first half hour, the first appear to arrive in october.",-0.07475661486387253,0.05037456750869751,-0.19707541167736053,1.5766845123146331
전세계적으로 규모가 가장 큰 판버러 에어쇼 개막 첫 날 관람객들이 구경할 수 있던 것은 고유가의 어두운 그늘을 반영하듯 에어버스와 보잉의 항공기뿐이었다.,The first day at the world's biggest air show here in Farnborough is usually taken up by the now tedious Airbus vs. Boeing numbers game.,"but only a few days, more than, fishing their days off the coast of suroto, the world s largest city.",0.03967421501874924,-0.05833710357546806,0.1384420543909073,1.827272198658944
판버러 에어쇼가 열린 14일(현지시간) 큰 주문은 단 한 건만 기록됐다. 아부다비 국영 항공사로 설립 5년째를 맡은 에티하드 항공은 이번 에어쇼에서 여객기 100대를 주문했다.,Monday actually started off slowly with only one big order from five-year-old Etihad Airways based in Abu Dhabi to fill the press halls as it split a massive order between Airbus and Boeing.,"the second week, the u. s. air,, served as a state run air on sunday, was charged with a two third day of airbus",-0.07311689108610153,-0.050800126045942307,-0.0986880362033844,1.624730430286819
이제부터 에어쇼의 초점은 군용기에 맞춰질 것이다.,"Now, the show can switch to where the real action is: the military.","the most important thing is to be at least, now part of the company s first term.",0.12031663209199905,0.0474105030298233,0.19243313372135162,3.168429634207702
보잉과 에어버스의 모회사인 유럽항공방위우주회사(EADS)는 가장 규모가 큰 방위업체 중 한 곳이다.,Boeing and Airbus parent EADS are among the world's biggest defense companies.,"the small executive and construction corp., executives and singh, rbi executive and company, executives and european aeronautics, are taking part",-0.08705265820026398,-0.1942375749349594,0.02137768641114235,2.1300733682208985
미 국방부는 지난해 미군의 최대 역점사업이었던 공중급유기 교체 작업을 보잉이 아닌 EADS와 체결해 파문을 일으킨 바 있다.,Their never ending battle to provide the U.S. Air Force with a refueling tanker spilled over here now that the Department of Defense has to go back on the award of the contract to EADS and let Boeing try again.,"the pentagon said the decision to wait a similar to see that a company would only a countered officials to see a similar pipeline on the bridge, said pentagon official",0.0020077258814126253,-0.05673249810934067,0.05884699895977974,2.29696772946306
EADS는 15일 자사의 상당수 항공기가 미국에서 생산되고 있다며 보잉이 EADS의 해외사업에 함께 참가하고 있다고 주장했다.,EADS said again Tuesday that much of its plane is American-made and that Boeing will also source some of its parts overseas. These are global companies with global sourcing and the days of the U.S. vs. Europe are over.,"two days of flights were found in a u. s. air travel to family ties, a day after.",-0.004444896709173918,-0.008507310412824154,-0.0036500818096101284,1.5269628501224692
"한편 올해 판버러 에어쇼에는 헬리콥터, UAV 수송기와 더불어 이스라엘의 정찰기가 전시됐다.","Helicopters, UAV's, transport planes and this year an Israeli spy plane are parked out by the runway",the aircraft landed the aircraft in a bid to land a more than a century last year.,0.039458081126213074,0.08954271674156189,-0.012697289697825909,2.4160274660569665
"일본 북부 섬 훗카이도에 있는 하코다테 소년원에 수감자들이 원형에 '옥(獄)’이라는 글자를 수로 장식해 재단하고 가봉해 면 앞치마,휴대 가방, 작은 주머니 등 생활 의류 제품을 만들고 있다","The must-have apparel cotton aprons, tote bags and pouches is emblazoned with the character for ""jail"" inside a circle and are cut, sewn and assembled by inmates at Hakodate Juvenile Prison on the northern island of Hokkaido.","a sea of ice, japanese residents and others who defected to see the deer, which follows the two of the suspected detention of a row,",-0.15996117889881134,-0.07644692808389664,-0.24429194629192352,1.3174176801802646
관광객과 면회자를 위한 기념품으로 제작된 제품은 2006년 10월에 시판됐다.,"The items first went on sale in October 2006 as souvenirs for tourists and prison visitors, but didn't immediately catch on.",tourism and all of the products in all major retailers were in march.,0.11378878355026245,0.11874646693468094,0.105963796377182,1.9651001128570365
교도소 산업 협동을 위한 교정협회의 담당자인 나카지마 쇼지는 정부지원 교정협회가 도쿄에 있는 직영 아울렛 매장에서 이 로고를 사용하기 시작한 관련 제품들이 2007년 인기를 얻었다고 전했다.,"The line's popularity suddenly picked up last year when a government-backed corrections association began to carry the logo at its Tokyo outlet store, said Shoji Nakajima, an official at the Correctional Association for Prison Industry Cooperation.","the government said they would not directly find their training program about the government s publicist, according to the associated press.",0.016031434759497643,0.057306986302137375,-0.027712181210517883,1.2853605509670871
관련 인터넷 쇼핑몰에 주문이 쇄도해 최근 모든 상품들이 매진됐다.,"With orders flooding in on the association's Internet shopping site, all items are currently sold out.",all this weekend has always been seen everyone online.,0.10995980352163315,0.116119883954525,0.10092675685882568,2.242173863464727
"나카지마는 “로고의 인기가 높아져 교도소 관계자가 디자인한 이 로고를 특허청에 등록할 예정""이라고 밝혔다.","The popularity has been so great it is planning to register the logo designed by a prison official with the patent office, Nakajima said.","myers,, was expected to make his view on his son, was charged with trying to sell his public to his son.",0.014762169681489468,-0.007355503272265196,0.03384222462773323,2.046551996806257
나카지마는 또한 “‘옥(獄)’이란 글자 로고를 싫어할 거라고 생각했지만 더 많이 호소력을 가지게 됐다”며 “특히 젊은 층이 이 로고를 좋아한다”고 말했다.,"""We thought the character for 'jail' would turn people off, but that turned out to be the big appeal,"" Nakajima said. ""Especially, young people seem to like it.","i don t think you re going to feel very much very differently, but i m going to see that you still actually feel they feel very m",-0.08503115922212601,-0.1875198781490326,0.018282243981957436,2.541950074384265
"교정협회는 또한 교도소 의무 노동으로 수감자 8만1000명이 생산한 가구, 휴대용 사당(舍堂)부터 찻잔과 녹차까지 많은 제품들을 판매하고 있다.","The association also sells hundreds of other items, ranging from furniture and portable shrines to tea cups and green tea, produced by more than 81,000 inmates at 70 Japanese prisons as part of compulsory prison labor.","the church also reported a four year high of his labor and a half a year of the korean people, according to the associated press.",0.026381198316812515,0.09487513452768326,-0.04334927350282669,1.496530742919139
나카지마는 대다수 수감자들이 쇼핑백과 봉투 붙이기처럼 단순 노동 업무에 배정되지만 나카지마는 하코다테 소년원의 성공이 다른 교도소에도 좀 더 창의적인 제품을 만드는 좋은 선례가 될 길 바란다고 말했다.,"Many inmates are assigned to unskilled labor such as assembling shopping bags and envelopes, but Nakajima said he hoped Hakodate's success can be a good lesson for other prisons to become more creative.",kamen said the detainees were able to get to their spending older males but they can t get to spend more like becoming their spending.,0.019613908603787422,0.005263431463390589,0.030838044360280037,1.6622016253492753
그는 하코다테 소년원 수감자들에게 높은 판매 수익으로 낸 성과급을 지급 못하지만 이로 인한 수익금은 노동 프로그램 운영 기금으로 사용될 것이라고 덧붙였다.,"The Hakodate inmates don't get any bonus from the booming sales and any proceeds will be used to fund the labor program, he added.","he said the video would be allowed to expand up to,. but they re not going to be offering to set up programs to raise public money.",0.15247732400894165,0.11851052194833755,0.1841057538986206,1.943043650185126
12달러(약 1만2000)에 팔리는 눈에 띄는 로고 디자인의 앞치마가 도쿄 번화가 신주쿠 술집에서 팬들의 관심을 사로잡았다.,"""Our customers have said the design is cool, despite what the logo means.","for about, u. s. dollars, including bestowing a big screen in kansas city, to,.",0.08096238225698471,-0.026020009070634842,0.18957574665546417,2.159701133933343
이곳 술집의 매니저와 여 종업원들이 이 앞치마를 두르고 일한다.,"They often ask where they can find them,"" said the bar manager Mariko Yoshida, 52.","their teens and their driver, the ap s warren levinson,, for their duties, their homes for the two babies who work",-0.15516453981399536,-0.20421117544174194,-0.10893295705318451,1.982256626710344
우샤 초마르는 태어났을 때 이미 삶이 정해졌다.,"ALWAR, India (CNN) At birth, Usha Chaumar's life story had already been written.","earlier, he said, i don t know if he had been very well, said daiy.",-0.0905122309923172,-0.05919671431183815,-0.12492837011814117,3.0272532566104675
초마르의 계급은 청소부인 인도 세습제의 카스트에서도 제외된 일명 달리트(Dalit)로 이 계급의 사람들은 높은 계급에서 나오는 배설물을 수거한다.,"As a Dalit, the lowest level in India's complex caste system, she was a so-called scavenger, a person who collects the garbage, feces and urine of other higher caste people.","online, the indians whose ppp is expected to become a local anti doping india to buy a high profile risk.",-0.010682796128094196,0.02286173775792122,-0.04701774939894676,2.40566446883857
많은 사람들이 초마르와 닿기도 싫을 정도로 그를 혐오스럽게 볼 수도 있다.,"In the eyes of many, that would make her too disgusting to touch.","many people can t get away, he said.",0.2864609658718109,0.2984120547771454,0.2722538709640503,3.3495035708457803
오래된 전통 힌두교의 세습적 계급제인 카스트 제도는 사람들의 직업도 정해진다.,"Traditionally, the age-old Hindu caste system is a social hierarchy that determines what occupation a person should pursue.",they are particularly reliable for people in the country part of the country s most pope.,0.03516680747270584,-0.006962134502828121,0.07482508569955826,2.2796871594840864
카스트제도는 크게 4가지 계급으로 나뉘며 그 밑 으로 수많은 하위 카스트로 나뉜다.,"Broadly, the system has four major castes and thousands of sub-castes.","they want to charge them, she said.",0.1756906658411026,0.3049532175064087,0.050108592957258224,3.635358866852296
공식적으로 카스트제도는 위법이지만 수천년의 전통인 이 제도가 인도 사회를 계급사회로 구분해 놓았다.,"Officially, the caste system has been outlawed, but millennia of tradition have left deep dividing lines in Indian society.","the official, who is, led by former presidential laws described the move as a former top humanity of the year.",0.012634369544684887,-0.05492979288101196,0.0787857323884964,2.4623373672221804
인도 북부 라자스탄주의 알와르에는 불가촉천민 여성 300여명이 청소부로 일하고 있다.,"In the town of Alwar in the northern state of Rajasthan, there are about 300 so-called ""untouchable"" women working in this profession.","a. independent young alliance against the woman, and there are always been taking their incident at a single incident.",0.06027556583285332,0.12076248228549957,-0.0017608398338779807,3.621604142273721
인도는 사람이 배설물을 수거하는 것을 법으로 금하고 있다.,"India has laws against ""manual scavenging,"" as it is called.","people are living within a self imposed, and that could be a huge neighbor, to find anything from india to people.",0.07982555031776428,0.07442206889390945,0.08223950117826462,1.8709718017288024
그러나 이 같은 배설물 수거가 위생시설이 부족한 인도에선 아직까지 행해지고 있다.,"But the work is still around, in part because of the poor sanitation system in India.",but they can t be safe and unconventionalsening.,0.07343225926160812,-0.015486777760088444,0.16249001026153564,1.7539413943549187
"인도 대부분 지역에서, 특히 지방에서는 대부분 화장실이 파이프가 없는 바구니 형태의 화장실이다.","In many parts of the country, especially in rural India, many toilets are dry bucket toilets (named for the way they are shaped) that are not hooked up to any pipes.","most of the victims were mostly in most of, most of their drinking patterns from the upper house in india, most of which are the most unusually.",-0.028012806549668312,-0.08246349543333054,0.024247096851468086,2.8749536116217387
배설물은 그냥 밑 으로 떨어져 쌓인다.,The waste just drops to the ground below.,"they were later, a short strip in the wall.",0.25366881489753723,0.22771425545215607,0.27743062376976013,4.456882760699064
현재 알와르 출신의 전직 불가촉천민 여성 56명은 희망을 얻고 있다.,"Now 56 former ""untouchable"" women from Alwar are getting their wish.","and now, with two women and children, said two women.",0.2351038008928299,0.2722823917865753,0.19600185751914978,3.4015426186864377
유엔은 2008년을 공중 위생의 중요성을 고취하기 위한 세계 위생의 해로 정했다.,The U.N. deemed 2008 the Year of Sanitation to bring awareness to the importance of proper sanitation.,"in the united nations, the united nations said world health care were mistaken war as next year.",0.09912938624620438,0.003346111858263612,0.19564388692378998,2.398122473724688
뉴욕에서는 이를 기념하고 이전 불가촉천민이었던 알와르 출신 여성들의 노고를 치하하기 위해 이들을 초대했다.,"The former ""untouchables"" of Alwar were invited to New York to illustrate that point and also be honored.","in new york, new york cnn a former new york woman who was ending at a. m., look at about a half years ago, al ma",-0.0686613991856575,-0.13596060872077942,-0.003031417727470398,1.4262733286728255
이들이 자신들이 디자인하고 제작한 청색 인도 전통 의상을 입고 뉴욕에서 열린 패션쇼의 모델로 참여했다.,"In New York, the spotlight shone on the women, as they strode down the runway modeling the blue saris that they now design and tailor.",they are also to beat with passion anti smoking classes and passions to get a change in the city of soda to the west yorks.,0.08373187482357025,0.08372673392295837,0.08075527101755142,2.000217078743906
"아랍에미리트 연방의 관광도시, 두바이 관할 경찰이 시내 쇼핑몰과 공공장소에서 동성애적 행위를 한 외국인 17명을 구속했다고 밝혔다.","DUBAI, United Arab Emirates (CNN) Police in the Gulf tourist hub of Dubai say they've detained 17 foreigners for allegedly displaying homosexual behavior in the city's shopping malls and other public places.","arabic, who is, with police and public opinions have been arrested, police said.",-0.05494564399123192,0.014780694618821144,-0.1260652393102646,1.0577547987404383
주해어 호론 경찰 대변인은 구속된 사람들은 모두 남성이며 관광객과 근로자라고 말했다.,Police spokesman Zuhair Horoun says all the suspects are men who were either visiting or working in Dubai.,the men were described as a police and says.,-0.012097916565835476,0.14025935530662537,-0.15866447985172272,2.551084474780675
그는 이들을 16일(현지시간) 구속한 사실 이외에 상세한 내용을 밝히지 않았다.,He says they were detained Wednesday but did not elaborate or give details about their behavior.,"on thursday, he was unhurt, a day after the team said.",0.14262375235557556,0.1899154633283615,0.09346210956573486,2.292084231617577
그러나 두바이 소재 걸프뉴스(Gulf News)는 경찰이 여장을 한 남자 관광객 40명을 구속했다고 보도했다.,"But the Dubai-based Gulf News reported Thursday that police detained ""40 cross-dressing tourists.""","police helped police a two young girl, for their first police officers, a police officer.",0.04629070311784744,0.03397511690855026,0.05554746091365814,2.55404966647159
"걸프 뉴스는 듀바이 관할 경찰서장의 말을 인용, 복장 도착자들에 대한 개도 운동의 일환으로 이들을 구속 조치했다고 전했다.","The paper quotes Dubai's police chief as saying the arrests are part of a campaign against ""transvestites.","he had planned a job of police, whose two police officers, reported, were arrested, police said.",0.19621114432811737,0.19650474190711975,0.19330258667469025,2.5683319547529764
아랍에미리트연방에서는 동성애 성향을 외부로 표현하는 것이 금지되어 있다.,Outward homosexual behavior is banned in the United Arab Emirates.,the city s reputation for the sexual abuse is conducted in the sexually sexual abuse in the sexual.,0.027065979316830635,-0.07724994421005249,0.13264451920986176,4.814971807094068
서양의 관점에서 보면 두바이는 아랍 국가들처럼 보수적인 아랍 도시이며 대부분 동성애에 대한 반감을 갖고 있다.,"Despite its Western outlook, Dubai is a conservative Muslim city-state and like much of the Arab world remains largely hostile to homosexuality.","at the,, people have been established in a bid to become a member of the nation s top state department official, to learn, and that is rich in rich",-0.08417827636003494,-0.11627057939767838,-0.05523335188627243,3.072311854373273
미국 식품의약국(FDA)은 17일(현지시간) 토마토를 다시 안전하게 먹을 수 있다고 밝혔다. 지난 몇 주 동안 미국과 캐나다에서 토마토는 살모넬라균 전염의 주요 원인이었다.,"(CNN) Tomatoes are again safe to eat, the Food and Drug Administration said Thursday, weeks after the food was blamed as a source of a salmonella outbreak in the United States and Canada.","the u. s. and canada did u. s. led operations on the u. s. led operations were on the run off, but the",-0.056318383663892746,0.08029041439294815,-0.1889263093471527,1.4882321943562753
아직까지 감염의 원인은 밝혀지지 않고 있고 하루에 20~30건의 질병 발생 보고가 있으나 FDA는 살모넬라 균 전염 확산이 약화됐다고 밝혔다.,"The source of the outbreak still isn't known and 20 to 30 reports of the illness are coming in per day but the FDA said the epidemic is ""waning.""","still still unclear how they are still in the area, which is a national tradition about the report of the disease, which is based at midnight s",0.10234704613685608,0.125624418258667,0.07639101892709732,3.281706213141615
FDA의 식품 보호 위원인 데이드 아체슨 박사는 FDA가 토마토가 살모넬라 균 감염의 원인인지 여부를 결정하지 못했으나 최근 농장과 상점에 있는 토마토의 안정성을 확인했다고 밝혔다.,"The FDA hasn't determined whether tomatoes were a source of the outbreak, but it has determined that tomatoes currently in fields and stores are safe, said Dr. David Acheson, the FDA's associate commissioner for food protection, according to The Associated Press.","the fbi, who coden, a group of co chairman, a former independent group, said it was not independent whether the co chairman, the",-0.09338944405317307,-0.14834783971309662,-0.040799982845783234,2.467598845695564
"미 질병관리본부(The US Centers for Disease Control and Prevention, CDC)는 4월 이후 미국 내 42개주, 콜롬비아 자치구, 캐나다까지 1190명이 기형 박테리아인 살모넬라 세인트폴에 감염됐으며 이중 370여명이 6월 이후 증세가 악화됐다고 보도했다.","Salmonella Saintpaul a rare form of the bacteria has infected more than 1,190 people in 42 states, the District of Columbia and Canada since April, according to the Centers for Disease Control and Prevention. About 370 of those people became ill on or after June 1, the CDC said.","the shows, more than, were among the dead, and they were still in the mid march of the u. s. house in january,",-0.19714772701263428,-0.04778264835476875,-0.34130582213401794,2.102093024161948
최소 224명이 감염으로 병원에 입원했다.,At least 224 people have been hospitalized.,"at least seven people were killed and were wounded, hospital officially reported.",0.4264186918735504,0.2788253128528595,0.5806222558021545,3.737437943747671
FDA는 살모넬라 세인토폴 균 감염으로 병력이 있던 노인 2명이 사망했으며 이로인해 이들이 사망에 이르렀을 가능성도 있다고 밝혔다.,"Two elderly men with pre-existing conditions died while infected with Salmonella Saintpaul, and the FDA said the infection could have contributed to their deaths.","the two of the four people killed, people on their first deaths.",0.03425423800945282,0.15014700591564178,-0.07946594804525375,3.1721343514584146
"지금으로부터 90년 전, 제정 러시아 시대 로마노프 왕조의 마지막 일가족은 총살됐다. 그들이 죽은지 90년이 흐른 17일(현지시간) 오랫동안 제기됐던 로마노프 왕족 일부의 생존가능성에 대한 논란을 끝낼 만한 과학적인 증거가 제시됐다.","MOSCOW, Russia (CNN) It was 90 years ago Thursday that Russia's last royal family was executed but this year's anniversary comes with scientific proof ending years of speculation that some of the Romanovs managed to survive.","completely, the last of the three decades ago, their families know,, was killed in sunday s attack, was killed thursday",-0.1124061569571495,-0.05983593687415123,-0.16739192605018616,2.2612567814507307
"미국, 러시아, 오스트리아 연구소가 지난해 발굴 된 뼈와 치아 조각에 대한 의학, 법의학, 탄도학 검사를 실시한 결과, 이 유골이 마지막 황제 니콜라이 2세의 자녀 2명임이 판명됐다.","Medical, forensic and ballistic tests conducted in several U.S., Russian and Austrian laboratories identified bone and tooth fragments unearthed last summer as belonging to two missing children of Czar Nicholas II.","the us, russia, russia, on the sea, the study found that the two damages on earth, in a sea survey of earth, then found the",-0.0739743635058403,-0.04556676372885704,-0.10550501197576523,1.4778513976107148
러시아 연방검찰 조사위원회는 지난해 예카테린부르크 인근에서 발견된 유골이 화학 물질에 의해 훼손됐지만 니콜라이 2세의 유일한 아들인 알렉세이(당시 13세) 황태자와 마리아 공주 (당시 19세)의 것 임을 확인했다.,"Chemically damaged and burnt remains found outside the city of Yekaterinburg in 2007 are those of Crown Prince Alexei, 13, the last emperor's only son and heir to the throne, and his sister Grand Duchess Maria, about 19, according to the Investigative Committee of the Russian Prosecutor General's Office.","the federal investigation agency they considered a nearly a dozen in the nearly a year old north of nearly years old, at the end of a year old girl",-0.23743361234664917,-0.27234429121017456,-0.20608583092689514,0.8776213629244812
"조사위원회의 블라디미르 솔로비요프 수석 조사관은 16일 기자회견에서“발견된 유해가 알렉세이 황태자와 마리아 공주의 것이 확실하다""고 밝혔다.","""The remains that were found belong to Alexei and Maria. We can say that with certainty,"" Vladimir Solovyov, a senior investigator with the committee, told a news conference Wednesday.","the agency,, voted on thursday, was found dead on friday after a. m. sunday et, musharraf said tuesday on",-0.04923748970031738,-0.0990118756890297,-0.0019171860767528415,1.631407630985783
"지난 1918년 7월 17일, 볼셰비키 당원들은 예카테린부르크 저택 지하실에서 황제 니콜라이 2세의 일가족과 하인들을 모두 살해했다.","Bolsheviks executed the czar's family and a few servants July 17, 1918 in the basement of a home in Yekaterinburg.","these days, they were taking their days of work on their drinkers, and that s right after falls of an end, thanks to the",-0.13677221536636353,-0.11617683619260788,-0.1608572155237198,1.9626728448746968
그러나 니콜라이 2세의 자녀 2명의 유해가 수십년 동안 발견되지 않아 왕정 지지자들은 끊임없이 이들 중 1명이라도 살아있을 가능성이 있다고 추측하며 이들의 생존에 대한 기대를 가졌었다.,"But the two children's bodies were missing for decades, leading to persistent hopes among royal supporters that one or both of them had survived.","but there were ages to be a little bit of the temple but not in that year s years, the associated press reported.",0.04802720248699188,0.010711166076362133,0.08276230096817017,2.353869032846004
한편 위원회는 보고서에서 과학자들이 현재 생존해 있는 로마노프 왕조의 후손들과의 유전자 비교를 계속할 것이라고 밝혔다.,"Although the investigative committee stated the remains belong to Alexei and Maria, its report said scientists will nonetheless continue comparing DNA from the remains to that of the living Romanovs.","the group said the scientist will begin, said catsami, the leader of the alliance stars, said the scientist would give to the family.",0.028909485787153244,0.041860181838274,0.012884056195616722,3.448899255720134
국제유가가 17일(현지시간) 이달들어 처음으로 3일 연속 극적인 급락을 이어가면서 배럴당 130달러 가까이 떨어졌다.,"NEW YORK (CNN) Oil prices fell below $130 a barrel for the first time in more than a month Thursday, as a dramatic slide entered a third day along with a sharp sell-off in natural gas.","oil prices, per barrel at a barrel in recent days, per share on sunday, per barrel on sunday, perhaps barrels per week, as the nation s",-0.06814895570278168,-0.056220270693302155,-0.08347611874341965,2.8258868830542005
미국 경기 둔화에 관한 우려가 높아지는 가운데 유가 하락이 가속화됐다.,The declines accelerated amid growing concerns about the weakening U.S. economy.,while its biggest dip closed are closed by about percent of about percent of about percent of about percent of about percent of about percent of about percent of,-0.24689270555973053,-0.5685164332389832,0.12111204117536545,1.286713095960916
이날 뉴욕상업거래소(NYMEX)에서 거래된 8월 인도분 서부 텍사스산 경질유는 전일 대비 4.4%급락하며 5.31달러 떨어진 배럴 당 129.29달러에 거래를 마감했다.,"Light, sweet crude for August delivery dropped $5.31 to settle at $129.29 a barrel on the New York Mercantile Exchange.","light, sweet crude for june delivery rose cents in singapore and. percent in february, a day earlier. a barrel on july, a record of",-0.018522992730140686,-0.03224988281726837,-0.008052181452512741,12.405382419879084
이날까지 유가는 3일 연속 15달러 이상의 하락세를 보였다.,Prices have fallen more than $15 in just the past three days.,"until roughly, it s a very lower than million.",-0.05969779193401337,-0.11390258371829987,-0.007791840471327305,3.3930265691828274
미국 세인트루이스주 와코비아 증권사 연구원인 나산 골즈는 8월 인도분 텍사스 경질유가 17일 8%이상 하락하며 올해 가장 높은 하락폭을 기록했다고 밝혔다.,"Natural gas futures for August delivery fell more than 8 percent Thursday, marking their biggest one-day drop in nearly a year, according to Nathan Golz, researcher at Wachovia Securities in St. Louis.","the company s chief of staff, told cnn affiliate markets, like a markets, and the biggest drops record drops with the highest record of.",-0.2143661379814148,-0.1513405442237854,-0.279594361782074,1.515442198028239
"시장 관측자들은 7월 초, 연일 유가 상승을 부채질 하던 요인이 사라졌고 이번 주 원유 매물이 대량으로 나오면서 유가 하락이 가속화 된 것으로 보고있다.","A number of market observers say there was nothing supporting the run up in natural gas prices, which peaked in early July, and that this week's sell-off of oil has only helped speed the declines.","mayors barely abandoned a low level earlier this month, as low as early as their saless fell to start an earlier this month.",-0.013807926326990128,-0.10016226768493652,0.07225881516933441,1.2663723860914062
미국의 원유 공급량이 시장 예상치 보다 상당히 많다는 보고가 17일 유가 급락의 직접적인 원인이 됐다.,The immediate cause of Thursday's sharp natural gas decline was a larger-than-expected build of U.S. supplies.,"low lying, a united nations said there was no more of more than percent of the united states, predicting that using u. s. led operations",-0.07535699009895325,-0.1601382941007614,0.00885513611137867,2.01381482546679
미국 에너지부 산하 에너지정보청(EIA)은 주간보고에서 48개주에 지난주 원유재고가 1040억 배럴 증가한 2조3100억만배럴에 달한다고 밝혔다.,by 104 billion cubic feet to more 2.31 trillion last week.,"in a week, they are expected to rise, said a energy analyst at a barrel.",-0.08559656888246536,-0.03508022800087929,-0.13853755593299866,2.8265205879007453
"무아마르 가다피 리비아 국가원수의 막내 아들이 스위스에 호텔 고용인 2명을 폭행한 혐의로 체포, 기소됐다고 그의 변호인이 17일(현지시간) 밝혔다.","GENEVA, Switzerland (CNN) The youngest son of Libyan leader Moammar Gadhafi was arrested and charged in Switzerland for allegedly beating up two of his servants, his lawyer said Thursday.","a policeman, a family friend, also charged with killing a man and his wife, he told his wife of his wife, he said",0.023571088910102844,0.1508551985025406,-0.10050936043262482,3.028886808001064
알레인 베르거 변호사는 스위스 라디오 방송에서 한니발 가다피와 부인이 15일 제네바의 한 호화 호텔에서 발생한 폭행 사건으로 경찰서 유치장에 수감됐다고 전했다.,"Hannibal Gadhafi and his wife were taken into police custody on Tuesday after an incident at a luxury hotel in Geneva, lawyer Alain Berger told Swiss radio.","lawyers and the lawyer s wife had been aboard wounded, while conducting a witness at the hotel.",0.09170380234718323,0.18178242444992065,0.0018963163020089269,2.01141973842074
"그는 물리적 상해, 협박, 강요 등의 혐의로 기소된 이들 부부가 17일 보석금을 내고 풀려났다고 말했다.","The couple, who face charges of bodily harm, making threats and coercion, were released on bail Thursday, he said.","he said he is confidented the process of being driven by days of severe water, including a statement and said he was intent on a test of police and the,",0.012130760587751865,-0.027243981137871742,0.048872679471969604,3.1731768853938886
베르거 변호사는 경찰이 한니발 가다피를 유치장에 이틀간 수감했고 출산을 위해 제네바로 온 그의 아내를 산부인과 병원으로 옮겼다고 전했다.,"Berger said Gadhafi had spent the last two evenings in detention. His pregnant wife, who came to Geneva to give birth, was transferred to a maternity unit, Berger said.","the attorney, lawyers for the first time in three years, was arrested, and they were thanked, he said.",0.13467620313167572,0.17512911558151245,0.09209072589874268,3.433218867407449
스위스 일간 트리뷴 드 제네바(Tribune de Geneve)는 유엔인권사무소 옆 건물인 프레지던튼 윌슨 호텔의 피해 호텔 고용인이 이들 부부로부터 상습적으로 폭행 당했다고 주장한 사실을 보도했다.,"The Swiss daily Tribune de Geneve reported that two of Gadhafi's domestic servants claimed Gadhafi and his wife repeatedly beat them at the President Wilson Hotel, which is just next door to the United Nations' human rights office.","they are still unins, a tony, footage, were also found hotel in the room, which is just hotel.",-0.05776917561888695,0.0019328845664858818,-0.11939824372529984,5.447853297310945
기사에따르면 이들 부부가 고용인을 벨트와 옷걸이로 폭행해 튀니지 출신 여성 호텔 고용인이 병원에 입원했다.,"The pair allegedly hit the servants with a belt and a hanger, the report said. It said a Tunisian woman was hospitalized.","the couple, who has been able to take a hospital in many woman and her husband, was immediately married to hospital with a man who left hospital to take a hospital",0.04156928136944771,-0.010496087372303009,0.09155730903148651,3.2715338175759148
베르거 변호사는 이들 부부가 피해 고용인의 주장을 부인했다고 밝혔다.,Berger said Gadhafi and his wife rejected the allegations.,"lawyers for the couple, lawyers and their families.",0.13583633303642273,0.19735799729824066,0.07303134351968765,5.522397783539471
가다피(32)는 전과가 있다.,The 32-year-old Gadhafi has had previous run-ins with the law.,"it is about percent of, people, percent to percent.",-0.07799935340881348,-0.1355244368314743,-0.022676914930343628,3.1157290929555894
그는 2005년에도 파리의 호텔에 임신한 친구를 폭행해 프랑스 법원이 그에게 유죄판결을 내렸다.,"In 2005, he was convicted by a French court for striking his pregnant companion in a Paris hotel.",he is also being convicted of a french court in paris.,0.3734525442123413,0.4081248342990875,0.33721745014190674,2.7211911780759976
당시 그는 징역 4개월과 500유로(약 80만원)의 벌금형을 선고 받았다.,He was given a four-month suspended prison sentence and a euro500 (US$790) fine.,he was fined by a third month old woman who gave a six month prison term for months.,0.24454240500926971,0.2877921462059021,0.19958968460559845,3.0272532566104675
"미국 민주당 대선후보인 버락 오바마 상원의원 캠프는 17일(현지시간) 지난 6월 5200만달러의 선거자금을 모금했다고 발표했다. 오바마 캠프에따르면, 이 모금액은 공화당 후보인 존 매케인 상원의원보다 배 이상 앞선 것으로 나타났다.","WASHINGTON (CNN) Barack Obama's campaign announced Thursday that it raised $52 million last month more than double the amount rival John McCain brought in, according to campaign officials for the presumed Democratic presidential nominee.","a tuesday night, a former sen. barack obama said sunday he took his job at a march campaign, which he said, i m thankful for the",-0.06911061704158783,-0.05659347400069237,-0.08502331376075745,2.312977444821812
오바마 캠프는 오바마를 위한 자금인 만큼 전통적으로 공화당 거점인 주에서의 선거운동에 이를 운용하고 있다.,"As the money comes in for Obama, his campaign is investing in states that have traditionally been Republican strongholds.","obama has rolled bars for the campaign of a campaign s campaign, saying it is closing in by elections.",0.10272104293107986,0.0695304274559021,0.1333940625190735,2.954001199967651
오바마 캠프는 17일 현재 수중에 있는 가용 자금이 7200만달러라고 밝혔으며 이는 오바마 캠프가 최근 선거운동을 위해 투입하는 현금의 규모를 의미한다.,"Obama's campaign now has $72 million cash on hand, meaning that's how much they currently have to spend, campaign officials said Thursday.","campbell said monday that million, now,, are taking his campaign for a third day, and obama is accused of stealing saturday night.",0.0907481461763382,0.0903283953666687,0.08820824325084686,2.2573943092420103
오바마 캠프는 6월 오바마의 하루 평균 모금액은 68달러이며 매달 총액으로 보면 지난 5월의 2200만달러보다 배 이상 증가한 액수라고 밝혔다.,"The average donation to Obama in June was $68, the officials said, bringing the monthly total to more than twice the $22 million raised in May.",campbell said obama will be the biggest drop in the march of a net worth.,0.02655354142189026,0.07674302160739899,-0.02574087493121624,1.432108008539666
당시 오바마는 힐러리 클린턴 상원의원과 격렬했던 민주당 경선에 몰두하고 있어 단순한 선거자금모금 활동보다 유권자와 대의원을 위한 선거운동에 더 많은 일정을 보냈다.,"At that time, the Illinois senator was locked in a fierce primary battle with Sen. Hillary Clinton for the Democratic presidential nomination, and Obama was spending more time campaigning for votes and delegates than simply fundraising.","obama mocked sen. hillary clinton, who is leading ahead of democratic presidential nominee, iowa cnn clinton s leading campaign, and terrorismhead of the democratic",0.015575855039060116,-0.05799432098865509,0.08809080719947815,2.28970915863262
6월초 민주당 경선의 결과가 발표되고 힐러리가 경선 중단을 선언하면서 오바마의 선거자금 모금액이 6월에 더 증가할 것으로 예상됐었다.,"With the conclusion of the primaries in early June and Clinton's suspension of her campaign just days later, Obama's campaign cash numbers had been expected to rise in June.","with the election, the democrats will drop their candidates for the democratic presidential nomination, will be the biggest fundraising contest in the polls.",0.14158828556537628,0.18977609276771545,0.09156190603971481,1.7822401756265172
매케인 후보의 경우 6월 2200만달러로 모금액에서 한참 뒤지고는 있으나 지금 까지 가장 많은 선거자금을 모았으며 공화당 전국위원회 자금까지 합하면 9500만달러를 선거자금으로 확보했다.,"McCain's campaign raised $22 million in June, its best month yet. The campaign said that combined with the Republican National Committee, it has about $95 million cash on hand.","in another lot of his campaign, in his own, bill, is an extremely friendly party, and has now suffered considerable mccain to keeps him up",-0.11871892958879471,-0.16699394583702087,-0.07317672669887543,1.5644806337358454
"이메일을 통한 선거자금 모금을 하고 있는 오바마 캠프의 데비드 플로프는 부족한 자금액에 대해 인식하고 “매케인의 모금액과 공화당 전국위원회 자금을 합치면 대규모 가용자금으로 매케인이 여전히 앞서고 있어 그 차액을 좁히기 위해 지지자들의 도움이 필요하다""고 밝혔다.","In a fundraising e-mail to supporters, Obama Campaign Manager David Plouffe acknowledged the deficit, saying ""McCain and the RNC together still have a huge cash advantage, and we need your help to close the gap.","amid a company, which requires obama s raised through a major deal with a letter, required to raise funds into a corner of nding.",-0.03831418976187706,-0.05559943988919258,-0.024310767650604248,1.342041599442359
그러나 오바마의 선거자금을 민주당 전국위원회 자금과 합치면 9200만달러로 매케인과 거의 같은 액수다.,"But when Obama's funds are combined with the Democratic National Committee's funds, he has $92 million, meaning he's about on par with McCain.","but obama will likely likeally. million mccain, the democrats said.",0.1465781033039093,0.21657364070415497,0.0757628083229065,1.488123358577587
오바마는 지난달 정부가 대선 후보에게 지원하는 연방정부의 공적자금을 받지 않을 것이고 그만큼 오바마는 자금 모금과 운용을 자유롭게 할 수 있게 된다.,Obama will receive no federal money but is free to raise and spend as much as he can.,"obama has said the administration was considering a government of a boycott that the government is considering a much candidate for a government of governments since the election, but obama will not be",-0.05070982128381729,-0.07498347014188766,-0.02964811585843563,1.539373025281168
"오바마가 더 많은 자금을 모을 경우, 선거운동을 위한 가용 자금의 투입이 필요한 중요한 시기인 오는 9월과 10월에 매케인보다 더 유리한 입장이 될 수 있다. WASHINGTON (CNN) / 이수지(JOINS)","If he continues to raise large amounts, he could have an advantage over McCain when it comes to campaign cash in the crucial months of September and October.","obama would continue to hold more than percent of the total requires before they are more important to step up in january, and january of the needed to january",-0.02836844138801098,-0.15520985424518585,0.10184431821107864,2.019385597421733
"호나우디뉴가 16일(현지시간) 카카, 알렉산드레 파토가 활약하고 있는 AC 밀란에 합류했다. AC 밀란은 브라질 선수들이 공격진을 구성하게 됐다.",Ronaldinho arrived at AC Milan on Wednesday to join Kaka and Alexandre Pato in an all-Brazilian attack that AC Milan are convinced will fire them back to the top level of European football.,"rio de janeiro, florida cnn brazil s national police chiefly fell to, in a case of sounding a professionaloyo, brazil s braziliang, a player",-0.3205742835998535,-0.3868475556373596,-0.25677239894866943,1.4184480313609875
영국 프리미어리그의 맨체스터시티가 이보다 많은 5070만 달러의 이적료를 제시했으나 호나우디뉴는 AC 밀란을 선택했다.,"The fee was considerably less than the $50.7m that Barcelona said Manchester City had offered, but Ronaldinho had his hearts set on Italy.","london, england cnn manchester united strollan told trump s uk globo arsenal, was flown home to a homeland security at the bottom of the euro wednesday,",-0.243943452835083,-0.33035558462142944,-0.15843844413757324,1.6934096677198087
호나우디뉴는 3년간의 계약을 맺은 후 밀라노의 한 TV 프로그램에 출연 “나는 정말 밀라노에 오고 싶었다”며 “그동안 많은 일이 일어났으며 나는 ‘로소네로’(붉은 색과 검정색이 들어간 AC 밀란 유니폼)를 입게 됐다”고 말했다.,"I really wanted to come to Milan. A lot of things happened and at the end I became Rossonero (red-black),"" Ronaldinho told Milan's TV station as he prepared to sign a three-year deal.","i m really happy, i m very happy with me, i m d been said. i m really looking for everything, said m",-0.054872188717126846,-0.0836220234632492,-0.029255835339426994,1.1710985946741828
호나우디뉴는 “이곳에 와서 기쁘며 밀라노의 팬들에게 즐거움을 선사하고 싶다”고 강조했다.,"""I'm happy to be here and I hope I can provide a lot of joy to Milan's fans.","we want to give toy, and i got them to be at their homes.",0.1516752988100052,0.14485172927379608,0.15574978291988373,4.789892056885639
그는 “이 팀에 브라질 선수가 많아서 그리고 많은 챔피언들이 AC 밀란의 유니폼을 입었다는 사실이 행복하다”고 덧붙였다.,"""It's great to find so many Brazilians, and also so many other champions wearing the Milan jersey.","many of the, many people seem to realize the winner of the st.",0.08134132623672485,0.06931676715612411,0.09041866660118103,2.9470806336003816
한편 AC 밀란은 지난 시즌 세리아 A에서 5위를 기록했으며 챔피언스리그에서는 아스널에 피해 2라운드에서 탈락했다.,Milan finished a disappointing fifth in Serie A last season and were eliminated by Arsenal in the second round of the Champions League.,"ac milan, a member of the last season, only a second train by the season ends and the second fell in the champions league season.",0.11591199785470963,0.10130452364683151,0.12770935893058777,5.784047946226735
부동산 시장이 침체기를 겪고 있지만 도널드 트럼프는 미국 플로리다 팜비치에 위치한 대저택을 1억 달러에 팔았다고 16일(현지시간) 그의 대변인이 밝혔다.,"The real estate market might be slumping, but not for Donald Trump, who sold his Palm Beach mansion for $100 million, his spokeswoman said Wednesday.","a new york mayor, a florida, who has lost massive in florida, has also been lost to fight, but the lost a billion song",-0.048491258174180984,-0.09208405017852783,-0.007584203965961933,3.718327861454322
트럼프는 모 통신사와의 전화인터뷰에서 “지금은 많은 사람들이 부동산 때문에 상처를 입고 있다”며 “그러나 경우에 따라서 이득을 볼 수도 있다”고 말했다.,"""In an age of so many people getting hurt in real estate, it shows that you can still do well in real estate,"" Trump told The Associated Press in a phone interview.","but i think you got to get to be really, but many people have been really shot in real estate irish and their, to make really matter",0.10030753165483475,0.0640253871679306,0.13414642214775085,5.14063361578212
트럼프의 대변인에따르면 1억 달러는 미국 부동산 시장에서 가장 비싼 가격이다.,"His spokeswoman says $100 million is the most ever paid for an estate in the U.S., though there is no way to verify that claim.","it s one of the big three quarters of the us, according to a spokeswoman for musharraf, according to a spokeswoman for musharraf.",-0.015379850752651691,-0.11477846652269363,0.084750235080719,1.93864477197268
러시아의 억만장자인 드미트리 리볼로브예프는 트럼프가 지난 2004년 4100만 달러에 구입한 대서양이 보이는 5574평방미터 부지의 이 대저택을 사들인 것으로 알려졌다.,"Russian fertilizer billionaire Dmitry Rybolovlev purchased the roughly 60,000 square-foot oceanfront home, which Trump fixed up after buying it for about $41 million in 2004.","it s a much longer than usually a million dollar record of about million, a russian star said.",-0.10732238739728928,-0.05263077840209007,-0.16432052850723267,1.9191258666608664
TV쇼 ‘어프렌티스’에 출연한 켄드라 토드가 대저택의 인테리어를 맡았다.,"He assigned renovations to ""Apprentice"" winner Kendra Todd,","i think people in a tv comedy, and i think it s a big life for many people.",0.0011265866924077272,-0.02698539011180401,0.026272524148225784,1.9146030690102516
그녀는 욕실까지 24K 금으로 장식했다.,"who dressed it up with marble and 24-karat gold fixtures, even in the bathrooms.","she was, by, the, to present, according to the associated press.",0.07106960564851761,0.06857318431138992,0.07054289430379868,2.8403891990720456
이 대저택의 이름은 ‘메종 드 라미티에’(Maison de L'Amitie)로 불린다.,"The home, called Maison de L'Amitie, is spread over several buildings and includes separate coat closets and bathrooms for men and women off the main entryway for easy entertaining.",the names of the film is unless they can t be an inch of conspiracy.,-0.15030820667743683,-0.11701451241970062,-0.1868329644203186,1.1840503781981937
트럼프는 “이 곳은 팜비치를 대표하는 건축물로 팜비치의 모든 것을 잘 표현하고 있다”고 밝혔다.,"""I think it's a great sign for the area, a great sign for Palm Beach and all that Palm Beach represents,"" Trump said.",it is one of the biggest stages of a square and is said to be taking the steps of the water.,0.06774388253688812,0.06729792058467865,0.06515531986951828,1.9662881636873144
앨리스터 달링 영국 재무장관은 유류세 인상 계획이 유가급등으로 연기됐다고 밝혔다.,Britain's Treasury says a planned fuel tax increase has again been delayed because of soaring oil prices.,"treasury secretary, the chief trader for the united nations, margaret as traders to end their homes, the banking industry said.",0.08295916020870209,0.0005713046411983669,0.16504991054534912,1.5732934811145336
달링 재무장관은 리터당 2펜스(4센트)의 유류세를 부과하는 방안을 연기한 것은 “어려운 이 시기에 운전자에게 도움이 될 수 있기 때문”이라고 주장했다.,"Treasury Secretary Alistair Darling said the postponement of the 2 pence (4 U.S. cent) per liter increase in fuel tax would help motorists ""get through what is a difficult time for everyone.","they will also be asked to be the first to be capable of to the proposal, powell said.",-0.01667630858719349,0.07257267087697983,-0.10598430782556534,1.107239304866274
"영국 자동차협회 회장인 에드먼드 킹은 ""운전자들은 정부가 국민에게 고통을 주는 것을 바라지 않는다""며 재무부의 결정을 환영했다.","Automobile Association President Edmund King said he was delighted since road users had not been looking forward to ""government-inflicted pain.""",they said it is considering the interest in the public interest in a public statement.,0.04309423640370369,0.08612196892499924,-0.0022588837891817093,1.8777510442160876
미 뉴욕증시가 16일(현지시간) 금융주와 항공주의 강세로 급등에 성공했다.,Stocks got a big bounce back Wednesday as investors welcomed encouraging news from the banking and airline sectors.,"new york cnn a federal turning partnership behind a new federal government monday to tackle its new tax system and financial markets, a statement friday said tuesday.",-0.0048093595542013645,-0.16643573343753815,0.16463887691497803,1.6934096677198087
유가 하락도 주가 상승에 긍정적으로 작용했다.,Falling oil prices also helped spark a strong stock market rally.,"oil prices are close to their shares, a close analyst for the moderate unified shares of the u. s. economy on monday.",0.19059480726718903,0.055648963898420334,0.3302462697029114,3.435812002459847
다우존스산업지수는 전날에 비해 2.5%(277포인트) 넘게 올랐다.,The Dow Jones industrial average (INDU) gained 277 points to end the day more than 2.5% higher.,"the dow jones industrial average fell.,., charts index.",0.05939937010407448,0.14031913876533508,-0.021937984973192215,3.970589936217982
이날 다우존스는 지난 4월 1일 이후 가장 큰 폭 으로 올랐다.,Wednesday's rise marked the largest one-day increase in the Dow since April 1.,the dow is up since february.,0.19161120057106018,0.22584928572177887,0.15523193776607513,3.1795892263857453
다우존스는 15일 지난 2006년 7월 21일 이후 최저수준을 기록한 바 있다.,"The Dow rallied back after ending Tuesday at its lowest level since July 21, 2006.",the dow is not a day since.,0.08926557004451752,0.22164639830589294,-0.03929347172379494,2.132081946882163
"스탠더드앤푸어스(S&P) 500 지수와 기술주 중심의 나스닥 종합지수는 각각 2.5%, 3.1% 올랐다.","The Standard & Poor's 500 (SPX) index also added 2.5%, and the tech-laden Nasdaq composite (COMP) gained 3.1%.","the standard poor s index, two thirds of the world s top administrative list, and th capable of having stable.",-0.2678517997264862,-0.13662034273147583,-0.39599087834358215,3.6347366172289584
뉴욕 증시는 이날 인플레이션 압력에도 불구하고 급등했다.,The rally came despite a reading showing a jump in inflation.,"new york based on the recession, despite severe pressure on inflation despite ends.",0.3072049915790558,0.24500232934951782,0.3686055541038513,3.4585921141027365
인플레이션의 중요한 지표가 되는 소비자물가지수(CPI)는 지난해 5% 올라 17년 만에 가장 큰 상승세를 나타냈다.,"The Consumer Price Index, a key inflation gauge, soared 5% in the past year - the biggest annual jump in more than 17 years.","the company s captures a big three year high rise in the city, and the biggest percent drop in the city s largest city.",0.06560548394918442,0.08899511396884918,0.039422933012247086,4.633671622378395
휘발유와 식료품 가격도 직장인의 연봉 인상률을 훨씬 초과했다.,Record gas and food prices helped the index jump to levels that outpaced the average annual pay increase.,gasoline prices will be resed and scline for the uprising of a barrel.,-0.05691946670413017,-0.17974942922592163,0.0687880665063858,2.8099817702511314
뉴욕증시는 16일 거래시작과 동시 에 CPI가 발표되면서 변동폭이 크게 일어났다.,"However, the market turned higher quickly after the open as traders absorbed several positive corporate results.","to be closed warnings, the city s plans had been taken into the streets, warning of the city s eastern city of pouch.",0.03438349440693855,-0.04204554483294487,0.10998846590518951,3.435812002459847
그러나 기업실적이 긍정적으로 나오면서 투자자들을 안심시켰다.,Investors welcomed the news as a sign of relief on pressured markets.,but the world is still struggling to investor investors.,0.2693181335926056,0.2976391017436981,0.2389521300792694,3.696719741302181
캐피털메니지먼트그룹의 최고경영자인 헤리 클락은 “시장이 계속 하락할 수는 없다”며 “투자자들의 심리가 너무 위축돼 있어 모든 정보가 긍정적으로 평가되고 있다”고 밝혔다.,"""The market can't go down forever,"" said Harry Clark, chief executive of Capital Management Group. ""Investor sentiment was so negative that any news can now be taken as a positive.","that s what causes the actual is not even if their falls is not a big end of the year, but nothing continues to make sure that they continue to make",-0.12882289290428162,-0.1980237513780594,-0.06135985627770424,1.4031489006788196
차기 우주선 설계자가 현재 가장 필요한 물질은 대량의 소변이다.,WASHINGTON (CNN) The No. 1 need right now for some of the builders of the nation's next spaceship: Lots of urine.,the spacecraft is scheduled to find space at the border with space shuttle.,0.08615880459547043,0.13859319686889648,0.03188895806670189,1.5860671757292075
나사워치닷컴은 내부 공지에서 미국 우주 프로그램 계약업체인 해밀턴 선스트랜드(Hamilton Sundstrand)가 최신 달 탐사 우주선인 오리온호 제작을 위해 텍사스주 휴스턴에 존슨 우주 개발 센터 소속 직원들의 소변을 모으고 있다고 밝혔다.,"Space program contractor Hamilton Sundstrand is seeking urine from workers at the Johnson Space Center in Houston, Texas, as part of its work on the new Orion space capsule that eventually would take astronauts to the moon, according to an internal memo posted on the Web site Nasawatch.com.","after the space station was earth, a space shuttle program rocket and the space station is planned for earth and tourists into the space station.",0.0037127917166799307,0.1132916584610939,-0.10430482774972916,0.8586396329885876
하루 필요한 분량은 30리터로 주말에도 그만한 분량이 필요하다.,"The need is voluminous: 30 liters a day, which translates into nearly 8 gallons. Even on weekends.","minutes, more than two weeks after two minutes, a day after minutes, said minutes, a minute said.",-0.04430346190929413,-0.11674601584672928,0.026841312646865845,4.108053662461269
미항공우주국(NASA)의 우주선 정비 지원 시스템 담당인 존 루이스는 설계자가 우주 비행사가 달을 탐사하는 6개월 이상 우주공간에서 우주선을 비워둔 채 정박해 있을 오리온호에 저장된 소변을 없애야 하는 절박한 문제를 해결해야 한다고 밝혔다.,"Designers of the Orion, which will park unoccupied in space for up to six months while astronauts work on the moon, have to solve a pressing issue of getting rid of stored urine, said John Lewis, NASA's head of life support systems for Orion.",the space station is a month old month old space shuttle program to complete space exploration technology.,0.0402996651828289,0.09211412072181702,-0.013511916622519493,0.5738028920429228
"루이스는 “소변이 가득 찰 경우 매우 불결하다”며 ""소변이 가득 차면 소변을 버리는 배출 시스템을 막아버려 폐수 처리 시스템을 청결하게 유지하기 정말 힘들다”고 말했다.","""Urine is a mess because urine is full of solids,"" Lewis said. Those solids clog the venting system for dumping pee, so keeping the waste disposal system clear is ""really a challenge,"" he said.","lewis said it was the first time they would like to get their car in the water, said luis, whose company townspeses that they",-0.05149560421705246,-0.10281997919082642,-0.0025698074605315924,1.1757579768727393
NASA는 직원들이 가짜 소변을 만들어 낼 수 없기 때문에 우주선 화장실 개선을 위해 직원들의 소변을 모으는 것이 오래된 전통이라고 전했다.,"NASA has a long-standing tradition of collecting samples from its workers to help design better space toilets because ""you can't make fake urine,"" Lewis said.","nasa employees the crew, koized said, shuttles aboard the space shuttle would not affect space shuttle lands and improves of employees, the space agency",-0.021036092191934586,-0.04016254097223282,-0.005109194666147232,1.8225437070682784
오리온호의 화장실을 제조업체인 해밀턴 선스트랜드의 레오 마코우스키 대변인은 회사가 소변의 산성도 문제를 해결하기 위해 매일 직원 30명의 소변이 필요하다고 말했다.,"The Connecticut-based company building the Orion toilet needs the large volume of urine (about the daily output of 30 people) to work on urine acidity problems, said spokesman Leo Makowski.","the spokesman said the fleet of a company spokeswoman confirmed that a company spokeswoman will not be resolved, the spokesman said.",0.0718536302447319,0.13828791677951813,0.004200476687401533,1.7679078552319676
그는 7월 21일부터 31일까지 매일 필요한 양을 수급하며 외부 공개로는 수급하지 않는다고 말했다.,"The memo seeking daily contributions from July 21 to July 31 was not meant to go public, he said.","since then, he said, were noting up to a drop in may, but he said.",0.11547478288412094,0.15044626593589783,0.07814478874206543,10.142823159709938
"미국 록그룹 롤링 스톤즈의 기타리스트, 로니 우드가 16일(현지시간) 알코올 중독을 치료하기 위해 재활시설에 입소했다고 그의 대변인이 밝혔다.","LONDON, England (CNN) Ronnie Wood entered a rehabilitation facility Wednesday for help with alcoholism, said a spokeswoman for the Rolling Stones guitarist.","the panel, featuring henley, had suffered a successful study to join medical treatment to a successful memphis, she said.",0.03490299731492996,0.053888000547885895,0.012947019189596176,2.2508683245561225
"익명의 대변인은 “오랫동안 알코올 중독이었던 로니가 재활센터에 입소했다”며 “친인척과 동료들이 루니가 중독 치료를 위해 도움을 요청했으며 잘 극복할 것으로 기대한다고 말했다""고 전했다.","""Following Ronnie's continued battle with alcohol he has entered a period of rehab,"" the spokeswoman said on condition of anonymity as required by her agency. ""His close family and friends say he is seeking help and look forward to his recovery.","you re, a spokeswoman for the long awaited unit, a spokesman for the disaster said. i have a right to see, he said. i got",0.0010630175238475204,0.024265414103865623,-0.025140251964330673,1.2201273589254935
우드(61)는 롤링 스톤즈 활동 시절에도 오랫동안 알코올 중독에 시달려 왔다. 그는 1960년대 롤링 스톤즈의 ‘더 패이스(The Faces)’ 앨범부터 기타리스트로 활동했다.,"Wood, 61, has fought a long battle with alcoholism during his rock 'n' roll career, which started in the 1960s when he played with the band The Faces.","she is in the same course for the springs s first title in, and they ve seen more freedom of the title in the city s.",-0.016465824097394943,3.608239785535261e-05,-0.03614143282175064,2.911180593238087
대변인은 그가 재활센터에서 어떤 치료를 받을 지 구체적인 내용은 밝히지 않았다.,His spokeswoman didn't release any details about the treatment he will receive or the clinic that he entered.,"a spokeswoman for the state department was not specifically, but they needed to treatment.",0.15335634350776672,0.18950830399990082,0.11499862372875214,2.867273570500278
잘생긴 기타리스트인 로니는 최근 몇 년 동안 건강해 보였다.,The craggy guitarist had seemed to be in good health in recent years.,"the recently turned over, roddick over several years.",0.038121361285448074,0.023276330903172493,0.04990626126527786,5.62547987431907
영국 런던의 훌륭한 음악가 전시에서 자신의 초상화를 판매할 당시에도 그는 음악가로서 활동을 재기했다.,"He has developed a strong second career as an artist, selling his paintings at some of London's respected art galleries.","london, england cnn britain s music music film said it would be put to fall on their homes in the exhibition of his london.",-0.0392790287733078,-0.10675331950187683,0.026623064652085304,2.042946039568498
그러나 그가 또다시 술을 마신다는 기사가 최근 집중적으로 보도됐다.,But he has been the focus of feverish recent newspaper reports about his resuming drinking.,"he had also worried, he said.",0.2167111337184906,0.31272968649864197,0.12169355899095535,2.41596535992123
80세 할아버지가 병원측이 부러진 다리에 깁스를 너무 조여 다리를 절단하는 긴급수술을 받았다.,(CNN) An 80-year-old man was forced to undergo emergency surgery to have his leg amputated following a hospital blunder in which the broken limb was encased too tightly in a plaster cast.,"a year old woman who was named and the other way to take a different way toyota supra to the city, the associated press reported.",-0.005095067899674177,-0.05581628903746605,0.043347153812646866,1.5586823505006984
영국의 프레스 어소시에이션(PA)는 영국 잉글랜드 북서부 로치데일에 사는 톰 톡스가 수술 중 쇼크로 심장 마비가 오고 신장 기능도 악화됐다고 보도했다.,"Tom Talks, from Rochdale, northwestern England, also suffered a heart attack and renal failure brought on by the shock of the operation, he told the UK's Press Association.","he said the british date is the mastered into a flying toyota supra, a private collection of england, a sister paper to the british council,",-0.13322222232818604,-0.14157211780548096,-0.1285441368818283,1.934658250478043
두달 전 개와 산책을 하던 중 넘어진 톡스는 오른쪽 다리가 부러져 맨체스터 인근 베리에 있는 페어필드 종합병원에서 깁스를 했다.,"The plaster cast was fitted at Fairfield General Hospital in Bury, near Manchester, two months ago after Talks broke his right leg when he fell whilst walking his dog.","the sun, one of the three men who were filled in a nearby park in february, around the edge of nearly a nearby bridges in the near",-0.12199202924966812,-0.1412569284439087,-0.10625384747982025,1.6408531065708074
그러나 그는 병원 의료진에게 깁스가 너무 조여 고통을 호소했으나 의료진은 이를 무시하고 더욱 강한 진통제를 복용하라고 권했다고 전했다.,"But he said hospital staff had dismissed his complaints that the cast was too tight, telling him to ""take stronger painkillers.","but doctors say he wasn t let the crew that the crew would be allowed to get out painkillers but failed to let the search for a medical community, he",0.1319218873977661,0.05704804137349129,0.2061576396226883,3.156861810786021
"그는 “피부가 터져 버릴 것처럼 깁스로 인한 다리의 압박이 심했다”며 “병원측에 고통을 참을 수 없으니 깁스를 풀어달라고 간곡히 요청했다""고 말했다.","""The pressure in my leg was such I felt as though it was trying to burst through the skin. I was begging and pleading with them to release the plaster because I couldn't stand the pain,"" he told PA.","it was a terrible idea, which was appropriated from hospital to solve this problem, said hospital spokeswoman, who was to establish a doctor, hospital, to",0.014004990458488464,0.020285028964281082,0.0045418208464980125,2.1297125641531016
톡스의 주치의는 깁스를 풀고 난 이틀 후 다리가 기능을 잃어 무릎 위까지 절단하는 수술을 받지 않으면 생명이 위험하게 될 것이라고 경고했다.,"Two days after the cast was removed, Talk's doctor warned him that the leg had ""died"" and told him that his life was in danger forcing surgeons to amputate the leg above the knee.","the red sox, had been used as well as another sign of another, giving lectures signing another sign of ann, said dr",-0.02622898668050766,-0.04788735881447792,-0.007747978437691927,1.1784922959293826
입원 중인 톡스는 84살의 아내가 스스로 잘 돌보지 못하게 될 것이 걱정되어 이번 수술을 받기로 결정했으며 이같은 큰 실수를 다시 하지 않길 바랄 뿐이라고 밝혔다.,"Talks, who remains in hospital, opted to undergo the operation because he feared his 84-year-old wife would be unable to cope by herself and said he hoped the blunder would not be repeated.","his wife,, was a goody to stay in their rather than surgery.",0.0013932239962741733,-0.0022661162074655294,0.0018032868392765522,0.9225190384326118
(CNN) / 이수지(JOINS),"""Obviously it was an error.",the unemployment rate is now.,0.20600149035453796,0.18594923615455627,0.22360579669475555,6.870636427700047
##http://article.joins.com/article/cnn_e/article.asp?cat_code=22&Total_ID=3228181,I should have had my leg attended to but because it wasn't I've lost my leg.,http article. joins. com article cnn e article. asp ⁇ cat code total id,-0.214278906583786,-0.3296399712562561,-0.09715817868709564,2.2869567780619007
누주드 알리는 10살이지만 이미 결혼에 이혼 경력까지 있다.,"But anger never does anyone any good in my opinion, I'm a forward-looking person.",a city already has always faced his year old girl.,0.05194200202822685,0.05949456989765167,0.041337642818689346,2.828945803162801
중매로 결혼한 알리의 남편은 결혼 생활 동안 상습적으로 알리를 구타하고 성폭행 했다.,All I'm hoping for is this is shown up so this doesn't happen again.,"a married man has been accused of living with a man who attempted to rape a child, but many sexual abuse as she left as many as attorney general david",-0.019480766728520393,-0.08663490414619446,0.04614263400435448,0.0
알리는 형제 자매와 구슬치기 놀이를 할 때 수줍은 미소에 순진한 표정을 지었다.,"As she plays marbles with her brothers and sister, Nujood is a portrait of innocence, with a shy smile and a playful nature.","a few days in prison, where they can have only a test of, roubles.",0.055333416908979416,0.05855748802423477,0.049044590443372726,2.108022108433796
그러나 알리는 결혼생활을 떠올리면 화 내고 수치스러워했다.,But what happened evokes anger and shame.,"but mohammed, the marriing of a marriage, he said.",0.12771007418632507,-0.0007329679792746902,0.26001429557800293,3.3864985683445354
알리는 결혼이 고문이었는지 묻는 질문에 조용히 고개를 끄덕였다.,"Asked if what she went through was torture, she nods quietly.","whether the child was brought to them, she said.",0.2248486876487732,0.28302785754203796,0.16549135744571686,7.431878014503621
알리의 부모는 지난 2월 30대 남성에게 알리를 시집 보냈다. 알리는 그가 늙고 추한 사람이었다고 말했다.,Nujood's parents married her off in February to a man in his 30s whom she describes as old and ugly.,parents expressed his younger to stop in december to last june.,0.032530102878808975,0.106175996363163,-0.04204544797539711,2.392062573000875
부모는 시댁이 알리를 잘 돌봐줄 것이라고 생각했었다. 그러나 알리는 남편이 말을 듣게 하려고 자주 자신을 구타했다고 말했다.,"Her parents said they thought they were putting her in the care of her husband's family, but Nujood said he would often beat her into submission.","i think she was arrested but she was reportedly to be tried, but i think she got him against him, but he didn t let him home, but i",0.1011427640914917,0.09880457818508148,0.10055534541606903,2.567438714971685
다행히도 알리는 가족의 품으로 다시 돌아왔다.,Nujood then turned to her family for mercy.,the report is about.,-0.08471754938364029,-0.19941645860671997,0.031956519931554794,4.799810699119212
대다수의 예멘 국민들처럼 알리의 부모는 딸의 결혼을 결정할 때 사회적 관습에 부딪혔다.,"Nujood's parents, like so many others in Yemen, struck a social bargain when they decided to have their daughter wed.","their parents are likely to have their children s decisions by, as their daughters.",0.10235799103975296,0.08992370963096619,0.11191803216934204,6.989776983726129
세계 빈민 구제를 위한 비영리 단체인 옥스팸은 18세 전 결혼하는 여성들이 절반이 넘는 것으로 추산했다.,"More than half of all Yemeni girls are married off before the age of 18, according to Oxfam International, a nonprofit group that fights global poverty and injustice.","the, women said more than people were killed, but one female.",0.046065740287303925,0.16273586452007294,-0.06833954900503159,1.2608940420827155
옥스팸은 대다수 여성들이 나이 많은 남성과 결혼하도록 강요 받으며 이 중 일부 남성은 중혼한 경우도 있다고 밝혔다.,"""There is always a fear that the girl will do something to dishonor the family: She will run away with a guy, she will have relations with a boy.","they are among the most likely to have sex, part of the south koreans, told the associated press.",0.03074168972671032,-0.029229220002889633,0.08895884454250336,1.6051133047363866
"옥스팸의 수하 바쉬렌은 “예멘에선 딸이 남자친구와 가출하거나 이성 친구가 있을 경우 가문의 수치가 될 것을 두려워한다”며 “그래서 가족들이 항상 공포에 가까울 정도로 이를 걱정한다""고 말했다.","So this is always the phobia that the families have,"" said Suha Bashren of Oxfam International.","they also have been caught, and or coity, according to the associated press.",0.027234084904193878,0.03713798522949219,0.014218304306268692,2.867273570500278
"바쉬렌은 조혼 전통을 예맨의 국가적 위기라고 보고 조혼,학대, 세계 가장 높은 산모 사망률의 예맨에서 여성을 보호하기 위해 일하고 있다고 밝혔다.","Bashren calls the tradition of child brides in Yemen a national crisis. She works with young girls to protect them from early marriage, abuse and one of the highest maternal mortality rates in the world.","the actions of the, people died so far, they have died in the s, and they died so far from the heart, including the world,",-0.03462611883878708,-0.05872056633234024,-0.01369408518075943,3.645409494955398
"알바로 우리베 콜롬비아 대통령은 16일(현지시간) 2주 전 좌익 반군인 콜롬비아무장혁명군(FARC)에게 억류됐던 인질15명을 구출하는 임무를 수행한 요원이 중립 단체인 국제적십자위원회(ICRC, 이하 적십자)의 표장(標章)을 사용한 사실을 인정했다.","BOGOTA, Colombia (CNN) Colombian President Alvaro Uribe admitted Wednesday that the symbol of the neutral Red Cross organization was used in a hostage rescue mission that freed 15 people from leftist rebels two weeks ago.","colombian president alvaro uribe said the rebels of hostages had killed hostages, and a rebel group called rebel groups, a government called tamil rebels",0.03625702112913132,0.04491480439901352,0.02450496330857277,1.3101986814800617
우리베 대통령은 콜롬비아 요원이 적십자 표장의 가슴받이를 착용한 미 공개 사진과 동영상이 보도되자 이 사실을 인정했다.,Uribe made the admission after CNN reported on unpublished photographs and videos that clearly showed a man wearing a Red Cross bib.,"colombian rebels are reporting that the colombian photos show without the photos of the past five years, which was also without the interstate turnout of the five star",0.09923462569713593,0.03993012756109238,0.1569623500108719,1.5301683686839005
제네바 조약 상 적십자 표장의 불법 사용은 금지 사항이다.,Wrongly using the Red Cross logo is prohibited by the Geneva Conventions.,the others were illegally in the us.,0.10773841291666031,0.22061733901500702,-0.003073157276958227,3.8902180856807296
우리베 대통령은 국영 TV와 라디오 방송에서 문제의 요원이 이번 인질구출작전에 연루된 콜롬비아 군 정보요원 임을 인정했다.,"The man was a member of the Colombian military intelligence team involved in the daring rescue, Uribe said in an address carried on national TV and radio.",he said the security agents should be received a mission called the national security law which we cannot afford to accept the mission that the colombian government was admitted to the national,-0.04402517154812813,-0.09025304764509201,-0.0003738866653293371,1.8154533256373544
우리베 대통령은 군 통수권자로서 자신이 실수라고 인정한 부분에 대해 모든 정치적 책임을 지겠다고 밝혔다.,"The president said that as the constitutional head of the armed forces, he takes full political responsibility for what he described as a slip-up.","president bush has declared a public opinion on the ground that he had responded to politics, he said.",0.21262328326702118,0.22216534614562988,0.20056454837322235,4.131650054982788
"그는 ""문제의 요원이 상관에게 자신의 실수를 인정하면서 구출 임무를 수행하던 헬기가 착륙했을 당시 너무 많은 게릴라들이 있어 불안한 상황이었다고 진술했다”며 “그는 생명의 위협을 느껴 상의에 적십자 표장의 가슴받이를 착용했다""고 설명했다.","""This officer, upon confessing his mistake to his superiors, said when the [rescue] helicopter was about to land ... he saw so many guerrillas that he went into a state of angst,"" Uribe said. ""He feared for his life and put on the Red Cross bib over his jacket.","many of his fingers in reversedes and airplanes have come to down on the site, he said.",0.01551723014563322,0.05884862318634987,-0.030213013291358948,0.80847210500265
그러나 익명의 군 정보통은 보도된 사진이 요원들이 작전 임무를 수행하기 전에 촬영됐다고 밝혔다.,"However, the confidential military source who showed CNN the photographs that included the man wearing the bib said they were taken moments before the mission took off.","but the ministry said it was shot, the ministry said.",0.2813563644886017,0.4367866516113281,0.13247224688529968,2.0654532911586028
우리베 대통령은 이번 실수에 대해 유감을 표하고 적십자에 사과했다.,Uribe said he was sorry for the mistake and has apologized to ICRC officials.,"the president has vowed to launch a range of apology, according to the associated press.",0.18885654211044312,0.1805591583251953,0.1945314258337021,3.234245292096216
그는 가슴받이를 한 요원에 대해 공식적인 징계 조치는 없을 것이라고 지적했다.,"There will be no official sanction against the man wearing the bib, he indicated.",he said he was no formal failure for the failure of the problem that he had no problem with the failure of the problem with the company that she was no formal failure.,0.23353293538093567,0.19614604115486145,0.2689341604709625,1.6276888006478718
유죄판결을 받고 형을 살던 살해범 등 레바논 죄수 5명은 베이루트로 돌아왔으며 사람들은 그들을 전쟁영웅처럼 환영했다.,"BEIRUT, Lebanon (CNN) Five Lebanese militants, including a convicted murderer, received heroes' welcomes Wednesday as they returned to Beirut from Israel as part of a prisoner swap.","two two people were killed and they were taking a toll with their grandchildren, a two member who was killed.",-0.09217174351215363,-0.06990823149681091,-0.11775130033493042,1.566548602820126
살인혐의로 유죄판결을 받고 이스라엘에서 복역하던 사미르 쿤타르는 베이루트에 도착하자마자 수많은 환영인파들을 향해 “팔레스타인의 자유를 위해 계속 투쟁할 것”이라고 전했다.,"Once in Beirut, convicted murderer Samir Kuntar who was the longest-held Lebanese prisoner in Israel told a crowd of thousands he'd continue to fight for the liberation of the Palestinian territories.","los angeles, california cnn the state television said it was diverting the judge to provide the bounds of living in southern israel, where he was let the runoff.",-0.035329971462488174,-0.08694973587989807,0.01395336538553238,1.9475422614226825
그는 “오늘 다시 팔레스타인에서 레바논으로 돌아왔다”며 “다시 팔레스타인으로 돌아가기 위해 잠시 들른 것이다”라고 덧붙였다.,"""I return today from Palestine, but believe me, I return to Lebanon only in order to return to Palestine,"" Kuntar said.",it is the first time in lebanon and he has their beliefs it to be moved to addressing their responsibilities.,0.057190343737602234,0.03698339685797691,0.07446746528148651,1.9300431450765243
"이스라엘은 이날, 지난 1979년 이스라엘 남성과 여학생을 살해한 혐의로 유죄판결을 받은 쿤타르와 다른 4명의 죄수들을 석방했다.",Kuntar convicted of killing a man and a girl in Israel in 1979 and the other four were released by Israel and crossed into southern Lebanon to cheers.,"israel has eight other rules on how to avoid them, and ford has released a three israeli prison in jail.",0.07966697961091995,0.06505054980516434,0.0913553312420845,2.0438005683474825
이들은 비행기를 타고 베이루트로 이동했으며 마이클 슐레이만 대통령은 그들을 '해방된 전쟁영웅'으로 칭하며 맞이했다.,"They then were flown to Beirut, where Lebanese President Michel Suleiman called them ""our dear liberated heroes.","they also took them to the top of these wars in these days, as they took, to,.",-0.07996964454650879,-0.08433199673891068,-0.07911929488182068,2.5683319547529764
"쿤타르와 함께 풀려난 4명의 죄수들은 2년 전, 헤즈볼라와 이스라엘의 전쟁 중 체포된 레바논 반군이다.",The other four are Lebanese militants captured during the Hezbollah-Israel war two years ago.,the eighty sixth day of war has been arrested since israel s war with hezbollah.,0.1508255898952484,0.06351811438798904,0.23836636543273926,3.21858262703621
한편 이스라엘은 이들을 석방하고 사망한 199명의 유해를 전달받았다.,Israel on Wednesday also released the remains of 199 fighters from Lebanon.,israel has left two of its members have left aid to have left.,0.04961996152997017,-0.0724446177482605,0.17470517754554749,3.377156414337854
이스라엘 국방부는 16일 오전 헤즈볼라가 2006년 납치한 이스라엘 군 소속 에후드 우디 골드와서와 엘다브 레게브의 시신을 이스라엘로 보냈다고 밝혔다.,"Earlier Wednesday, Hezbollah released to Israel the bodies of two Israeli soldiers who had been abducted in 2006, the Israel Defense Forces said.","a year later, israel defense minister ehud olmert and two of its territories have been established in the territory after israeli soldiers two years after",-0.10817880928516388,-0.2699929177761078,0.061377543956041336,2.3497215931088395
"이스라엘 국방부는 “국방부 군 랍비, 군의무대, 법의학 전문기구가 로쉬 한니크라 국경지역에서 이들의 시신의 확인했다”고 밝혔다.","The bodies ""were positively identified by representatives of the IDF Military Rabbinate, the Medical Corps and other forensic experts at the Rosh Hanikra crossing,"" the IDF said.","also, a soldier in the battle against israel, to launch a body of relatives in the cross border, troops launched a militant previous criminal record.",0.004599228501319885,0.06449268758296967,-0.057033102959394455,1.8159024659260172
"골드와서와 레게브의 장례식은 각각 17일, 나하리야와 크리야트 모트즈킨에서 치러질 예정이다.",Goldwasser's will be in Nahariya and Regev's in Kryat Motzkin.,"the funeral, lost, the funeral is working friday and sing a plan to dote, and i ll have to be in the town of moise, but they",-0.15732835233211517,-0.08205809444189072,-0.2339433878660202,2.654593780141315
매케인은 경쟁자인 오바마 의원에 대한 칭찬으로 연설을 시작했고 청중들은 이에 환호했다.,McCain received the most cheers when opened his address with praise for his rival.,mccain told his officers on his speech.,0.29276102781295776,0.2720637619495392,0.31130221486091614,3.029704891446693
그가 교육 개혁에 관한 연설을 마치자 청중들은 정중하게 기립 박수를 보냈다.,"By the end of his speech, which focused on education reform, the crowd was on its feet, giving McCain a respectful standing ovation.","he also ruled out the possibility of public education, education.",0.19105108082294464,0.31633299589157104,0.06910818815231323,1.45085929047612
매케인은 그들에게 교육체제를 개혁하고 소수민족을 위한 교육 기회를 확대하겠다고 공언했다.,The audience cheered McCain's promise to reform the education system and expand opportunities for minorities.,"mccain wants to make their long awaited education, prince charles.",0.13654936850070953,0.030619099736213684,0.24415434896945953,3.193496045597428
조지 부시 미국 대통령은 재임 6년이 되던 해까지 NAACP가 자신의 입장과는 배치되는 생각을 가지고 있는 단체라며 한 번도 총회에 참석한 적이 없었다.,President Bush did not attend an NAACP conference until his sixth year in office because he considered it a partisan organization that worked against him.,"president bush has not been reluctant to power by his ex elections, which is not alive in the election.",0.08205471187829971,0.10081139206886292,0.06047483906149864,2.0241733707619405
매케인은 오하이오주 신시네티에서의 연설 중 “내가 그를 칭찬했다는 말을 전하지 말아달라”며 “그러나 오바마는 여러가지 면에서 감동을 주는 사람”이라 전했다.,"""Don't tell him I said this, but he is an impressive fellow in many ways.","i think mccain is to be doing something like his, but obama said mccain was doing something like that of his two things to choose, said obama",-0.018740186467766762,-0.06844937056303024,0.028606750071048737,3.060336737367801
스웨덴 서부의 한 테마파크에서 놀이기구가 무너져 30명이 다쳤다고 스웨덴 당국이 밝혔다.,"STOCKHOLM, Sweden (CNN) Swedish officials say a theme park ride has collapsed in a city in western Sweden, injuring 30 people.","a train carrying people were believed to be at a. m. gmt, a city s center, to send a giant s deadly one, and",-0.12153468281030655,-0.07735783606767654,-0.16849447786808014,3.5198870526684183
모니카 그랜딘 긴급호출구조대 대변인은 예테보리에 있는 리세베리 테마파크에서 레인보우라는 놀이기구가 무너지는 사고로 생명이 위험할 정도로 다친 사람은 없다고 말했다.,"However, SOS Alarm rescue service spokeswoman Monica Grandin says no one has received life-threatening injuries after the Rainbow ride collapsed at the Liseberg theme park in Goteborg.","on monday, the agency said it is a multi color in a motorethballous than, appelhansen said.",-0.10531007498502731,-0.11031698435544968,-0.1038966253399849,1.6913956476085643
대변인은 부상자 30명이 다리 골절부터 정신적 충격 등 여러 증세로 병원에 입원했다고 전했다.,She says a total of 30 people had been taken to hospital with injuries ranging from bone fractures to shock.,"the people said that the gunman was taken to hospital with minor injuries, he said.",0.4419924318790436,0.5076676607131958,0.37611618638038635,13.014525419436705
마린 사스트롬 예테보리 관할 경찰 대변인은 놀이기구를 타고 있던 몇 명이 밖으로 떨어져 옆으로 넘어진 의자 플랫폼에 깔렸다고 밝혔다.,Goteborg police spokeswoman Malin Sahlstrom says some people were thrown out of the ride and squeezed as the seating platform tipped to one side.,"a local police spokesman said the two men are around the world, along with several hundred people about the fourth round of all five men, according to",0.002537115477025509,0.012057535350322723,-0.010178772732615471,2.01381482546679
그는 사고 당시 놀이기구에 36명이 타고 있었으며 스웨덴 국립 사고 조사단이 이번 사고의 진상조사에 착수했다고 말했다.,She says that 36 people were aboard the ride when it collapsed and that the National Board of Accident Investigation will start an inquiry.,"the incident occurred, said a researcher who was nearly involved in the incident, said the researcher had been lost in the incident.",0.09894256293773651,0.08466027677059174,0.11035633832216263,1.982256626710344
리세베리 관리 담당인 피터 안데르손은 볼베어링의 고장으로 사고가 발생한 것으로 보인다고 밝혔다.,"The Liseberg manager on duty, Peter Andersson, said it appeared that the accident was caused by a malfunctioned ball bearing.",they are believed that the incident is believed to be a very heavy reason to believe that nuclear activities are still being held in a pre incident.,0.05928388610482216,0.0641106441617012,0.05141277611255646,3.176023542809473
"그는“볼베어링이 빠지면서 놀이기구가 고정되지 않은 것으로 보인다""고 말했다.","""As far as I know, it is a ball bearing that has slipped out of its holding,"" he said.","it s not sure that the two would be unable to do away, said lag canc.",0.037212323397397995,-0.02721780352294445,0.10013370960950851,2.301174290200105
"안데르손은 ""봄 에 실시한 안전 검사에서 놀이기구의 결함이 발견되지 않았다""고 덧붙였다.","Andersson said the attraction had been through a security checkup in the spring, when no faults were discovered.","they did not know there s anything on a halfway, then said.",0.11463284492492676,0.14479583501815796,0.08198234438896179,2.616269437927649
리세베리 테마파크는 스웨덴의 인기 있는 관광지로 놀이기구 30여개가 있으며 북유럽에서 가장 재미있는 테마파크로 유명하다.,"Liseberg is a popular tourist destination in Sweden and the biggest fun fair park in the Nordic region, with more than 30 rides","the dai was a tricky seed, a longtime friend of pao, arizona, is a best thing, said dr. patil ma,",-0.0709294006228447,-0.08052459359169006,-0.06479451805353165,3.435812002459847
중국 정부가 최근 칭다오에 있는 베이징 올림픽 요트 경기장에 확산됐던 녹조를 완전히 제거했다고 관계자가 15일(현지시간) 밝혔다.,"SHANGHAI, China (CNN) The site of the Olympic sailing competition is ""basically"" free of the bright-green algae bloom that recently carpeted the sea off the Chinese city of Qingdao, an official said Tuesday.",cnn china s officials have said they had made off the territory s summer games against the games.,-0.04977288097143173,-0.02254336327314377,-0.08007682859897614,1.6858213952321834
그동안 기후 변화로 인한 녹조현상이 확산되면서 베이징올림픽 요트 경기 참가선수 30여명의 훈련에 방해가 됐다.,"The sea-blanketing algae bloom, which officials blamed on natural causes, had disrupted practice for the more than 30 Olympic sailing teams already there.","the current current system nationwide, the nation s top more than million currently estimates, according to the international labor agency, currently, the country s currently",-0.21292877197265625,-0.31867867708206177,-0.1063649132847786,3.235912122544166
중국 정부는 요트 경기장의 녹조 제거작업을 15일까지 목표로 정했다.,The Chinese government had set a goal of clearing the sailing area by Tuesday.,"the government has been restricting as a result of the events, but chinese officials said.",0.2490459382534027,0.21751071512699127,0.27849283814430237,3.4197980307804725
"베이징올림픽 조직위원회의 왕 하이타오 부위원장은 전화 인터뷰에서“현재 몇 일전과는 완전히 다르게 녹조현상이 제거됐다""며 ""특히 올림픽 요트 경기장의 녹조는 찾기 힘들다""고 밝혔다.","It's hard to find the green algae, especially in the Olympics sailing site,"" Wang Haitao, vice president of the sailing committee for China's games organizing committee, told The Associated Press by telephone.",". trillion won, it said. they should have had a. m. wednesday, was quoted as saying.",-0.06984096020460129,-0.004024602472782135,-0.13730695843696594,1.098445198574468
"8월에 개최되는 올림픽을 위해 요트 경기자 보호에 만전을 기하고 있는 중국 당국은 지난 몇 주 동안 녹조 제거작업에 수천명의 군인, 자원봉사단과 어선을 동원했다.","In an extreme effort to save the site for next month's Olympics, the Chinese government in past weeks called on thousands of soldiers, volunteers and fishing boats to help remove the algae.","in the last few weeks, they have contracted damages for the past few months in order to launch a few days in march, prompting the product to impose a",0.08386148512363434,0.06472616642713547,0.10013794898986816,1.9197975613923115
이들은 올림픽 요트경기장 내 제거 작업을 진행하면서 경기장 밖 바다에서 경기장으로 녹조현상이 확산되지 않도록 그물과 범포를 사용한 보호장치를 설치했다.,"While the site of the Olympic competition is clear, the cleanup continues outside the barrier of fishnets and canvas being used to keep the algae out of the competition area.",they did not know they ll never be in the united states and the national security council on the field that the athletes will be the site there.,0.02710270881652832,-0.0032548445742577314,0.054628483951091766,3.281706213141615
왕 부위원장은 “어제 어선 1700척을 동원해 칭다오 바다 전역의 녹조를 찾았으나 10톤밖에 발견되지 않았다”며 “제거 작업으로 며칠 전에 비해 많이 개선됐다”고 밝혔다.,"""Yesterday, we sent out 1,700 fishing boats to search for algae over the whole sea area in Qingdao, but they only got 10,000 tons ,"" Wang said. ""Compared with days before, that's big progress.","another were found in a field north of ice before they were found in a preliminary test of, a city in northern yesterday, adding to a defect",-0.0214800164103508,-0.013543988578021526,-0.03270217031240463,1.2862808397225212
그는 37개국의 올림픽 참가 선수들이 요트 경기장에서 훈련하고 있다고 말했다.,"Thirty-seven national teams are now training at the site, he said.",he said the site would participate in the final game of the game from the current games.,0.3144836723804474,0.26145270466804504,0.36632686853408813,6.423094863383858
베이징 올림픽 개막식은 8월 8일이며 칭다오에서 열리는 요트 경기는 9일부터 시작된다.,"The Olympic Games open August 8 in Beijing, and the sailing competition off Qingdao begins the next day.","the opening ceremonies starting some starting in, some events started at about, some events.",0.006648274138569832,-0.0044441488571465015,0.014543023891746998,2.711020190038818
전날 밤 열린 미사와 팝 콘서트에는 10만명이 참여했다.,"SYDNEY, Australia (CNN) Young Roman Catholic pilgrims attended religious classes throughout Sydney on Wednesday morning, a quiet recovery after a Mass and pop concert thronged by more than 100,000 people the night before.","and, with, people attended a rally in night.",0.085001140832901,0.22811293601989746,-0.053196605294942856,0.541440404361021
순례자들에게 주어진 공식 안내서에는 '명상을 위한 침묵의 시간(time for silence for reflection)’이란 명상 프로그램을 시작으로 행사 두번째 날 일정이 진행된다고 게재됐다.,"The second day of the World Youth Day celebration offered a relaxed schedule, beginning with ""time for silence for reflection,"" according to the pilgrims' official handbook.","the question continued to call it a program to call for a successful launch in a similar statement that it developed a. m. sunday, a five year old to developing nation",-0.04521850496530533,-0.055143456906080246,-0.0386684387922287,1.7035962947530543
"오후에는 도심에서 성 마리아 대성당까지의 순례 행사, 도심 곳곳에 마련된 장소에서 바베큐 행사, 시드니 유명 해수욕장인 본디 비치(Bondi Beach)에서 랩을 하는 미국 사제가 출연하는 야외파티가 진행됐다.","Afternoon events include a pilgrimage walk to the downtown St. Mary's Cathedral, barbecues at hundreds of venues around the city, and a beach party at Sydney's famous Bondi Beach featuring a rapping American priest.","after p. m., a top prize for,, island, took place, ma stup, a miami, floridian, ma",-0.21973031759262085,-0.3100458085536957,-0.12995444238185883,1.4250696911929015
교황 베네딕토 16세는 이날 행사에 참석하기 전 마지막 휴식을 취하며 이날 참석한 천주교 신도의 휴대전화에 “성령이 사도들을 세상에 보내셨고 여러분에게 예수님의 부활을 널리 전파할 능력을 주셨습니다-교황 베네딕토 16세로부터”라는 문자 메시지를 보냈다.,"Pope Benedict XVI, enjoying a final day of rest before joining the events, sent a daily text message to pilgrims' cell phones: ""The Holy Spirit gave the Apostles and gives u the power boldly 2 proclaim that Christ is risen! - BXVI.","year old pope benedict xvi, who was due to attend around the world, was due to cancel his performance as a result of the nd century, and his",-0.031157007440924644,0.006094741635024548,-0.07115236669778824,1.1656180626480213
이번 '세계 청년의 날' 행사에는 전세계 절반이 넘는 국가에서 약 25만명이 참가 등록을 했다.,"Nearly 250,000 people registered for World Youth Day, more than half from overseas.","more than countries are about, seats about half of the world s biggest nations.",0.06938149034976959,0.01267588883638382,0.12429803609848022,6.150343144231885
대규모 천주교 신도들은 15일 명소인 시드니 하버 브리지 인근 강변에서 168개국 국기를 든 단체들의 행렬을 따라 저녁 미사에 참석했다.,"The scale of the event was revealed when pilgrims arrived in droves and gathered along a waterfront Tuesday near the landmark Sydney Harbor Bridge for a twilight Mass, beginning with a procession of groups from 168 countries waving their national flags.£®","they are taking part of a muslim mob to take a foot of three nations in the nation s capital, il, told the nation s weather system.",-0.09216679632663727,-0.12894576787948608,-0.058432433754205704,1.3484492734329032
일본 전역의 어민들이 15일 국제유가 급등에 항의하는 거리 집회를 열고 어선 200여척이 조업 중단에 들어갔다,"TOKYO, Japan (CNN) &#8212; Two hundred thousand boats sat idle in Japan, as fishermen across the nation took to the streets on Tuesday to protest skyrocketing fuel prices.",japanese prime ministers japanese leaders yesterday to protest the south east of southern japan to stay heading about japan s head.,-0.048397667706012726,-0.0018518760334700346,-0.09741640090942383,2.298764044086113
어민들은 일본 사상 처음 있는 이번 파업을 통해 일본 정부가 개입하지 않으면 연료비 급등으로 어업이 어려워질 것이라고 정부를 설득하고 있다.,"The strike the first ever by the country's fishermen hopes to convince the government that without its intervention, rising fuel costs will kill the fishermen's businesses.",they are expected to make a strong protest against the japanese foreign minister bans off the japanese parliament against the government s policy of parliament.,0.10707765072584152,0.08895408362150192,0.12240419536828995,3.520829054274214
일본 전역의 항구에 있는 어선들은 단결의 상징으로 동시 에 경적을 울리며 조업을 중단했다.,"Across Japan's fishing ports, fishermen simultaneously blew their whistles in a symbol of solidarity, and operations ground to a halt.",the port hunters are also linked to the same links to the same time.,0.07521431893110275,0.08156037330627441,0.06588399410247803,1.833381346932101
"어민 수천명은 도쿄 번화가에서 집회를 열고 확성기로 “어민들이 죽고 있다""는 구호를 외치며 수산부 건물 주변을 행진했다.","Thousands of others rallied in downtown Tokyo, marching in circles around the fisheries ministry and chanting, ""We're dying,"" through bullhorns.","thousands of people were killed and in their attempts to find their land in the south, but they were riding collided with a single up to carry out the body",0.007852203212678432,0.008050266653299332,0.0044265068136155605,1.877081263233555
이 연합회는 급증하는 연료비 지출을 보상하기 위한 정부 차원의 보조금 지원을 바라고 있다.,They want the government to provide subsidies to make up for the price hike.,the yonhap news agency is seeking to fund the money.,0.24679064750671387,0.15603692829608917,0.3382903039455414,3.68437174244679
공화제로 출범한 네팔 의회가 오는 19일(현지시간) 의원 간접투표로 첫 대통령을 선출할 예정이다.,"KATHMANDU, Nepal (CNN) Lawmakers in Nepal will vote Saturday to pick the country's first president since it became a republic.",cnn congress passing congress congressional democrats willing to elect tickets on a vote of a vote to elect a first major national assembly next month.,0.04168582707643509,0.07363992929458618,0.0070606921799480915,2.16015243499944
네팔은 지난 4월 총선을 통해 제헌 의회가 새로 선출되면서 239년간 계속됐던 왕정이 폐지됐다.,The country's newly elected Constituent Assembly abolished a 239-year monarchy following elections in April.,"nepal s national assembly was also by election by the national elections, according to january, by april.",0.14458097517490387,0.11819780617952347,0.16842585802078247,2.276859592073037
그러나 현재 네팔 의회에는 과반수 이상의 의석을 차지한 집권 여당이 없어 어떤 인물이 초대 대통령으로 선출 될지는 미지수로 남아있다.,"But with no one party winning a majority of the seats, it is unclear who may become president.","but the governing council, which rules the governing council of more than, seats in parliament, could make governing the council s seat in a majority.",0.17760832607746124,0.05298028141260147,0.30579647421836853,3.5198870526684183
네팔의 대통령은 상징적으로 국가를 대표하는 지도자지만 이번 에 선출되는 초대 대통령은 새 정부 구성을 위한 총리를 선출하게 된다.,But a president will swear in whoever is picked as the new prime minister.,", the president has not yet to offer his government to form a government leading into a union of new government.",0.21875770390033722,0.14247983694076538,0.2947344481945038,2.5828020030551087
주요 정당 3곳은 대통령 지명을 위한 합의를 계속하고 있다.,The three main political parties continued to negotiate over whom to name president.,"major power party, is the top of president bush, said two hours later.",0.19284585118293762,0.1673109084367752,0.21598267555236816,2.908317710573758
네팔 의회는 과도정부 총리직을 사임한 네팔국민회의당의 기리자 프라사드 코이랄라 당 대표를 원하고 있다.,The Nepali Congress wants outgoing prime minister and party president Girija Prasad Koirala for the position.,"nepal s parliament, deputy leader, and the controversial member of the governing council, said he would not resign.",-0.0034722883719950914,0.1034238338470459,-0.10904685407876968,2.273154356702287
마르크스-레닌주의 연대 네팔공산당은 자신들의 대표가 대통령에 선출되길 바라고 있다.,The Communist Party of Nepal (United Marxist-Leninist) wants its leader.,"but the national party, said the party s leadership is their leadership.",0.21836251020431519,0.30336064100265503,0.1336236298084259,2.839838722567789
다수당이지만 과반 의석에 확보에 실패한 마오쩌둥의 네팔공산당은 두 대표 모두가 대통령에 선출되길 바라지 않고 비 정치계 인사가 되길 바라고 있다.,But the Maoists which won the largest number of seats but fell short of a majority do not favor either of the two men. They want a non-political figure as president.,but the national electoral commission said it would not confirm the president s side but had no yet about much later in the presidential election.,0.1682099848985672,0.13892360031604767,0.1950959712266922,1.7951096041601091
벤 버냉키 미 연방준비제도이사회(FRB) 의장은 15일(현지시간) 미 상원 금융위원회에서 주택시장 위축과 에너지 비용 상승이 미국 경제의 발목을 잡고 있다고 밝혔다.,"The housing finance crisis and spiraling energy costs will remain a drag on the U.S. economy for the rest of the year, Federal Reserve Chairman Ben Bernanke told lawmakers in a gloomy presentation about the economic outlook.","federal reserve chairman ben bernanke said in a wednesday that they cost at the time of the u. s. economy on thursday, as well as",0.1600586473941803,0.12198857963085175,0.1959279179573059,3.187878699827148
"버냉키 의장은 “금융시장의 위기, 주택가격 하락, 노동시장 유연화, 원유와 식료품 가격 인상 등으로 미 경제가 어려움에 봉착했다”고 지적했다.","""The economy continues to face numerous difficulties, including ongoing strains in financial markets, declining house prices, a softening labor market, and rising prices of oil, food, and some other commodities,"" Bernanke told the Senate Banking Committee early Tuesday.","as bernanke, bernanke and economic indicators are rising sharply told the associated economy, as well as they added, as well as they add",-0.11606915295124054,-0.17716917395591736,-0.057111628353595734,1.7531010311121182
미 중앙은행의 수장인 버냉키는 “수많은 금융시장과 연구기관들이 어두운 미국 경기전망 때문에 상당한 스트레스를 받고 있다”며 “이런 이유로 경제에 대한 신뢰 구축이 이뤄지지 않고 있다”고 말했다.,"The nation's top central banker warned ""many financial markets and institutions remain under considerable stress, in part because the outlook for the economy, and thus for credit quality, remains uncertain.","they said they could talk about points with their lives, but finance minister said a week of americans at the american economy slowly, washington s",-0.009452027268707752,-0.0760762020945549,0.055641550570726395,1.4593789147002252
이날 미 상원 금융위원회는 버냉키 의장으로부터 미국 경제 전망과 모기지 금융회사인 페니매와 프레디맥 부실화에 따른 은행의 위기에 대해서 들었다.,"The Senate panel was meeting to hear from Bernanke about the economy and to consider the crisis at mortgage finance giants Fannie Mae and Freddie Mac, as well as growing fears about bank failures.","the senate panel finance is a former chairman of the senate foreign policy and former finance department officials and the former financial supervisory service, to discuss the financial crisis in their",0.0382714569568634,0.001442234730347991,0.07247458398342133,1.7730504472781508
페니매와 프레디맥의 주가는 15일 미 재무부의 긴급지원 발표에도 불구하고 하락세를 이어갔다.,Shares of Fannie and Freddie on Tuesday continued the recent slide that has prompted the Treasury Department and Fed to step in and offer support.,"the del stock market has said it was despite the breaking session, despite the sably still continued despite their top level in the city s recent edition",-0.05005470663309097,-0.12390448153018951,0.02256619930267334,2.089941024608428
페니매의 주가는 15일 하루에만 27% 하락했고 이달들어 64% 폭락했다.,"Shares of Fannie (FNM, Fortune 500) plunged 27% on Tuesday, leaving them 64% lower this month.","shares of the sale includes a week, and also have a slightly higher on friday.",0.01942743919789791,0.13282886147499084,-0.0920521691441536,2.2724406490623914
프레디맥의 주가도 이날 26% 떨어졌으며 7월에 68% 급락했다.,"Freddie (FRE, Fortune 500) shares tumbled 26%, leaving them down 68% in July.","they may be closed to. in may, and maybe they may be.",-0.1739693433046341,-0.07509525865316391,-0.2725587785243988,2.478189540258206
이 모기지 금융회사 주식의 가치는 올해 초부터 80% 급락했다.,Both have lost more than 80% of their value since the start of the year.,"the financial crisis later, the financial crisis.",0.16396285593509674,0.16913731396198273,0.15608441829681396,2.5795879170461364
"AC 밀란은 호나우디뉴가 16일 이탈리아에 도착, 메디컬 테스트를 거쳐 공식 계약할 예정이라고 밝혔다. 호나우디뉴의 계약기간은 2011년 6월30일.","The Italian club said Ronaldinho would arrive in Milan on Wednesday to get a medical exam and sign a contract through June 30, 2011.",ac milan said wednesday it was like a wendous toyota supra on sunday to draw mears to me a wendous chao on wednesday in a,-0.10763528943061829,-0.13154122233390808,-0.08713292330503464,2.264882092592075
AC밀란은 이적료 3340만 달러(한화 337억원)를 바르셀로나에 지급했고 유럽축구연맹(UEFA) 챔피언스리그 진출시 추가로 630만 달러를 주기로 했다.,Barcelona said that AC Milan will pay $33.4 million for Ronaldinho and another $6.3 million if it clinches a place in next season's Champions League.,"the liverpool produced million won european player with a european union and a european team in the world, premiered closer to a draw in million by european countries.",-0.15890733897686005,-0.23759552836418152,-0.0814460963010788,1.943043650185126
영국 프리미어리그의 맨체스터시티가 이보다 많은 5070만 달러의 이적료를 제시했으나 호나우디뉴의 마음을 사로잡지 못했다.,The transfer amount was considerably less than the $50.7 million Barcelona said Premier League Manchester City had offered.,"britain s premier league club has said it was likely to be at the helm, but it s worth at least a year.",0.06896758824586868,0.03550189733505249,0.09981323033571243,2.1300733682208985
과르디올라는 지난달 “그가 예전의 기량을 보여준다면 다시 생각해 볼 수 있다”고 주장했다.,"""(If) he can get back to being the player he was, perhaps we could have a rethink,"" Guardiola said last month.",it s about the half hour if it s clear that they should absolutely reach their two months.,0.017011811956763268,-0.02259182743728161,0.0540052205324173,1.499150776705216
한편 호나우디뉴는 바르셀로나에서 5번의 시즌 동안 200경기에 출전해 91골을 넣었다. 그는 또 2005~2006년 바르셀로나를 프리메라리가 정상으로 이끌었고 2006년 챔피언스리그 우승에 기여했다.,"Ronaldinho scored 91 goals in 200 appearances in his five seasons at the Camp Nou, and helped lead Barcelona to consecutive Spanish league titles in 2005 and 2006, and the Champions League trophy in 2006.",he has played a four year season after playing a seven out of four seasons of a breaking season on the fourth of his side but nowa said they would be deport,-0.0857388973236084,-0.04298510402441025,-0.13121899962425232,1.265602644537968
호나우디뉴는 AC 밀란에서 카카와 알렉산드레 파토와 함께 활약할 예정이다.,"At Milan, he will join fellow Brazilians Kaka and Alexandre Pato.","virginia, england cnn a group of plays in southern italy are going to be crown with enough for playing against liverpool.",-0.10104034096002579,-0.08531683683395386,-0.12021959573030472,1.958224832501124
이스라엘 내각이 15일(현지시간) 헤즈볼라가 억류한 이스라엘 군과 레바논 죄수의 맞교환을 승인하면서 이스라엘은 헤즈볼라와 오랫동안 기다려왔던 맞교환을 준비하고 있다.,JERUSALEM (CNN) Israel is getting ready to carry out a long-awaited prisoner swap with Hezbollah after the Israeli Cabinet gave final approval for the exchange on Tuesday.,israel called the israeli battle with hamas fired israeli open and lebanon which israel s israelis would only offer israeli israel.,-0.19115103781223297,-0.23698848485946655,-0.14836685359477997,1.5801694493750542
이스라엘 군 당국은 16일 갈릴리 호수 서쪽 로쉬하니크라에서 인질들을 맞교환 할 예정이며 15일 밤 현재 이 지역은 폐쇄된 군사 지역이라고 밝혔다.,"The transfer is expected at the Rosh Hanikra crossing in the western Galilee on Wednesday, and as of Tuesday night, the area will be declared a closed military zone, the Israel Defenses Forces said.","the day, israeli military official said the evacuation of the free kicks off broadcasters will be closed wednesday, but they have been closed since.",0.14060507714748383,0.19490757584571838,0.08470743149518967,2.8904531547885077
이스라엘 내각은 헤즈볼라와의 맞교환을 찬성 22표 반대 3표로 압도적으로 통과시켰다.,The Cabinet approved the deal in a 22-to-3 vote.,israeli cabinet minister says an israeli cabinet minister declared a legally with hezbollah.,0.11676770448684692,0.09065773338079453,0.14024393260478973,3.377156414337854
이스라엘은 2년 전 이스라엘 군 헤후드 골드와서와 엘닷 레게브가 헤즈볼라에게 납치되면서 헤즈볼라와 34일 동안 전쟁을 벌인 바 있다.,"First Class Ehud Goldwasser and Staff Sgt. Eldad Regev, sparked the 34-day war between Israel and Hezbollah two years ago.","after years of violence against israel, which took over a day of tripoli, a year old israeli tank, was prompted to a conflict in wartime military israeli",-0.05732207000255585,-0.02894905023276806,-0.08876677602529526,1.6338984401221652
이스라엘 당국은 맞교환 진행이 끝나기 전 골드와서와 레게브의 생존 여부를 확인할 예정이다.,Israeli authorities will confirm the identities of Goldwasser and Regev before concluding its part of the deal.,"israeli officials will confirm that two of the pains of both pains, but the effects of the pain of both pains.",0.06215368211269379,0.05354627966880798,0.06772831082344055,5.356850921756574
헤즈볼라는 쿤타르과 4명의 죄수를 위한 환영식을 준비했다.,"Hezbollah plans a ""welcome home"" ceremony for Kuntar and the four other prisoners later in the day.",these decisions were on the run by the county of state of the union s ten ten ten provinces.,-0.0042898585088551044,-0.07485117018222809,0.06497916579246521,2.51975934424348
이스라엘과 헤즈볼라의 맞교환 협상 조건에는 오래전 실종된 이스라엘 조종사 론 아래드의 생사 여부에 대한 보고도 포함됐다.,Part of the swap agreement was a report from the Lebanese militia Hezbollah to Israel on the status of long-missing Israeli flier Ron Arad.,"the deal comes amid continuing negotiations with israeli religious sites, including arrowheads, including arrowheads, including arrowheads, includ",0.009109812788665295,-0.008704702369868755,0.023804234340786934,1.501113044470048
이스라엘은 2주전 인질 맞교환을 승인했으나 헤즈볼라가 제출한 아래드에 관한 보고서를 검토할 때까지 최종 승인을 미뤄왔었다.,"Although Israel's Cabinet approved the outline of the prisoner swap two weeks ago, it waited until it could review report on Arad issued by Hezbollah before granting final approval for the prisoner exchange.",but hezbollah was forced to suspend the financial rules for the release of a prisoner swap was involved in the afternoon of hezbollah but did not give their release,0.07609687000513077,0.09995178133249283,0.04949134588241577,3.4035504786870945
미국 연방준비제도이사회(FRB)의 벤 버넹키 의장의 발언으로 투자가들이 미국 소비자 수요가 더 감소할 것을 우려해 국제유가가 15일(현지시간) 사상 2번째로 큰 폭 으로 급락했다.,NEW YORK (CNNMoney.com) Oil prices plummeted by the second-largest margin on record Tuesday as investors feared a further decline in U.S. demand after hearing comments from Federal Reserve Chairman Ben Bernanke.,"credit markets about another daylight saving time, the federal government has urged the federal reserve chairman and frankfurt s federal reserve chairman, suggested that federal reserve chairm",-0.1872199922800064,-0.18123304843902588,-0.19704322516918182,0.911433533799718
이날 뉴욕상업거래소(NYMEX)에서 거래된 8월 인도분 서부 텍사스산 경질유는 전일 대비 6.44달러(4.4%) 급락한 배럴 당 138.74달러에 거래를 마감했다.,"Light, sweet crude fell $6.44 to settle at $138.74 a barrel in trading on the New York Mercantile Exchange.","light, sweet crude for june delivery fell cents to settle in the s.",0.12469936907291412,0.2721511423587799,-0.017311977222561836,8.358411436841958
이번 원유가 급락은 1991년 1월 17일 최대 급락폭인 10.56달러에 이어 가장 큰 폭 으로 하락했다.,"The drop in oil was the largest single-day slide in dollar terms since Jan. 17, 1991, when oil fell by $10.56.",the move followed a. m. gmt on a highly high road.,0.03170334920287132,0.145960733294487,-0.08053100854158401,1.5860671757292075
당시 조지 H. W. 부시 미국 전 대통령은 걸프전에 앞서 비축유 방출을 승인했다.,"On that day, President George H.W. Bush withdrew oil from the Strategic Petroleum Reserve ahead of the first Gulf War.",us president george w bush has said they had a fully before full cut.,0.015768328681588173,-0.045000411570072174,0.07477732747793198,1.3492405302858663
그러나 1991년 당시 국제유가는 배럴당 32달러밖에 안돼 10달러 이상 급락은 33% 하락률을 기록했다.,"But in 1991, oil was trading at just $32 a barrel, so the more than $10 slide in dollar terms represented a record 33% drop.",but the international high price record high recorded records.,0.04019301012158394,0.17075499892234802,-0.08681456744670868,0.6762531079644276
15일 국제유가의 하락율은 4.4%로 최고 100위안에 들 정도의 하락율을 기록하지 못했다.,"Oil fell 4.4% Tuesday, which does not even crack the top 100 price declines in percentage terms.","oil prices, the nation s top oil price, said friday, rising crude oil prices, had previously shared the record of. percent.",0.03326185420155525,0.03181936964392662,0.031557872891426086,2.075273865705644
15일 오전 FRB의 버넹키 의장은 고유가로 미국 가정의 구매력이 제한적이 될 것이라고 경고했다.,"On Tuesday morning, Federal Reserve Chairman Ben Bernanke warned that high energy prices have helped to limit the purchasing power of U.S. households.",oil futures are at risk of the united states as americans we ll be able to get more energies for the united states to consider that american forces are united seen as a manufactur,-0.03929809853434563,-0.147602841258049,0.07046931982040405,1.539373025281168
버넹키 의장은 미 상원 금융위원회에서 고유가 비용 지출로 하반기 미국 경기가 둔화될 것이라고 전망했다.,"High energy costs will remain a drag on the U.S. economy for the rest of the year, Bernanke told the Senate Banking Committee Tuesday.",but the committee told congressional committees from the u. s. senate would take the next six hours of the u. s. treasury secretary in the,0.1650007963180542,0.16508829593658447,0.16219677031040192,3.7481317238224823
그는 소비에서 연료비와 상품 구매 지출의 비중이 높아져 산업계에 이 같은 결과가 초래될 수 있다고 경고했다.,"That could result in businesses pushing a greater percentage of their high fuel and commodity costs through to consumers, he warned.",consumers are increasingly worried that the high prices are fueled and commercially and the increases are fueled by the rapid gas and prices of the rapidly affected and due,0.09386126697063446,0.005571900866925716,0.18229857087135315,1.8196871111910016
"버넹키 의장의 발언 직후, 유가는 장중 한때 9달러 이상 급락, 배럴당 136달러까지 떨어졌다가 소폭 상승했다.","Immediately following Bernanke's speech, prices dropped more than $9, sinking below $136 a barrel, before recovering some. ""There's more demand destruction than people first perceived,"" said Neal Dingman, senior energy analyst at Dahlman Rose & Co.","barack obama s shares, the reactor, ed.",-0.14058566093444824,-0.016067279502749443,-0.26247337460517883,0.1365331477810817
미국 민주당 대선후보인 버락 오바마 상원의원은 15일(현지시간) 이라크 전쟁은 위험한 혼란이며 아프가니스탄 전쟁의 승리를 더 역설해야 한다고 강조했다.,"(CNN) Sen. Barack Obama called the war in Iraq a ""dangerous distraction"" Tuesday and said more emphasis must be placed on the battle in Afghanistan.","iraq s presidential candidate sen. barack obama has a war to victory and an american war that helps iraq, saying the war would launch moreends of iraq and afghan",0.0883823111653328,0.03214128315448761,0.14287209510803223,3.016200863100729
"오바마는 이라크, 아프간, 미국 안보에 관한 주요 정책을 밝히는 선거유세에서 “조지 부시 미 대통령과 공화당 대선후보인 존 매케인 상원의원에 있어서 명백한 테러와의 전쟁에 중점적인 최전선은 이라크가 되어서는 안되고 절대 돼서도 안 된다”고 주장했다.","""As should have been apparent to President Bush and Sen. [John] McCain, the central front in the war on terror is not Iraq, and it never was,"" Obama said in what his campaign called a major policy address on Iraq, Afghanistan and national security.","iraq s press association says he s john mccain is likely to pick up a selection of a bill that s john mccain is likely to meet in iraq, saying republican john",-0.16804789006710052,-0.25031882524490356,-0.0867813229560852,0.8887744784267905
오바마는 자신의 새로운 전략 중 일부가 아프간과 파키스탄 내 알카에다와의 전쟁이 될 것이라고 밝혔다.,"Obama said that part of his new strategy will be ""taking the fight to al Qaeda in Afghanistan and Pakistan.",obama has already said the senator from new and afghan and allied pakistan s new ties.,0.08716249465942383,0.03788333386182785,0.13439403474330902,2.5483952489823305
오바마의 연설 직후 매케인은 이라크 전에 추가파병 정책를 반대하는 오바마를 맹공격하고 아프간 전 승리를 위한 자신의 제안을 더 강조했다.,"Shortly after Obama's speech, McCain attacked the Illinois senator's opposition to the surge policy in Iraq and highlighted his own proposal for victory in Afghanistan.","mccain obama said mccain s victory and has a strong presence of,, and he has more immune against afghanistan.",0.030584178864955902,-0.0018780535319820046,0.060277462005615234,1.9460783445033116
"매케인은 “오바마가 조만간 이라크와 아프간 순방에 올라 두 지역의 실태 조사도 함께 할 예정인 것으로 알고 있다”며 “그는 이라크와 아프간 순방을 하기도 전에, 이라크 미 사령관 데이비드 패트래우스 이라크 주둔 미 사령관과 만나기 전에, 이라크의 진척 사항을 보기도 전에, 그리고 이번이 처음인 아프간을 방문하기도 전인 오늘 이라크 전과 아프간 전에 대한 자신의 계획을 역설했다”고 지적했다.","""Sen. Obama is departing soon on a trip abroad that will include a fact-finding mission to Iraq and Afghanistan. And I note that he is speaking today about his plans for Iraq and Afghanistan before he has even left, before he has talked to Gen. [David] Petraeus, before he has seen the progress in Iraq and before he has set foot in Afghanistan for the first time,"" McCain said.","we have always regarded what they do, the two said the same thing, in particular, and we are particularly agreeing into the same, the",-0.16573043167591095,-0.15262112021446228,-0.18253910541534424,0.3506079990838825
"그는 “경험 상, 실태 조사는 일반적으로 의견을 바꾸는데 가장 적합한 방법이다”며 “현장에서 실상을 접하면 새로운 전략을 제안하게 된다”고 말했다.","then you present a new strategy.""","they re also disves, which is in a car, so much, where they re technically done, said st. m.",0.14330217242240906,-0.056082308292388916,0.3566266596317291,1.7911710595643588
오바마는 이날 유세에서 대통령으로 선출되면 첫날 직무에서 미군에 이라크 전 종식이라는 새 임무를 명령하게 될 것이라고 밝혔다.,Obama said that on his first day in office he would give the military a new mission: ending the war in Iraq.,"speaking to the first day of the, u. s. officials say the move will help my hand order to the u. s. presence in the town of",0.1510021686553955,0.1289510726928711,0.17045728862285614,3.053216387177772
오바마는 누리 알 말리키 이라크 총리의 미군 철수일정 제시 요구를 지적하며 “지금이 미군을 재배치할 시기”라며 “이로써 이라크 지도층이 자신들의 정치적 해답을 모색하게 하고 미군을 재 배치해 아프간과 미국 국경 안보 관심사에 다시 집중할 때”라고 밝혔다.,"Pointing to Prime Minister Nuri al-Maliki's recent call for a timetable, Obama said ""now is the time for a responsible redeployment of our combat troops that pushes Iraq's leaders toward a political solution, rebuilds our military, and refocuses on Afghanistan and our broader security interests.""","obama s al maliki, obama said, a two days of a prime minister from al maliki was to say that they will not be ready to end their",-0.09847991913557053,-0.07209227979183197,-0.1281154304742813,1.0368384732464515
오바마는 2010년 상반기까지 이라크 내 미군을 순차적으로 철수하고 아프간에 적어도 2개 여단(9000여명)을 증파하겠다고 덧붙였다.,Obama said he planned to remove combat brigades from Iraq by the summer of 2010. He also said he would send at least two additional combat brigades to Afghanistan.,"obama has repeatedly said that since the war will have more than two dozens of afghanistan since the end of this year, he said.",0.12162580341100693,0.08650613576173782,0.1543387770652771,1.93864477197268
오바마는 하루 전날 일간 뉴욕타임스에 기고한 칼럼에서 이라크 전에 관한 구체적 방안을 제시했고 이날 워싱턴에 있는 로날드레이건 국제무역센터에서 이에 관해 연설했다.,"Obama's speech, given at the Ronald Reagan Building and International Trade Center in Washington, comes one day after he detailed his plan for Iraq in a New York Times opinion piece.","on monday, obama said he has already asked a public deal for an unconey day ago.",0.03819623216986656,0.06916040927171707,0.004524841904640198,1.381879304012724
오바마의 계획에 정통한 소식통은 오바마가 동료인 척 하겔과 잭 리드 상원의원과 함께 이달 전쟁지역인 중동순방에 오를 예정이라고 전했다.,"Sources familiar with Obama's plans said the candidate will travel to the war-torn country this month with two Senate colleagues, Republican Chuck Hagel and Democrat Jack Reed.",obama plans to battle with the democrats who have come to the mideast battle to battle their war in mid and battle with their midland military presence in midnight.,0.04006128013134003,0.04795881360769272,0.02907649613916874,3.511476270817333
애플은 14일(현지시간) 아이폰(iPhone) 최신모델이 시판 사흘만에 100만개가 판매됐다고 밝혔다.,NEW YORK (CNN) Apple Inc. said Monday it has sold 1 million iPhones in the three days following the release of the latest model on Friday.,"apple gave sold a day s second lieutenant, which said they had sold a little bit on the day, said monday, a local television said.",0.08997613191604614,0.09118553251028061,0.08580751717090607,1.858867996817672
스티브 잡스 애플 최고 경영자는 성명에서 “아이폰 3G가 지난 주말 놀랄 만한 판매고를 올렸다”고 말했다.,"""IPhone 3G had a stunning opening weekend,"" said Steve Jobs, Apple's chief executive, in a statement.","today s sales of the iphone is that the iphone is that s probably per million in sales last week, said daia.",0.07052043825387955,-0.040639039129018784,0.18366925418376923,2.224972978585352
그러나 아이폰의 폭발적인 판매량만큼 소프트웨어 문제들도 속출했다.,But the launch was plagued by software problems.,"but waa, whose parents are not expected to create a number of jobs, with about, jobs.",0.16438806056976318,0.0696878507733345,0.25990816950798035,1.9146030690102516
매장 직원들은 새로운 아이폰을 사기 위해 몰린 고객들로 개통 서비스를 해줄 수 없었고 이에 구매자 개개인이 한꺼번에 애플 서버에 접속하며 서버가 다운되기도 했다.,"All the new iPhones had to connect to Apple's servers for activation, which quickly overloaded them. Lines of customers built in stores as employees were unable to get the phones working.","employees per park, employees per park and the groups are petitioning around the world, and that s they were flying to their rooms and that employees",-0.027767712250351906,-0.08066856861114502,0.022876061499118805,1.6868284911560898
더군다나 최신 소프트웨어는 구형 아이폰을 다시 작동시키기 위한 버전이었다.,"Additionally, new software was released for the old iPhone, which required reactivation of those phones.","the software had turned out to be available when they had been buying their s for the rest of the holiday season, and the associated press had turned out",0.10368376225233078,0.008705763146281242,0.19934137165546417,3.1221929756173616
애플 홈페이지는 지난 주말 다시 복구됐고 구매자들은 그제서야 새로 구매한 아이폰을 사용할 수 있었다.,"Reports of activation problems subsided over the weekend, as the servers apparently recovered, and buyers were able to activate their phones through their home computers.","the last week that put last week had been used by a new iphone to the us, according to the latest apple.",0.030695779249072075,-0.05825185030698776,0.11966778337955475,1.991451942918176
현재 애플이 목표로 하고 있는 신형 아이폰의 올해 판매 계획량은 1000만대다.,The company has set a goal of selling 10 million iPhones by the end of 2008.,"the current credit is planned to send their years from the current, and then sold at least million, even though they will meet. million, accord",0.012660856358706951,-0.06691551953554153,0.09155377000570297,1.6934096677198087
실종 5년 만에 다시 나타난 영국인의 아내가 보험회사와 아들들을 속인 혐의로 기소됐다고 영국 언론이 보도했다.,"LONDON, England (CNN) The wife of a UK man who reappeared five years after he was believed drowned has been accused of defrauding insurance companies and lying to her own sons, UK news agencies report.",he has been charged with wife and sond wife of the year old son of n. in.,0.029335398226976395,0.1774606704711914,-0.11341746896505356,2.2547534279666954
앤은 이날 돈 세탁과 기망혐의에 대해 강력히 부인했다.,"Anne Darwin, 56, appearing at Teesside Crown Court in northern England Monday, denied nine charges of laundering money and six charges of deception, the UK's Press Association reported.",it s also day to power and let the investigation was given.,-0.10529524087905884,-0.05402596294879913,-0.1590150147676468,0.8728922598851214
"전직 교도관이자 교사였던 그의 남편 존 다윈은 5년 전, 영국 남동부 해안에서 실종, 익사한 것으로 추정됐으나 지난해 말 런던 경찰서에 모습을 드러냈다.","Her husband John, a former prison officer and teacher, reappeared at a police station in central London in late 2007 five years after he was thought to have drowned off the coast of north-east England.","former new york former lee, john darwin and his former wife, had left him in a smaller wife and walked by former new york police chief and former british intelligen",-0.0792657881975174,-0.1523413062095642,-0.007550600450485945,1.5641974370498448
검사는 그가 실종된 지 13개월이 지난 2003년 그의 사망을 선고했었다.,"A coroner declared John Darwin dead in 2003, 13 months after his disappearance.","the last month was in months of dead in his girlfriend, according to attorneys for the first death in five years.",0.1726156771183014,0.09428578615188599,0.2506391704082489,4.334264033674369
미국지질조사국은 14일(현지시간) 그리스 섬과 터키 해안 인근에서 지진이 발생했다고 전했다.,"A strong earthquake struck Monday near some Greek islands close to the Turkish coast, according to the U.S. Geological Service.",the coastal villages nearly a magnitude quake shook on turkey and coastal villages near the coast.,0.20661917328834534,0.21396438777446747,0.19672203063964844,2.1361246127724347
이번 지진은 리히터 규모 6.4의 강진이었다.,"The quake had a magnitude of 6.4, the service said.",the quake was part of a magnitude. aftershock. the quake was. aftershock.,0.1815347820520401,0.11651042103767395,0.245515838265419,6.43716525407242
지진의 진앙은 터키 서남 해안 앞바다 에게해(海)에 있는 12개의 그리스령(領) 군도인 도데카네스 제도(諸島)에서 남서쪽으로 64km 떨어진 지점으로 터키해안보다 그리스 본토에 더 가깝다.,"It struck about 40 miles southwest of the Dodecanese Islands, a series of Greek islands in the Mediterranean Sea that is closer to the Turkish coast than to the Greek mainland.","the epicenter of about, people were killed by winds, a dozen military wing of the muslim country, said soldiers about miles southeast of turkey",-0.13267871737480164,-0.08958163112401962,-0.1786315143108368,3.737881451441627
이번 지진은 오전 6시 26분에 발생했다.,The quake happened at 6:26 a.m. local time.,the quake happened at about p. m. at p. m. at p. m. at p. m. at p. m,0.29665568470954895,0.22083595395088196,0.3723744750022888,8.688218206838483
즉시 보고된 재산피해나 인명피해는 없었다.,There were no immediate reports of damage or injuries.,"there were no reports of damage or store, or.",0.5498502254486084,0.5402670502662659,0.5579962730407715,28.997844147152072
독일 경찰은 독일에서 가장 높은 산을 등정하는 지구력에 도전하는 경기하던 선수 2명이 저체온증과 산소 부족으로 사망했다고 밝혔다.,"MUNICH, Germany (CNN) Police say two competitors died of hypothermia and lack of oxygen during an endurance race up Germany's highest mountain.","a german police official said they believed the number of dead bodies had been sunken separated from the germans, said furtra lesh, a",-0.05808384343981743,-0.1280553787946701,0.010402326472103596,1.7209382377447129
경찰과 검찰은 이에 관한 사건 수사에 착수했다.,Police and prosecutors say they have opened an investigation.,the raid and investigations were involved in the investigation into the investigation.,0.23737145960330963,0.20166240632534027,0.27106109261512756,6.837203339116283
독일과 오스트리아 국경에 있는 해발 2900m 높이에 추크슈피체 산에 오르는 경기가 13일(현지시간) 열렸으며 최종 목적지에 도착하기 전 두 선수 모두 갑자기 쓰러졌다.,"Both men collapsed shortly before arriving at the end of the race Sunday up the Zugspitze mountain on the German-Austrian border, some 2,900 meters (9,500 feet) above sea level.","the germans and a chip burst in germany, were called on what they called a mountainside by the sun, as well as the body of the two german mountain",-0.22339189052581787,-0.11875318735837936,-0.3273814618587494,3.180323195327744
경찰은 독일과 오스트리아 구조대가 2명의 선수를 살릴 수 없었으며 저체온증과 산소부족으로 모두 사망했다고 밝혔다.,Police say German and Austrian rescue teams were unable to revive the two racers and both died as a result of hypothermia and lack of oxygen.,"the rescue team was carrying a german hostage who was in the german capital and the number of deaths had been sunk, both the station department of drugs and other drugs, including",0.06984589993953705,0.026944708079099655,0.11041116714477539,1.8306333543076283
경찰은 다른 선수 6명도 탈진과 저체온 증상을 보여 병원으로 이송했으며 중태인 사람은 없다고 말했다.,Police say that six more people who showed signs of exhaustion and hypothermia were taken to hospitals. None are in critical condition.,"the others, they were not able to get the drugs and they were not taking the serious condition and not received, they were not, and he not",-0.04069167375564575,-0.151727557182312,0.07206108421087265,1.7557381354086663
오스트리아 에흘왈드에서 시작된 이번 경기의 거리는 총 14.6km다.,"The 14.6-kilometer (9.1-mile) race started in Ehrwald, Austria.","their initial, their chain was dropped. percent, miles away, miles away, miles away, miles away, miles away",-0.15982909500598907,-0.19770324230194092,-0.12518304586410522,1.8709718017288024
응원을 할 수 있는 홈팀의 스타가 없던 양키스 스타디움의 팬들은 조시 해밀턴(27.텍사스 레인저스)에게 열광했다.,"Without a hometown star to cheer for in the Home Run Derby, fans at Yankee Stadium adopted Josh Hamilton.","the fans are the highest man when they moved into the fan, many of them fan.",0.06241007521748543,0.0683605819940567,0.05343077331781387,2.571013894117821
그는 양키스 스타디움을 찾은 팬들을 즐겁게 해줬다.,He certainly gave them an extraordinary show.,he plays a little fan of american people.,0.2186037302017212,0.161668598651886,0.2742187976837158,4.767707020457095
텍사스 레인저스의 거포인 해밀턴은 14일(현지시간) 미프로야구(MLB) 올스타전 홈런더비 1라운드에서 28개의 홈런을 쳐내며 이 부문 신기록을 수립했으나 마지막 라운드에서 우승 트로피를 저스턴 모노(27.미네소타 트윈스)에게 넘겨주고 말았다.,The Texas Rangers slugger hit a record 28 homers in the first round before getting beaten out by Minnesota's Justin Morneau in the finals Monday night.,cnn a louisiana job has been moved out of the fight against seven outcome in five stars and the stars of harry s game in out of playing the game out,-0.1408233344554901,-0.1748383343219757,-0.11008751392364502,1.877081263233555
"모노는 마지막 라운드에서 5개의 홈런을 기록, 3개의 그친 해밀턴을 앞질렀다.","Morneau topped a tired Hamilton 5-3 in the last round, giving him the derby title.",everything in the last round of the fourth round of his fourth round of his fourth round of his fourth round of his fourth round of his fourth round of his final,-0.042894698679447174,-0.12940740585327148,0.04326261207461357,7.678432706586173
그러나 이날 스포트라이트를 받은 선수는 올 시즌 처음으로 올스타에 뽑히며 ‘베이브 루스가 지은 집’에서 계속해서 홈런포를 터뜨린 해밀턴이었다.,"But the night belonged to Hamilton, a first-time All-Star who put on a dazzling power display worthy of The House That Ruth Built.","but the united states is one of the fastest homes in the first half of this year, homes for the first time home of. million last year.",0.010029446333646774,-0.021409597247838974,0.03860795497894287,1.7557381354086663
해밀턴은 “스타디움의 모든 관중들이 점점 큰 소리로 응원을 해줬다”며 “팬들이 내 이름을 연호했고 나는 경기에 더 집중할 수 있었다”고 말했다.,"""The whole stadium, the way people responded, higher and higher you can't beat it,"" he said. ""Them chanting my name and getting louder, it makes you more focused.","they said they can play, but the number of people can play around the world, and i can play an open, and i can t quit the game",0.06889519095420837,0.08309423178434372,0.051765792071819305,1.6621138267336375
무명시절을 보내며 한 때 마약과 술에 탐닉했던 해밀턴은 바비 어브레이유가 보유하고 있던 올스타전 홈런더비 1라운드 최고 기록을 갈아치웠다.,"Back from eight trips to rehab for drug and alcohol addiction that derailed his career, Hamilton broke Bobby Abreu's mark for one round.","the former super bowl, i hate to live this year, i hate to see this whole hope to see the whole world, a recorded beginning of.",-0.06695421040058136,-0.03533881902694702,-0.10158857703208923,1.6338984401221652
어브레이유는 지난 2005년 디트로이트 코메리카파크에서 열린 올스타전 홈런더비 1라운드에서 24개의 홈런을 기록한 바 있다.,Abreu hit 24 home runs in the first round in 2005 at Detroit's Comerica Park.,"its nuclear arsenal, the associated press club owner daniel vitad yen, a round of clubs in the past four province of their impressive based round of",-0.24354755878448486,-0.24221831560134888,-0.24891866743564606,2.955622941561161
"해밀턴은 대기록을 작성한 후 TV 인터뷰에서 “얼마나 많은 홈런을 칠 수 있을지 몰랐다""며 ""꿈이 실현된 것 같다”고 말했다.","""Obviously, the dream, I didn't know how many I would hit,"" Hamilton said in a TV interview after his huge first-round performance.","i m going to see a man, many of them go to the un, said a man who goes on a very different perspective.",0.04027494415640831,0.026665600016713142,0.05081816390156746,2.175316455121166
해밀턴은 또 “이곳에서 경기를 한 것을 영광으로 생각한다”고 덧붙였다.,"""I just feel blessed to have played here.",i think we will also take a game.,0.22895242273807526,0.2207510620355606,0.23466216027736664,4.266331692956901
아시아 주식시장이 15일 연방 모기지 대출기관인 패니매(Fannie Mae)와 프레디맥(Freddie Mac)에 대한 긴급지원 발표에도 불구하고 미국 금융 시스템에 대한 불안이 커지면서 일제히 하락했다.,"Asian stock markets fell sharply Tuesday, as investor confidence in the U.S. financial system eroded even further despite a government-backed plan to help beleaguered mortgage financiers Fannie Mae and Freddie Mac.","asian stocks plunged monday morning after the trading of the federal government monday said it was lending to rest on the rest of the financial collapse, but said",0.06896653026342392,0.10431917011737823,0.031122438609600067,1.429443573396954
"이날 홍콩 항셍지수가 3.2%, 대만 가권지수가 4% 가까이 폭락하는 등 아시아 증시가 대부분 내림세를 나타냈다.","Every major index was in the red by midday, with Hong Kong's Hang Seng Index dropping 3.2 percent and Taiwan's benchmark losing nearly 4 percent at one point.","asian stocks, stocks were still in their s near the capital, dili, asia, to close percent, most of which were mostly by percent.",-0.06485643237829208,-0.07703627645969391,-0.056098561733961105,2.0219972443114136
일본 증시의 경우 니케이 225지수가 2% 떨어지며 1만2750.10을 기록했다.,"In Tokyo, the Nikkei 225 index shed 2 percent to 12,750.10.","the japanese stock index was. percent, to close, the st. percent, to. percent.",-0.0913594663143158,-0.03285054862499237,-0.1519504338502884,5.039518688486958
이날 아시아 증시에서 대부분의 종목이 하락했으며 미국의 금융 불안이 아시아로 번질 것이라는 우려 때문에 은행주들의 낙폭이 더욱 컸다.,"While losses spread across most sectors, banks were hit particularly hard as investors worried that trouble in the U.S. financial markets would spillover to Asia.","fears of the victims, the largest u. s. percent of america s most famous residents of america s east asia, asia s east asia said tues",-0.08606380224227905,-0.22217878699302673,0.05438653752207756,1.8564670505078416
일본은 한 지역 경제지가 일본의 3대 은행이 패니매와 프레디맥에 4조7000억엔(440억 달러)를 투자했다는 보도가 나오면서 거래업자들이 혼란을 겪기도 했다.,"Japanese traders, for instance, were rattled by a local business newspaper report that the country's top three banks hold a combined 4.7 trillion yen ($44 billion) in Fannie Mae and Freddie Mac debt.","they reportedly see huge, buying of the japanese economics that have been buying and billions of dollars in the country.",0.03991648554801941,0.0828363448381424,-0.005341591779142618,1.2482317799005511
한편 미국 정부는 단기 금융 의존도가 높은 이들 연방 모기지 대출기관의 손실액 일부를 정부 재정에서 보존할 수 있도록 했다.,"Those two government-chartered companies received a boost Sunday when the U.S. central bank and Treasury Department promised to step in with short-term funding and other aid, should mortgage losses mount.",the united states is the only way to try to buy a federal government to finance their government officials.,0.027132375165820122,0.004195109475404024,0.04708637297153473,1.279006899153388
고든 브라운 영국 총리는 14일(현지시간) 영국 정부가 짐바브웨 제재에 착수할 것이라며 유럽연합(EU)도 이에 동참할 것을 촉구했다.,British Prime Minister Gordon Brown announced Monday his country will step up sanctions on Zimbabwe's government and will call on the European Union to do the same.,"british prime minister gordon brown said monday he would not participate in the country, as british prime minister gordon brown said on thursday, the british prime",0.07236606627702713,0.0416896753013134,0.1003650426864624,1.8884748972625875
영국의 이 같은 움직임은 로버트 무가베 대통령과 그의 측근 11명에 대한 유엔 안보리 제재 결의안이 중국과 러시아의 반대로 부결된 데 따른 것이다.,"The move comes after China and Russia used their veto power Friday to block a U.N. resolution imposing sanctions on Zimbabwe's President Robert Mugabe, and 11 senior members of his government.",the uk s presidential office has been repeatedly denied that it is possible that the draft of u. s. lawmakers and russia has not been expected to move,-0.017257260158658028,-0.04714024066925049,0.009639696218073368,1.5908295909794592
브라운 총리는 이날 기자회견에서 중국과 러시아의 거부권 행사에 대해 “정당화될 수 없고 불행한 일”이라며 “전세계 에서 대부분의 사람들은 짐바브웨 독재에 대한 구체적인 행동을 기대한다”고 말했다.,"At a news conference Monday, Brown called the vetoes ""difficult to justify"" and ""unfortunate,"" adding that ""the vast majority of the people in the world want to see action against the Zimbabwe regime.",brown dismissed the opposition to moscow people and most people are most important and that most people are doing and that are doing better and most people are doing and that are doing,-0.058635126799345016,-0.10829778760671616,-0.011460669338703156,1.3178842875117986
브라운은 “우리들 스스로 제재안을 마련할 것”이라며 “우리는 유럽연합이 조속한 시일 안에 회의를 열어 제재안에 이름을 넣고 최대한 협조하기를 바란다”고 주장했다.,"""We will now ourselves step up our sanctions,"" he said. ""We will ask the European Union, at its meeting in a few days' time, to add a number of names"" and corporate entities to its sanctions list, Brown said.",brown said he is confident we decided to move for the first time we have agreed to immediately name the assembly names in the first test of the program.,0.0919584333896637,0.10761328041553497,0.07346642762422562,1.17190274790234
"브라운은 “나는 오늘 재무부에 자금세탁방지 국제기구(FATF)와 협력해 무가베 정권의 실세들이 유럽, 아프리카, 아시사 등 여러 대륙에 숨겨놓은 자산을 추적할 것을 지시했다”며 “이를 통해 그들에게 강력한 조치를 취할 수 있을 것”이라고 밝혔다.","""I have this morning asked the treasury to work with the Financial Action Task Force to track the wealth and the assets that are owned by members of the Mugabe regime which we know are held in different continents"" including Asia, Africa, and Europe, he said, ""so that we are in a position to take tougher action against them at a later date.","he is concerned that they believe that they can change their owns and wealthy, according to the group s own.",-0.012901713140308857,0.051520004868507385,-0.07888619601726532,0.3132051215541564
브라운은 또“중재안이 성공하지 못할 것”을 대비해 유엔에 새로운 결의안을 제시하겠다고 말했다.,"Brown also vowed to return to the United Nations with a new resolution ""if mediation does not succeed"" in Zimbabwe.",brown also said he would also requireally to the united states.,0.15727856755256653,0.21994946897029877,0.0934426560997963,3.220587595401577
이에앞서 미국은 무가베가 유엔 안보리의 권고에도 불구하고 결선투표를 강행하자 짐바브웨를 제재하기 위한 결의안을 제출한 바 있다.,The United States pushed the resolution last week after Mugabe ignored the Security Council's appeal to postpone a presidential runoff election.,"earlier this month, the united states is unpable and approved a un security council for us to vote, un taliban positions and two votes,",0.044961050152778625,-0.006927113048732281,0.09477549046278,1.8264728862681343
특히 서브프라임 모기지 신용불량자에 대한 대출 규제가 강화된다.,particularly subprime loans made to borrowers with weak credit.,"particularly, i m sure that of the credit markets are particularly concerned for credit ratings.",0.11974380165338516,0.0037288684397935867,0.2383253276348114,3.0098043843528286
FRB는 지난해 12월 발표한 규제안 일부를 실질적으로 개정했다.,The agency made several substantial revisions to the proposed regulations it unveiled in December.,the fed cut dismissed some of the last december in november.,0.18239155411720276,0.16931383311748505,0.1928611397743225,3.471023784089876
이번 규제안 강화에 대해 대출고객들은 “이전 규제안이 신용이 불확실한 사람들에게도 대출을 시행하는 등 허점이 너무 많음을 인정한 것”이라는 입장을 나타냈다.,Many of the changes acknowledge consumer advocates¡¯ concerns that the rules still contained too many loopholes that would have allowed shady lending practices to continue.,"while the pilgrims are basically, others are designed to break through their homes, even though they are setting up for tighter lights, which are",-0.08719851076602936,-0.054073721170425415,-0.12336278706789017,1.6504045595709422
한편 FRB는 규제강화에따라 대출이 거의 불가능하게 될 지도 모른다고 우려하는 대출업체에게 일부를 양보했다.,"But the Fed also made some concessions to industry executives, who feared increasing oversight would lead to less lending.",the fed cutd its ring for a longer leader of the group of financial and access to close and prices.,0.046143434941768646,-0.05690831318497658,0.15039405226707458,2.3901021968803136
이번 에 확립된 규제안은 모기지를 이용한 모든 대출고객들에게 적용된다.,"The new rules will apply to all mortgage lenders, not just those supervised and examined by the Fed.",they are particularly concerned that their previously safety are now recommends.,0.1265527606010437,0.13220378756523132,0.11807955801486969,1.7386863385674487
그러나 이사회는 모기지 업계의 부실 운영이 계속될 것으로 전망했다.,"However, board members said they will continue to work on further oversight of the mortgage industry.",they did not know if they were the risk of the couple.,0.1751665621995926,0.14684157073497772,0.20109230279922485,5.001230153993728
"로버트 스터겔 FAA시행 행정관은 FAA가 JFK공항을 포함, 미국에서 혼잡한 20개의 공항 활주로에 3년간 4억달러(약 4000억원)의 예산을 들여 최신식 상황 지시등을 설치할 것이라고 전했다.","FAA Acting Administrator Robert Sturgell said the agency will spend $400 million over the next three years installing ¡°runway status lights¡± at 20 of the nation¡¯s busiest airports, including JFK.","a judge ordered the flight as at risk, po of landing in nearly million in the overall flight, including forcing the u. s. embassy in",-0.15244659781455994,-0.04113004356622696,-0.2623853087425232,3.2652178207836995
지시등은 콘크리트 활주로에 깊이 묻혀 설치되지만 교통 신호등처럼 작동하기 때문에 조종사들이 활주로 상황을 잘 알 수 있다.,"The lights are embedded in the concrete, but act like traffic lights, letting pilots know when runways are clear.","the votes are trying to get a new pilot but to try to prevent the photographers from a foot long silence, but then boycotted the ndia for a non government",-0.026406273245811462,-0.08855611085891724,0.033925704658031464,2.8525466573456515
스터겔 행정관은 댈러스 공항에서 지난 2년 반 동안 이 지시등을 테스트 한 결과 활주로에서 발생할 수 있는 충돌사고 발생률을 70%가량 줄였다고 전했다.,"The lights cut runway incursions at Dallas 70 percent during a two-and-a-half year test period, Sturgell said.","secretary of state col. ronnie has warned that the number of people on a regular basis for the past years, which has a right to hear the flight from",-0.05047955736517906,-0.1461627185344696,0.045537058264017105,1.5784309053930103
"나이지리아의 수도 나이로비 인근 웨스트랜드에서 14일(현지시간) 오전 총기를 든 강도들이 카지노를 습격, 경찰과 총격전 끝에 1명을 제외한 5명이 사망했다고 현지 경찰이 밝혔다.","NAIROBI, Kenya (CNN) &#8212; Five people died in a gunfight between police and a band of robbers who held up a casino in the Westlands Suburb of Nairobi Monday morning, police said.","a new local residents in new york city saba capital also were shot in a new area of fires and police in riot police said on thursday, police said",-0.05367708578705788,0.01789156347513199,-0.12653180956840515,4.951624754584627
"찰스 오위노 나이로비 관할 경찰 대변인은 ""일당 중 카지노 직원 1명이 있었다""며 ""경찰과의 대치 끝에 5명이 사살됐다""고 말했다.","The dead included at least one casino employee caught in the crossfire, according to Nairobi police spokesman Charles Owino.","another people were killed and was injured, police said. they were two days of police, said dai, who police, s",0.030424196273088455,0.0123759089037776,0.045425284653902054,1.982256626710344
오이노 대변인은 강도 중 1명이 도망쳤다고 전했다.,"One of the robbery suspects escaped, Owino said.","one of the men said, is also said, according to a report by telephone, according to riverside.",0.2486196607351303,0.1638851910829544,0.33368268609046936,4.5672118332822365
그는 이번 사건이 호텔 홀리데이인에서 운영하는 카지노에서 발생했다고 말했다.,"The casino was attached to a Holiday Inn, he said.","he said the incident occurred, he said.",0.370303750038147,0.45522862672805786,0.2860342562198639,21.386638885976566
미국 민주당의 대선후보인 버락 오바마 상원의원의 선거운동본부가 미국 시사잡지 뉴요커 최신호의 표지를 장식한 오바마와 그의 부인 미첼이 미국에 대항하는 테러주의자로 묘사됐다고 날카롭게 비난했다.,"(CNN) &#8212; Barack Obama¡¯s campaign has sharply criticized The New Yorker magazine over the publication¡¯s latest cover illustration that appears to portray the Illinois senator and his wife, Michelle, as terrorist enemies of the United States.","the democratic presidential nomination, the democrats who obama with the two presidents, told the associated press by the u. s. state department s top energy",-0.17536893486976624,-0.08063602447509766,-0.2701442539691925,1.2005616237493415
13일(현지시간) 발행된 이 잡지는 오바마가 대통령 집무실에서 이슬람 전통 복장을 착용하고 흑인의 머리 모양을 한 채 기관총을 들고 있는 그의 부인 미첼과 함께 있는 모습을 커버에 담았다.,"Specifically, the cover, published Sunday, shows Obama in the Oval Office dressed in traditional Muslim attire and Michelle with an ¡°Afro¡± hairstyle carrying a machine gun. An American flag can also be seen burning in the fire place and a picture of Osama bin Laden hangs on the wall.","ads of obama was his former head of the presidential nominating his traditional but way to a halt, he said.",-0.13064944744110107,-0.08720726519823074,-0.17692868411540985,0.6312267012145245
빌 버튼 오바마 측 대변인은 성명을 통해 “뉴요커 직원이 이번 잡지 표지에 대해 오바마를 무슬림으로 모는 미국 내 우파 일부의 비난하는 시각을 형상화하려 했다고 설명했다”며 “그러나 이에 대해 대부분의 독자들이 저속하고 공격적이라는 의견에 동의하고 있다”고 전했다.,"¡°The New Yorker may think, as one of their staff explained to us, that their cover is a satirical lampoon of the caricature Senator Obama¡¯s right-wing critics have tried to create,¡± Obama spokesman Bill Burton said in a statement. ¡°But most readers will see it as tasteless and offensive. And we agree.",sen. barack obama said thursday that obama continues to show obama s lead over a majority of senators who have been pursued by the obama of the patriotic,-0.0726538896560669,-0.0035325377248227596,-0.1432509422302246,1.3321241190335813
터키가 14일(현지시간) 테러음모로 추정되는 사건과 연루된 86명을 체포해 기소했다고 애이커트 센기즈 엔진 이스탄불 관할 검사가 기자회견을 통해 밝혔다.,"(CNN) &#8212; Eighty-six people jailed in connection with an alleged coup plot in Turkey were indicted Monday, Istanbul City Chief Prosecutor Aykut Cengiz Engin told reporters at a televised news conference.","a national front of people believed to be responsible for nearly two dozen arrests were arrested tuesday by authorities after the arrest of an organization of terrorism,",-0.10852773487567902,0.05345465987920761,-0.26368948817253113,1.397119478046055
"이번 에 체포되어 기소된 사람들 중에는 퇴역한 군 고위관리, 언론인, 정치인, 경제인 등이 포함됐다.","Among the suspects are retired military officials, journalists, politicians, businessmen and others.","the group, who was include a former private air, politicians and politicians include politicians, including the politicians of economic politics, including the politicians of",0.14094410836696625,0.028932424262166023,0.255190908908844,4.1798820492168565
용의자들은 터키 정부를 전복시키려는 목적을 가진 ‘에르게네콘(Ergenekon)’이란 테러단체 소속이다.,The suspects are alleged to be part of a ¡°terrorist¡± group called Ergenekon whose goal is to topple the country¡¯s government.,"suspects in the kurdish province were hacked to iran, even though they will see the iranians see by terrorists from the internet, which is being investigated by the",-0.06497085094451904,0.04611365869641304,-0.17451345920562744,1.7557381354086663
경찰은 지난해 6월부터 에르게네콘 소속 인사들 중 일부를 체포해왔다.,Since June 2007 police have been arresting and jailing people accused of being part of Ergenekon.,"they have arrested since mid august, during a june report in october, about, suspects in some past, were arrested during last june,",0.09003369510173798,-0.01247778907418251,0.19380734860897064,1.387819277861591
언론은 이 과정에서 정부가 언론을 탄압했으며 많은 사람들이 혐의 없이 구속 됐다고 보도했다.,"the effort there has been harassment of journalists, and news reports have said many people are being held without charge.","media reports say there are no charges that many government has emerged, many of whom have registered.",0.23015105724334717,0.20957046747207642,0.24837039411067963,2.9942914375777137
올림픽 개최가 초읽기에 들어가며 보안강화에 힘 쓰고 있는 중국 정부가 14일(현지시간) 올림픽 경기장에서 하지 말아야 할 행위와 소지할 수 없는 물품들에 대해 발표했다.,"The Chinese government, which will be taking tough security measures when the Olympics begin in 3 1/2 weeks, issued another reminder Monday about fan behavior and what not to bring into Olympic sites.","the olympics started monday monday, but beijing will not be lifting the game of the olympics, the beijing olympics remaining the games for the",0.018037747591733932,0.036513619124889374,-0.003470743540674448,1.4250696911929015
"올림픽 조직 위원회는 몇 년 전부터 완전한 올림픽을 치르기 위해 다음달 8일 개막식까지 거리에 침 뱉지 않기, 줄서기, 외국인들에게 친절히 대하기 등 시민들을 상대로 교육을 진행했었다.","Zhang Zhenliang, a Beijing organizing committee official, said Monday the rules were aimed at ""maintaining an orderly, civilized and peaceful environment at competition venues.","the committee told the chinese nationals who had their events for the august to the site, and they re not the wrong turning the winter.",0.019335618242621422,0.06989726424217224,-0.03333710506558418,1.9271053422184343
장 젠리앙 조직위 관계자는 14일 “이번 발표는 경기장에서의 질서유지와 평온한 주위 환경을 조성하는데 그 목적이 있다”고 전했다.,"Zhang ran off a list of restricted articles, which he said was similar to other Olympics. The difference with these Olympics is the repeated emphasis on order, security and decorum for the Chinese.",", officials said that the job is doing, as they will be two of its positions on foreign affairs and trade, which is being held by the u",-0.07179252803325653,-0.14821764826774597,0.00350399361923337,2.940233775090358
"금지 물품으로는 총기류, 탄약류, 석궁, 흉기류, 불꽃놀이용 화약, 가연성 물질, 유해 화학물질, 방사능 물질 등이 정해졌다.","Banned items include guns, ammunition, crossbows, daggers, fireworks, flammable materials, corrosive chemicals and radioactive materials.","the water include chemicals are based in chemical and birds, such as cells and geed sums in ules,, of idaho, found",-0.24353519082069397,-0.3093552887439728,-0.17998486757278442,2.4499322504239376
"포괄적 규제 대상 품목에는 악기,특대 수화물 가방,여행 가방,핸드백,베이징올림픽 혹은 장애인 올림픽 참가국 및 참가하지 국가들의 국기, 가로 6m 세로 1m 이상의 깃발, 현수막, 전단지, 포스터, 허가 받지 않은 전문가용 비디오 촬영 장비 등이 포함됐다.","musical instruments, oversized carry-on bags, suitcases, handbags, flags of countries and regions not participating either in the Beijing Olympic Games or Paralympic Games, flags over 6.6 feet (two meters) in length or 3.3 feet (one meter) in height, banners, leaflets, posters and unauthorized professional videotaping equipment.","in the past, once it will vare on matters of rainforest, according to the associated press.",-0.18341007828712463,0.002345002256333828,-0.3592527210712433,0.6491011684352339
"또한 과도(果刀), 야구 방망이, 긴 우산,긴 막대기,안내견을 제외한 애완동물, 접이식 유모차와 휠체어를 제외한 차량,확성기,라디오,레이저 기기, 무선 기기도 규제 대상이다.","Also restricted are knives, bats, long-handled umbrellas, long poles, animals (except for guide dogs), vehicles (except for strollers and wheelchairs), loudspeakers, radios, laser devices or wireless devices.","they also include china s eastern,, and, to,, of its, food, a, acre program, along its, equipment",-0.33647292852401733,-0.3574248254299164,-0.3197183609008789,1.48521317358856
"또한 경기장에서는 흡연, 가드레일 횡단,우산 사용, 좌석에 오랜 시간 서있기, 촬영 중 플래시 터뜨리기 등을 할 수 없다.","no smoking, no crossing over guardrails, no use of umbrellas or standing up for a long period of time in the seating area, and no flash photography.","but there s a kick for the device, as well as the only industrialized windows, then there s plenty of a bags of cann t use,",-0.10553962737321854,-0.11991419643163681,-0.09469908475875854,2.080132526181701
최근 이 같은 단속으로 80명이 구속됐다.,Nearly 80 people have been detained in recent days in a campaign that reveals a clash of customs in this traditional Muslim city-state that attracts thousands of Western partygoers.,"their three men were missing led by the same,.",0.04383976012468338,0.08155329525470734,0.0036285044625401497,0.6662369217577299
전통적인 이슬람 문화가 숨쉬는 두바이에서 서양식 파티를 즐기는 사람들이 몰려들며 경찰과 관광객들의 충돌이 일어나고 있다.,The campaign against indecency on the beach was sparked after police detained a British man and a woman who were allegedly discovered having sex on one of Dubai's sprawling shores earlier this month.,"people have traditionally clashed with tourists and tourists, and a tourists clashed by tourists.",0.04962455481290817,0.06857176870107651,0.027754275128245354,1.757340295195987
경찰은 월초 두바이 해안에서 영국인 커플이 성관계를 갖던 중 발각되어 기소되자 해변에서의 외설적 행위에 대한 단속을 시작했다.,"Over the past two weeks, police have detained a total of 79 people for ""disturbing families enjoying the beach"" with their behavior, Zuhair Haroun, a spokesman for Dubai's Criminal Investigation Department, said Monday.","police in the july testosterone, a higher injury in the second straight set, a highly chain of sex offenders in exile in february, a",-0.11125166714191437,-0.08471263200044632,-0.14107589423656464,2.497820867116426
주하르 하론 두바이 형사부 대변인은 14일(현지시간) 2주에 걸쳐 해변에서 가족들이 즐기는 분위기를 방해하는 행위를 한 혐의로 모두 79명을 구속했다고 밝혔다.,"As a result, Dubai has embarked on a public awareness campaign to remind Western tourists and foreign residents that the city may have flashy hotels and glitzy skyscrapers but it also is located in a Muslim country with traditionally conservative values.","the agency, two weeks after the couple of work on monday night, the state department said sunday that the couple was involved in a state of midtown.",0.037570782005786896,0.021976657211780548,0.05011071637272835,2.618514448776667
"그 결과,두바이 시 정부는 서양 관광객과 외국인 거주자들에게 두바이가 화려한 호텔과 고층빌딩이 있는 도시이긴 하지만 보수적인 이슬람 국가라는 점을 알리는 캠페인에 착수했다.","Police have installed watchtowers and dispatched undercover officers to patrol the beaches, which also will be lit up at night to curb ""inappropriate behavior. ""","and their sales could get ahead in the city, where they are particularly excited.",0.15635962784290314,0.2307119220495224,0.08145599812269211,1.6337232342759678
두바이 시 정부 관계자인 압둘라 모하메드 라피아는 두바이에 아랍어와 영어 등 세계 각국의 언어로 상체를 벗고 일광욕을 하거나 공개적으로 옷을 갈아입는 행위를 하지 말라는 경고 표지판을 설치하고 있다고 말했다.,"Authorities are ""taking action in response to numerous complaints"" filed by people who visit the city's beaches, Rafia said. Complaints have ranged from families ""offended by displays of nudity"" to women sunbathers who say groups of men stare at them while at the beach.","they had a publicity in the s, with the two guests to join the mobile phones and the nation s top muslim, to such as one or two",-0.1674513965845108,-0.2623119652271271,-0.07262597978115082,0.96488692130715
정부가 이번 공공 캠페인을 주관하고 있다.,Alcohol is freely available in hotel bars and restaurants in this regional businesses and entertainment hub.,the government is doinging the renewed state of the state s publicist agency.,0.04275272786617279,0.07994303107261658,0.0030445056036114693,2.725762876425168
시 관계자는 초범일 경우 단순 경고를 받지만 재범의 경우 형사 처벌을 받을 수 있다고 밝혔다.,"Thousands of European and Asian expatriates live and work in Dubai, where native Emiratis make up only about 20 percent of its estimated 1.2 million residents.","earlier, officials say two men are working on a high of ice on the same day that the patient would be allowed to do.",-0.023464081808924675,0.0073675308376550674,-0.05719864368438721,1.760414527137107
"DUBAI, United Arab Emirates (CNN) / 이수지(JOINS)","But ""I am not sure if I can kiss her or touch her in public"" because of the new campaign, he added.","in the second, seo said the two sets of a local time republican will see the tree around the world.",0.0897158533334732,0.033864039927721024,0.14380310475826263,2.153418706857618
조지 부시 미국 대통령이 14일(현지시간) 미국 연안에서의 석유 시추를 금지하는 대통령령을 해지했다.,WASHINGTON (CNN) President Bush lifted an executive order banning offshore oil drilling on Monday and urged Congress to follow suit.,president bush urged the united states on thursday to move against the president s push to meet thursday to move a controversial oil oil future.,0.1096687987446785,0.10176722705364227,0.11468911170959473,2.16015243499944
부시 대통령은 백악관에서 발표한 성명에서 국민들이 급등하는 휘발유가로 몸살을 앓고 있다고 언급하며 “석유 시추 허용으로 고유가 부담을 완화할 수 있을 것이다”라고 밝혔다.,"Citing the high prices Americans are paying at the pump, Bush said from the White House Rose Garden that allowing offshore oil drilling is ""one of the most important steps we can take"" to reduce that burden.","bush said the gas price is now moved to the station as he moved into a case, as well as saying, the people s consensus before he moved",0.029783207923173904,0.06982757896184921,-0.012728417292237282,1.399516246630787
현재 연방법상 연안에서의 시추는 금지되어 있다.,"However, the move is largely symbolic as there is also a federal law banning offshore drilling.",they have continued ban on a ban on the illegal truly in the state run legislation.,0.14611263573169708,0.10344753414392471,0.18667590618133545,2.837863722262937
부시 대통령은 “치솟는 유가와 원유 보유랑 사이 에서 유일하게 남은 문제는 의회가 조치를 따르는 것 이다”라고 말했다.,"""This means that the only thing standing between the American people and these vast oil reserves is action from the U.S. Congress,"" Bush said.",bush said tuesday that congress needs to be sent to see if the world s top oil fell.,0.1514054834842682,0.12248028814792633,0.17786817252635956,1.6097465512953697
부시는 계속 지난 1981년 통과된 연안 시추 금지법안 폐지를 위해 의회를 압박해 왔다.,Bush has been pushing Congress to repeal the law passed in 1981.,"in a statement last month, the couple has failed to move forward, billing their money in the midst of a bill that was made to stay with congress passed.",0.19530315697193146,0.08423931151628494,0.3086443245410919,1.8154533256373544
지난달에는 성명을 통해 “시추금지법안 폐지를 지체할 하등의 이유가 없다”는 입장을 밝히기도 했다.,"""There is no excuse for delay,"" the president said in a Rose Garden statement last month.","the last time a month in question was not available for the transfer of security reasons that restrictions are not answered, according to the statement last month.",0.12698502838611603,-0.0005338072660379112,0.25826406478881836,9.865637517691194
그는 당시 “단기적으로 볼 때 미국 경제의 석유 의존도는 계속 높아질 것이고 이는 미국에서의 석유공급을 늘릴 필요가 있다는 것을 의미한다”며 “미국이 해결해야 할 가장 시급한 문제는 석유문제다”라고 덧붙였다.,"""In the short run, the American economy will continue to rely largely on oil, and that means we need to increase supply here at home,"" Bush said, adding that there is no more pressing issue for many Americans than gas prices.",the top economic impact of the united states is an oil need to increase information in the top u. s. treasury department s term of the united states.,0.0695633739233017,0.09525717794895172,0.0411367304623127,3.2968657454877675
연안에서의 석유 시추 금지령은 현 대통령의 아버지인 H.W 부시 전 대통령이 지난 1990년 동의하면서 발효됐다.,"Bush's father, President George H.W. Bush, signed the executive order in 1990 banning offshore drilling.","opec s opec is quite a year ago, as well as the president from his oil in a bid to fall down.",-0.06217734143137932,-0.13267888128757477,0.006858007982373238,2.224972978585352
그러나 민주당의 버락 오바마 상원의원은 그의 입장에 반대의 뜻을 드러냈다.,Sen. Barack Obama wants to keep the ban in place.,sen. barack obama s third straight day.,0.17920462787151337,0.15209509432315826,0.2039029896259308,4.062582855427254
"한편 전문가들은 석유 개발에 오랜 기간이 걸리는 것을 감안, 미국 연안에서의 석유 시추 허용이 국제유가에 즉각적으로 영향을 주진 않을 것으로 예상하고 있다.",Experts say offshore oil drilling would not have an immediate impact on oil prices because oil exploration takes years.,"experts predict international energy prices are expected to push for a low energy program in oil futures to, u. s. treasury bonds has pushed oil",0.12920254468917847,0.07864158600568771,0.17789718508720398,1.8884748972625875
우사인 볼트(22.자메이카)가 13일(현지시간) 그리스 아테네에서 열린 국제육상경기연맹(IAAF) 아테네 그랑프리 200m에서 19.67초로 우승하며 올 시즌 최고 기록을 작성했다.,Jamaica's Usain Bolt underlined his superb pre-Olympic form by recording the fastest 200 meters of the year at an international meeting in Athens on Sunday.,"two days of international tour in florida, told cnn at a top tourist resort at the weekend s top pacific region in germany, a fourth round of birds",-0.12220639735460281,-0.14907796680927277,-0.09872659295797348,1.8564670505078416
볼트는 기자회견에서 “오늘의 기록에 매우 만족한다”며 “베이징 올림픽에서 좋은 성적을 거둘 자신이 있다”고 말했다.,"""I feel sure I will be very strong at the Games.","i think there s a miracle in a chance to speak out to vancouver to play, there said the games are very difficult.",0.25789934396743774,0.0860561653971672,0.43931645154953003,1.982256626710344
아테네 그랑프리 남자 110m 허들 경기에서는 세계기록 보유자인 데이런 로블스(쿠바)가 13초04로 또 한번 우승했다.,"In the men's 110m hurdles, world record holder Dayron Robles set another meeting record by winning in 13.04 seconds.","the race was taken to a faster at the world championships, the second largest top world title winner to a leading world.",-0.011400774121284485,0.018391765654087067,-0.04408537596464157,2.224972978585352
로블스는 “올림픽 금메달은 나에게 가장 중요하다”며 “그 이유는 올림픽은 4년에 1번 밖에 기회가 없기 때문”이라고 설명했다.,"""Getting the Olympic gold medal is the most important thing to me, because it's something you can only do every four years,"" the Cuban said.","the olympics began, said the game was able to speak to the city for more than, but he ll be able to play a part in the city.",0.08820855617523193,0.08245641738176346,0.09100054204463959,2.0170550850601288
로블스는 “루(시앙)는 쉽지 않은 상대가 될 것”이라며 “그는 좋은 사람이고 중국인들도 그를 사랑한다”고 덧붙였다.,The people love him in China and he's a good person.,"if he was having very well, said, people,, told the british girls tend to love.",0.19082047045230865,0.062226928770542145,0.32342079281806946,2.51975934424348
그는 지난달 체코에서 열린 IAAF 그랑프리 110m 허들 경기서 루시앙이 갖고 있던 세계기록인 12초89를 경신하며 12초87로 우승했다.,"Robles ran a 12.87 last month, bettering Liu's previous mark of 12.89.","last month, he ll have a second world recorded by the world s second half seconds, and second half to second place in second place, but he believed seconds to",-0.03236234933137894,-0.13107851147651672,0.06698478013277054,4.492398578415928
러시아 당국은 미국과 영국 관리들이 러시아의 짐바브웨 결의안 거부를 맹비난한 것과 관련해 격한 반응을 보였다.,Russia has reacted angrily to comments made by U.S. and British officials who criticized Moscow's veto of U.N. sanctions against Zimbabwe.,officials say the russians and its refusal issues are engaged in a similar statement friday.,0.05707591772079468,0.005295976530760527,0.10681485384702682,1.5203507802452136
미국과 영국의 관리들은 11일(현지시간) 유엔 안전보장이사회에 상정된 짐바브웨 제재 결의안이 러시아와 중국의 거부로 부결된 데 대해 놀라움을 금치 못했다.,Officials in the United States and Britain were quick to exclaim their surprise over Friday's veto by Russia and China on sanctions.,"u. s. and britain, russia cnn u. s. and britain, russia cnn a u. s. security council on monday was",-0.0465908907353878,-0.09226305037736893,-0.00352380215190351,1.8884748972625875
미국이 주도한 이번 제재 결의안은 짐바브웨 대선 전후로 야당인 민주변화동맹(MDC)을 탄압한 로버트 무가베 대통령을 응징하는 데 목적이 있다.,The U.S.-led sanctions were aimed at punishing Zimbabwean leader Robert Mugabe's deadly crackdown on the opposition Move for Democratic Change during and after the presidential election.,the move is the former president for opposition candidates for president elect lee myung bak s former presidential candidate.,-0.065886951982975,-0.08946064859628677,-0.045587290078401566,1.7288391881503062
이와 관련 러시아 외무부는 12일 발표한 성명에서 “러시아가 G-8의 파트너로 인식되고 있는 것 같지 않다”고 밝혔다.,"The Russian Foreign Ministry in a statement Saturday said the criticism ""places a question mark over the worthiness of Russia as a G-8 partner,"" The Associated Press reported.","russia, russia and russia have also been released from russia to russian foreign relations, according to a statement from russia s foreign office and russia foreign ministry.",0.04147251695394516,-0.009262917563319206,0.09007520228624344,2.762353620054548
러시아 외무부는 또 일본에서 열린 G-8 정상회의에서 유엔의 짐바브웨 제재 결의안은 논의된 적이 없다고 전했다.,It added that the possibility of U.N. sanctions on Zimbabwe was excluded at a recent G-8 summit in Japan.,"russia s foreign ministry said the resolution was made from a second resolution from russia to see the nation s development of russia, said ahead of the international.",0.10462917387485504,-0.024317415431141853,0.23744454979896545,1.8564670505078416
러시아는 또 유엔의 간섭에 앞서 G-8 정상회의 차원에서 이 의제를 다뤄야 했다고 주장했다.,"Russia said it believed the sanctions would set a precedent for U.N. meddling, AP reported.","the agency reported tuesday that it needs the unstable, a multilateral summit in the nation.",0.16496653854846954,0.11525213718414307,0.21289324760437012,3.0002370282584896
"한편 유엔의 짐바브웨 제재 결의안은 무가베 및 그의 측근 11명에 대해 여행금지, 자산동결,무기거래 금지 등을 담고있다.",The sanctions would have been imposed on Mugabe and 11 senior members of his government.,the resolution has not been accused of of its candidates for nearly six other people.,0.05060775578022003,0.03090103715658188,0.06735619157552719,3.21858262703621
"유엔의 짐바브웨 제재 결의안은 15개 회원국 중 9개국이 찬성표를 던진 반면 러시아, 중국 등 5개국이 반대인장을 표명해 부결됐다.","The measure received nine votes the minimum for it to pass. However, two of the five negative votes were from Russia and China, who as permanent members of the Security Council have veto power.","the resolution is expected to make a substantial tax cuts, russia and china, russia and china, is being held by china russia, while the nation",-0.09136547148227692,-0.08297289162874222,-0.103266641497612,1.476517122509107
호주의 세계 최고령 블로거인 할머니가 건강이 악화됐지만 매일 자신이 얼마나 행복한 노래를 부르며 보냈는지 자신의 블로그에 마지막 유언을 남기고 향년 108세의 나이로 타계했다.,"An Australian woman often described as the world¡¯s oldest blogger has died at the age of 108 after posting a final message about her ailing health but how she sang ¡°a happy song, as I do every day.","when their currently confirmed that her body was not a very good for her to one child, but now, because of a very close to her, she s",-0.15597432851791382,-0.10738369822502136,-0.20727823674678802,1.4040985145954226
올리브 라일리 할머니는 12일(현지시간) 호주 뉴사우스웨일즈주에 있는 한 양로원에서 사망했다고 오스트레일리안 어소시에인티드 프레스(AAP)가 보도했다.,"¡± Olive Riley died Saturday at a nursing home in New South Wales, the Australian Associated Press (AAP) reported.","one year old woman who was born told the online forum on thursday s notice of the illinois died earlier this week, said a woman.",-0.0727933943271637,-0.0505843386054039,-0.09825826436281204,2.075273865705644
할머니는 자신의 블로그‘라일리의 삶(The Life of Riley)과 ‘유튜브(YouTube)’에 올린 연재한 동영상에는 자신의 매일매일 생활을 명상하는 내용을 담았다.,"since February 2007. On the site, The Life of Riley, and in a series of videos post on YouTube, Riley mused on her day-to-day life.","the idea of the oldest socialhsi, lai,, told the associated press that she was not in their possession at his home video, with",-0.06793494522571564,-0.12755092978477478,-0.010390299372375011,1.943639811135379
"할머니는 또한 1,2차 세계 대전의 전쟁 중에 요리사와 술집 여 종업원으로 일하면서 자녀 3명을 키운 자서전적 글을 올렸다.",She also recounted living through two world wars and raising three children on her own while working as a cook and a bar maid.,"when asked about the war czech republic, a grandmother, to, children as young as women, children as young as women, children as young as",-0.2203543484210968,-0.2714468240737915,-0.1721937209367752,1.6934096677198087
미국 양조업체 안호이저-부시 이사회가 세계 2위 맥주회사 벨기에 인베브의 인수제안을 수락한 것으로 밝혀졌다.,It appears the board of directors at Anheuser-Busch will soon agree to a buyout offer from a Belgian brewer.,"dramatic fa, texas cnn three dimensional will be given up to a third term of the u. s.",-0.013353760354220867,-0.015127369202673435,-0.014878354035317898,4.780204393760627
이에앞서 인베브는 지난 6월 11일 안호이저-부시측에 460억의 인수가격을 제시했으나 거절당한 바 있다.,InBev's original offer of $46 billion made on June 11th was rejected as too low.,"that prompted the billion wall street to set up a house in october, but still was disgusted, but they were still in october.",-0.02738170698285103,-0.001099098240956664,-0.05668998882174492,1.9011755113058344
한편 미국 미주리주 정치인들은 이번 인수협상이 미국 맥주시장에 혼란을 일으킬 수 있다며 반대입장을 내보였다.,"The deal is widely opposed by Missouri politicians, who worry it would create a near-monopoly in the American beer market, and hurt the state's economy.","the politicians were among the thirds of the united states, the politicians can be used as a reason for the united states.",0.1478632688522339,0.18039147555828094,0.11301174759864807,2.084323581868844
안호이저-부시 세인트루이스 본사에는 6000명의 직원이 상주하고 있다.,"Anheuser-Busch employs about 6,000 workers in St. Louis.","the workers are still in the house of commons, and more employees are.",0.07174944132566452,0.14605660736560822,-0.003341987729072571,3.4585921141027365
예배 중에 뱀을 다루는 켄터키 기독교 단체 성직자와 신도 10명이 야생동물 담당 경찰의 야생 뱀 거래 집중 단속에 적발됐다.,"FRANKFORT, Kentucky (CNN) The pastor of a Kentucky church that handles snakes in religious rites was among 10 people arrested by wildlife officers in a crackdown on the venomous snake trade.","the year old, who is,, told police, with the police accused of holding a police barrier, the group said.",-0.012469442561268806,0.022387007251381874,-0.05008489266037941,1.5097473397094947
켄터키 관할 야생 어류 및 동물 불법 거래 단속 경찰 소속 밥 밀리건 경감은 10일 비밀리에 진행된 이번 단속에서 대부분 죽은 뱀 100여 마리를 압수했다고 밝혔다.,"More than 100 snakes, many of them deadly, were confiscated in the undercover sting after Thursday's arrests, said Col. Bob Milligan, director of law enforcement for Kentucky Fish and Wildlife.","the death of a high ranking area with cuffin inventoryal areas of wild alone in the most day study found, wy and other cracks in a day, most",-0.11058242619037628,-0.13924799859523773,-0.08523165434598923,2.7805637387700006
"경찰은 아메리카산 살무사 42마리, 방물뱀 11마리, 북미산 독사 3마리, 다이아몬드 방울뱀 1 마리, 코브라 2마리, 아프리카산 독사 1마리 등을 압수했으며 이들 대부분 미들스보로에 있는 그레고리 제임스 쿡츠의 집에서 발견했다.","Most were taken from the Middlesboro home of Gregory James Coots, including 42 copperheads, 11 timber rattlesnakes, three cottonmouth water moccasins, a western diamondback rattlesnake, two cobras and a puff adder.","officers raided the two birds before they were found in africa, northern australia, and neither side of the wildlifecoayo, an originally",-0.2733897268772125,-0.24081145226955414,-0.30960148572921753,1.5393571582377543
애팔래치아가 교세 지역인 근본주의적 기독교 단체는 신실한 신도에게 다치지 않고 뱀을 집어 올릴 수 있다는 성서적 해석론을 근본 교리로 설파하고 있다.,"Handling snakes is practiced in a handful of fundamentalist churches across Appalachia, based on the interpretation of Bible verses saying true believers can take up serpents without being harmed","these groups are given to an end to their two can christianly produce the group s own, with organizations that can t be enough to make any other",-0.12033252418041229,-0.1688171625137329,-0.07457676529884338,1.6360115411488572
이 종교단체의 이같은 행위는 켄터키 주를 포함 대부분 미국 주 정부에서 불법으로 규정하고 있다.,". The practice is illegal in most states, including Kentucky.","the cult members, including the main opposition grand national party, is doing largely on the illegal immigrants, according to the station.",0.13955971598625183,0.022958310320973396,0.258830726146698,3.78786561257948
쿠츠(36)는 미들 보로에서‘예수 이름 안에서 충만한 복음 교회(Full Gospel Tabernacle in Jesus Name)'의 종교 단체를 이끌고 있으며 1995년 예배를 드리다 방물뱀에 물려 테네시 출신 여성이 숨지는 사고가 있었다.,"Coots, 36, is pastor of the Full Gospel Tabernacle in Jesus Name in Middlesboro, where a Tennessee woman died after being bitten by a rattlesnake during a service in 1995.","katzman, a year old group of co founder groups at the national assembly s web site, said the group was religious groups for the group of other groups in",-0.16434745490550995,-0.14365394413471222,-0.18861573934555054,1.703941091902087
피해여성의 남편도 3년 전 알라바마 북동부에서 뱀에 물려 사망했다.,Her husband died three years later when he was bitten by a snake in northeastern Alabama.,"in, she wors the million died of a free death in the region, including a car bomb in the northeastern city of.",0.13503289222717285,0.08459483087062836,0.18361796438694,2.252278368576829
경찰은 쿠츠를 10일 파충류 매매 및 불법 소지 혐의로 기소했다.,"Coots was charged Thursday with buying, selling and possessing illegal reptiles.","police, who previously charged with illegally charged with illegally charged with drug trafficking and charged with driving illegally charged with illegal driving charges of illegal",-0.08594655245542526,-0.21076543629169464,0.04190643131732941,2.16015243499944
쌍동이 출산 후 브래드 피트는 감동했지만 차분했고 안젤리나 졸리는 즐겁게 이야기했다.,"NICE, France (CNN) Brad Pitt was emotional but calm, Angelina Jolie laughed and chatted.","it is, caught in a long run nd minute, but she doesn t know.",-0.08015293627977371,-0.08574274927377701,-0.07807262986898422,2.8752756483814887
세계 최고 유명 연예인 '브란젤리나(브래드 피트와 앤젤리나 졸리의 합성어)' 커플이 이란성 쌍둥이를 출산한 기쁨을 함께 나눴으며 산모와 신생아들 모두 정말 건강하다고 프랑스 리비에라 인근 해변에 있는 한 병원에서 이들 커플의 출산을 담당한 산부인과 의사가 13일(현지시간) 이 커플의 출산 소식을 전했다.,"The world's most famous celebrity couple were joined in emotion during the birth of their twins a boy and a girl and all ""are doing marvelously well,"" the doctor who delivered the babies in a seaside hospital on the French Riviera said Sunday.","brad pitt, a celebrity, told the associated press he had even rocked the channel as a category storm, referring to their voice to a friendly ru",-0.05292025953531265,-0.038276705890893936,-0.07088034600019455,1.1633010650112496
"12일 오후 1분 차이로 태어난 이란성 쌍둥이, 크녹스 레옹과 비비엔 마첼린은 탄생과 동시 에‘밀리언달러 베이비'로 등극했다.","The newborns Knox Leon and Vivienne Marcheline, born one minute apart Saturday evening are the ultimate million-dollar babies, with experts estimating their first photos will fetch a fortune.","they will be highly critical of the united states, a highery and high levels of anti terrorism experts, according to the federal operation.",-0.044418592005968094,0.009780806489288807,-0.100762277841568,2.0044546043385925
병원 측은 이들 가족이 병실의 청색 창문을 통해 니스의 일광이 비치는 해변의 전경을 볼 수 있지만 이들이 파파라치의 몰래 카메라를 피할 수 있도록 이 창문을 특수 처리했다.,"For now, mother, father and newborns are resting out of the public eye on the fifth floor of the Lenval hospital, behind blue mirrored windows that provide sweeping views of Nice's sun-drenched beaches, but that are specially treated to deflect the prying lenses of paparazzi.","it s just the audacity of these people but could not physically just their own, but they can t get around the world, but they can t get",-0.1742737740278244,-0.17324115335941315,-0.17912353575229645,1.6777428598387358
졸리의 담당 산부인과 의사인 미첼 서스만 박사는 피트(44)가 쌍둥이를 출산하는 동안 졸리 옆에서 2.28kg의 크녹스와 2.27kg의 비비엔나를 꺼내는 제왕절개 수술을 지켜봤다고 전했다.,"Jolie's obstetrician, Dr. Michel Sussmann, said the 44-year-old Pitt was at Jolie's side during the delivery, looking on as the doctor performed a Caesarean section to deliver Knox, weighing in at 2.28 kilograms (5.03 pounds) and Vivienne, who weighed 2.27 kilogram (5 pounds).",the fourth place was a twice a meeting of the three men who died during a series of seven pounds and at the same four pounding the fourth lending,-0.18667858839035034,-0.07740523666143417,-0.29482501745224,0.9018588737580608
"서스만 박사는 이번 제왕절개 수술은 건강 상의 이유로 쌍둥이가 최상의 상태에서 태어날 수 있도록 예정된 날짜에 시행된 것이었다""고 밝혔다.","Sussmann said the Caesarean was moved forward from its originally planned date ""for medical reasons"" so the babies could be born ""in the best conditions.""","i want to show that they can get a real life in a life to make a medical doctors at the very recovery season once alive, saying they will",-0.15340261161327362,-0.11596352607011795,-0.19395485520362854,1.6338984401221652
미스 베네수엘라가 14일(현지시간) 개최된 2008 미스 유니버스 선발대회에서 영예의 미스 유니버스로 선발되는 긴장감을 경험했지만 미스 미국은 지난해에 이어 2년 연속 이브닝 드레스 행진 중 넘어지는 아찔한 순간을 경험했다.,"NHA TRANG, Vietnam (CNN) Miss Venezuela was crowned Miss Universe 2008 on Monday in a contest marked by the spectacle of Miss USA falling down during the evening gown competition for the second year in a row.","the united states, the united states, the united states, the u. s. backed superst u. s. backed american dreams, s",-0.1554325819015503,-0.04238726943731308,-0.266952246427536,1.2551683966797913
올해 최고 미녀가 된 미스 베네수엘라 다야나 멘도사(22)는 지난해 미스 유니버스인 모리 리요(일본)으로부터 왕관을 넘겨받은 후 기자들과 인터뷰를 했다.,"An elated Dayana Mendoza received the crown from her predecessor, Riyo Mori of Japan, and then prepared to meet a gaggle of reporters.","the two years of the japanese yen reporters last year, along with the japanese yen during their years to win the japanese side of",-0.18811242282390594,-0.17042814195156097,-0.20950104296207428,2.264882092592075
다야나 멘도사는 한때 베네수엘라에서 납치됐던 적이 있어 그 당시 경험을 통해 긴장된 순간에 동요하지 않는 방법을 배웠다고 밝혔다.,"Miss Venezuela, 22, was once kidnapped in her homeland and says the experience taught her to remain poised under pressure.","a year old girl was open to set up a nail on the video, he said.",0.13570672273635864,0.12338447570800781,0.14526186883449554,2.4326351876994745
이번 미스 유니버스 대회에서 텍사스 출신 미스 미국 크리스틀 스튜와트에게도 무대에서 넘어지는 긴장된 순간이 있었다.,"Tension got under the skin of Crystle Stewart of Texas, the second Miss USA in a row to fall down during the Miss Universe pageant.","the two final stars did not have a master s way to win the final, said americans starting to be released from the masters.",0.03189123049378395,0.04754917323589325,0.013203115202486515,2.261063576512428
야외 이브닝 드레스 행진 도중 미스 미국은 12번째로 무대에 오르자 마자 비쥬로 장식된 이브닝 드레스 자락에 밟혀 넘어졌다.,She tripped on the train of her bejeweled evening gown as she made her entrance.,"the u. s. s. and indian america of adventurewes, had a fourth as of whom used by the u. s. backed by the",-0.06159462407231331,-0.12902146577835083,0.004191633779555559,1.8196871111910016
지난해 멕시코 시티에서 열린 미스 유니버스 대회 도중 미스 미국 레이첼 스미스도 이브닝 드레스 행진 중에 넘어져 실수가 재연되는 동영상 유튜브를 통해 본의 아니게 스타덤에 올랐다.,"During the 2007 Miss Universe contest in Mexico City, Miss USA Rachel Smith also tumbled during the evening gown competition and became an unintended star on You Tube, where the video was shown over and over again.","the u. s. led last year s top u. s., americans in the world, never had been shot in the first time last year,",-0.11285114288330078,-0.15389850735664368,-0.07478051632642746,1.459265373407899
스미스처럼 스튜워트도 넘어진 후 재빨리 수습해 아무 일 없었다는 듯이 행진을 계속했다.,"Like Smith, Stewart quickly stood up after her fall and continued on as if nothing had happened.","today, such as polar bears, was shot that nothing has gone on a very ill, and there are no longer ideas.",-0.002616223879158497,-0.055882085114717484,0.048485707491636276,2.357313684245234
"최종 5위에 오른 후보 가운데 4명은 미스 멕시코, 미스 도미니카 공화국, 미스 콜롬비아, 미스 베네수엘라가 차지, 미스 러시아를 제외한 중남미 출신 미녀가 대부분이었다.","Miss Mexico, Miss Dominican Republic, Miss Colombia and Miss Venezuela. Rounding out the final five was Miss Russia.","the seven misss two thirds of the six party seven players have been caught in the final last year, she said.",-0.09348197281360626,-0.019751930609345436,-0.16847892105579376,3.916449665002248
미스 콜롬비아가 멘도자에 이어 2위를 차지했다.,Miss Colombia finished second behind Mendoza.,cnn colombia s top whitey beat colombia s top whitey beat.,-0.040868960320949554,-0.15406158566474915,0.07424922287464142,3.3864985683445354
"미스 태국이 전통의상상을, 미스 엘살바도르가 우정상을 받았다.",Miss Thailand won the prize for best national costume and Miss El Salvador was chosen by her peers as Miss Congeniality.,"they have abandoned their original opposition, the nation s top story.",-0.0034023623447865248,0.077133908867836,-0.08454578369855881,1.8383058700933637
"남한은 북한이 13일 금강산 피살사건으로 한반도의 긴장을 고조시켰다고 비난한 반면, 북한은 남측의 대북대화 제안을 거절했다.","SEOUL, South Korea (CNN) North Korea rejected a proposal to resume stalled reconciliation talks with South Korea, while Seoul denounced the communist regime Sunday for the shooting death of a tourist that heightened tension between the divided nations.","the, south korea confirmed the south koreans at a north korean propaganda south korea s proposal to free north korea on friday, according to north korea yesterday,",-0.06983636319637299,-0.05469030514359474,-0.0883461982011795,2.201899413266356
"북한의 노동당 기관지 노동신문은 논평에서 “이명박 대통령의 대북대화 제의는 일고의 가치도 없다""고 밝혔다.","North Korea's main newspaper, Rodong Sinmun, said in a commentary that South Korean President Lee Myung-bak's proposal to restart bilateral talks was not even worth considering.","even labor north korean leader, the north s leadership, said thursday that the president has seen a tough north korean president, said north korea s nuclear cris",-0.0979427620768547,-0.025907516479492188,-0.17135681211948395,3.2677968802443296
"노동신문은 이 대통령의 제안을 ""양측의 팽팽한 긴장 관계에 대한 책임을 회피하려는 가소로운 잔꾀""라고 강조했다.","It called Lee's proposal a ""deceitful"" tactic to avoid taking responsibility for strained ties.","the labor department, the united states, a key u. s. n. appealed to a lee jug aimed at a meeting of the interimal",-0.07404711842536926,-0.11208997666835785,-0.038953542709350586,1.7574239156849023
북한군이 남측 금강산 관광객이 피살한 사건 이후 한반도의 긴장감이 높아졌다.,"The snub was another sign of strained relations between the Koreas, which intensified after a North Korean soldier fatally shot a South Korean tourist Friday at a northern mountain resort.","south korea is aiming to south korea from its nuclear activities, the north korean said.",-0.004971814341843128,-0.010367322713136673,-0.002841821638867259,1.2454814311847586
남한은 북한이 무구한 민간인을 피살했다고 비난하며 남측 조사관이 이번 사건을 철저히 조사를 할 수 있도록 허가해 줄 것을 요구했다.,"South Korea has criticized the North for killing an innocent civilian, demanding that investigators from the South be allowed to probe the case.","the korea times reports south korea claims the personnel claims on the case, saying it is the case of an investigation into the alleged abduction of korea s claims",0.17136125266551971,0.10703136026859283,0.23458151519298553,3.2677968802443296
정부는 이번 사건의 조사가 끝날 때까지 금강산 관광을 중단했다.,The South Korean government suspended tours to the resort pending an inquiry.,the government said the investigation was still under house arrest.,0.35194215178489685,0.30491217970848083,0.39767250418663025,4.112362514034741
"그러나,북한 53세의 피해 여성이 북한군의 경고 사격을 무시하고 통제구역을 넘어갔다고 주장하며 남측의 어떤 조사도 협조하지 않겠다고 밝혔다.","However, the North has refused to cooperate in any investigation, saying the 53-year-old housewife ignored a soldier's warning and tried to flee.","but however, north korea captured their songs from a north korean patrol, accusing north korea captured its un inspectiond to north korea in, despite the north",-0.0014278338057920337,-0.030817553400993347,0.02501644752919674,2.01381482546679
북한은 금강산 관광 관계자에게 이번 사건으로 금강산 관광을 중단한 것에 대한 사과를 요구했다.,The North's tourism authorities demanded South Korea apologize for halting tours.,north korea has demanded a demand for a tour of south korea s tourism officials in seoul.,0.30371153354644775,0.2561832666397095,0.3498065173625946,3.0372940354383413
니콜라 사르코지 프랑스 대통령은 12일(현지시간) 시리아와 레바논이 역사상 처음으로 상대국에 대사관을 설치하기로 합의했다고 밝혔다.,France's president said Saturday that Syria and Lebanon will open embassies in each other's countries for the first time.,"paris, france cnn a frenchman rather than working on thursday, the lebanese army announced tuesday as he left on the nation s armed forces",-0.06284693628549576,-0.12355992943048477,-0.004135037772357464,1.444580998177086
그러나 바샤르 아사드 시리아 대통령은 해결해야 할 과제가 남아있다고 전했다.,But Syria's leader cautioned there was still work to be done before that could happen.,but ahmadinejad said the idea should be very well.,0.09472934156656265,0.00720975873991847,0.1823434978723526,2.7385973411104616
레바논과 시리아는 1943년과 1945년에 독립한 이후 상대국에 대사관을 두지 않았다.,Syria and Lebanon have not had full-fledged embassies in each other's countries since Lebanon became independent in 1943 and Syria in 1945.,amid another over the anti syrian in dispute between lebanon and lebanon said.,-0.08605992048978806,-0.11279746890068054,-0.06259895116090775,1.9651001128570365
시리아는 수만명의 병력을 주둔시키며 2005년까지 약 30년간 레바논을 지배했다.,"Syria dominated Lebanon for almost three decades until 2005, keeping tens of thousands of troops stationed in its smaller neighbor.","syria has been increasing for almost years after the country s military figure, which has a population of, troops and lebanese troops.",0.09863495826721191,0.053879864513874054,0.14120960235595703,3.964513253420688
아사드는 지난달 레바논 의회에서 과반수를 확보한 반 시리아 계열과 야당인 시리아의 동맹인 헤즈볼라가 거국내각 구성에 합의한다면 레바논과 외교관계를 복원할 수 있다고 말했다.,Syrian President Bashar Assad said last month that establishing diplomatic ties with Lebanon would be possible if a national unity Cabinet were formed in Beirut between the anti-Syrian parliamentary majority and the opposition led by Syrian ally Hezbollah.,"hezbollah leaders, the democratic leader of the people, said the people would take the first half of the coalition of the regions, but hezbollah leader",0.10288526117801666,0.1282159835100174,0.07491882145404816,1.274956968447649
이와 관련 레바논에서는 몇 주간의 논쟁 끝에 11일 거국내각이 구성됐다.,The unity government was formed Friday after weeks of haggling.,"several days of mourning may be at their homes, where he has been a week in the week of several weeks.",0.035748112946748734,-0.0058648050762712955,0.07487425208091736,2.1671320168371846
아사드 및 미셸 술레이만 레바논 대통령과 연쇄회담을 가진 사르코지는 12일 열린 기자회견에서 “바샤르 아사드 대통령이 레바논에 외교관을 파견하기로 결정해 역사의 발전에 기여했다”고 강조했다.,"""President Bashar al-Assad's will to open diplomatic representation in Lebanon is historic progress,"" Sarkozy told reporters at a news conference after he met Assad and Lebanese President Michel Suleiman separately. But Assad was more cautious on the opening of embassies, saying both countries must ""define the steps to take to arrive at this stage.","irish, president gen. david miliband said tuesday the president of a georgia summit in east of morning and handing over to the presidential palace",-0.10351071506738663,-0.12359742820262909,-0.08687824010848999,0.6511414436880857
반면 아사드는 두 나라간에 대사관을 개설하기 위해서는 풀어야 할 숙제들이 남아있다며 신중한 입장을 보였다.,"""Naturally, there are a certain number of legal questions to be resolved on the Syrian side.",rudd said he shouldn t need to be a common ground for our country should not be very difficult.,0.05814140662550926,-0.07920829206705093,0.2002277970314026,4.553719184146073
한편 술레이만은 시리아와의 외교관계 강화를 긍정적으로 평가했다.,"""We want an exchange of ambassadors and diplomatic relations with Syria,"" he said before meeting Sarkozy.","it s also increased, including foreign ministry officials and israeli foreign ministry.",0.09605652093887329,0.09074404835700989,0.09843229502439499,2.4347130516557893
술레이만은 사르코지와의 회담을 앞두고 “우리는 시리아와 상대국에 대사를 파견하는 외교관계를 바라고 있다”며 “이것은 지극히 정상적”이라고 밝혔다.,"He told reporters not to speak of normalizing ties between Lebanon and Syria because ""they are completely normal.","it s very difficult, and we are seeing another step in the overall violence. we are this enemy. it s this is a major state and",0.015249180607497692,-0.03294216841459274,0.061124276369810104,1.6934096677198087
네팔 서부 경찰 훈련소에서 후임 경찰 200여명이 훈련장 내 처우와 식생활 개선을 요구하며 선임 8명을 인질로 잡았다고 경찰 당국이 밝혔다.,"KATHMANDU, Nepal (CNN) &#8212; About 200 officers at a police camp in western Nepal have taken eight of their superiors hostage, demanding better treatment and better food in the barracks, Nepalese officials.","police raided around the scene, and the official said they had reached the four and five years, police said.",-0.05888622626662254,0.08691047132015228,-0.19969509541988373,1.1397613323134768
경찰 당국은 인질극을 벌인 경찰들과 협상을 하는 동안 다른 지역 관할 경찰들에게 지원을 요청 했다.,"By Sunday, authorities called in other policemen who cordoned off the area while negotiations continued.",police officials in new york police have urged the police to see the taliban struggling to help other police officials.,0.12571823596954346,0.08102656900882721,0.16831336915493011,2.5683319547529764
모드 라지 도텔 내무부 대변인은 13일 “항의하는 후임 경찰들로부터 공식 입장을 듣진 못했지만 이들이 12일 확성기로 자신들의 요구조건 31가지를 내용을 낭독했다”고 밝혔다.,"¡°We have not received any official communication from the protesting police officers, but yesterday they read out 31 demands on a loudspeaker to the public,¡± home ministry spokesman Mod Raj Dotel told CNN on Sunday.","they are able to hear their own people, but the daily did not say how many people were not identified.",0.010992872528731823,0.13974253833293915,-0.11443407833576202,2.1817472119278825
도텔 대변인은 인질극을 벌인 경찰들의 요구 조건 중 훈련소 내 식생활 및 신임의 후임에 대한 처우 개선도 포함됐다고 말했다.,"Among the officers¡¯ demands are better food in the barracks and better treatment by senior officers, he said.","he doesn t know how many of these are particularr to get them with the appropriate of the hostages, and they include their citizens being taken to a new or",-0.05110253766179085,-0.10669742524623871,0.002281875815242529,1.877081263233555
에후드 올메르트 이스라엘 총리는 13일(현지시간) 프랑스 파리에서 열리는 지중해 연합 출범을 위한 정상회담에 참석하기 전에 팔레스타인과의 평화협정 타결이 어느 때 보다 가까워졌다고 밝혔다.,"PARIS, France (CNN) &#8212; As he prepared to attend a summit for the Union for the Mediterranean Sunday in Paris, Israeli Prime Minister Ehud Olmert said that a peace agreement with the Palestinians had never been so close as it was now.","olmert said his country would not commit to establish a plan at the next week, announcing the next step to help establish its next year.",0.008522151038050652,0.11366380006074905,-0.09541502594947815,0.963058940228765
"올메르트 총리는 마무드 아바스 팔레스타인 자치정부 수반, 니콜라 사르코지 프랑스 대통령과 가진 공동기자회견에서 “우리는 오늘만큼 평화협정 합의 가능성에 더 다가선 적이 없었다""고 강조했다.","¡°I think we have never been as close to the possibility of reaching an agreement as we are today,¡± Olmert said, in a joint news conference with Palestinian President Mahmoud Abbas and French President Nicolas Sarkozy.","we are at a peace agreement, we will host a peace agreement between french president nicolas sarkozy, a friend of the palestinian president we exchanged, and we welcome agreed to",-0.019494187086820602,0.03345050662755966,-0.0745650976896286,2.7823764315726467
올메리트 총리는 “팔레스타인 자치정부와 이스라엘이 이전에 한 번도 이루지 못한 중대한 문제들의 최종 합의에 착수하게 될 것”이라고 덧붙였다.,"¡°I think we are coming to a moment at which the Palestinian Authority and the state of Israel¡± will undertake serious issues ¡°that will take us finally to a point at which we have never been before ,¡± Olmert added.","their will address to send a deal to resolve these agreements with the agreements of these agreements, said the woman, if the cuban leaders would take firms",-0.08354540914297104,0.04575566574931145,-0.20964005589485168,1.4235037489778617
"2000여명이 알-바시르 대통령이 장관회의 도중에 모습을 나타내자 그를 격려하는 환호와 함께“미국은 물러나라""는 구호를 외쳤다.","A crowd of about 2,000 people, some chanting ¡°Down, down, USA,¡± greeted the president with rousing cheers when he appeared on his way into the council of ministers meeting.","more than, people, the u. s. and iraqi leader who owned the, owned by the u. s., with the united states",-0.13764064013957977,-0.1098082959651947,-0.16880999505519867,3.047619996937072
유엔 주재 수단 대사관은 11일 국제헌법재판소(ICC)이 14일에 수단의 다르푸르 지역에서 발생한 5년간의 대학살에 개입했다는 혐의로 체포 영장을 청구할 방침이라고 밝혔다.,"Monday, the chief prosecutor of the International Criminal Court may seek an arrest warrant for al-Bashir, charging him with genocide for a five-year campaign of violence in the country¡¯s Darfur region, the Sudanese ambassador to the United Nations told CNN Friday.",the embassy statement said thursday that mass murder were charged by the university of state university in tuesday s massive project to create a fresh year high of.,-0.023788990452885628,0.023757075890898705,-0.07369564473628998,1.2463599045251377
루이 모레노 오캄포 ICC 검찰은 영장에서 알 바시르 대통령이 ICC가 대학살과 관련해 기소한 최초 현직 대통령이 될 것이라고 말했다.,The warrant from Chief Prosecutor Luis Moreno-Ocampo would make al-Bashir the first sitting president to be indicted by the ICC for genocide.,"in terms of the former soviet unionic speaker former presidential office, announced his first term as a form of presidential candidate, according to the associated press.",-0.08108633756637573,-0.10658563673496246,-0.05887317657470703,1.92408485982654
"지난 주말 미국 연방 은행업무 감독기관인 연방예금보험공사(FDIC)가 캘리포니아주 모기지 대출 민간은행인 ‘인디맥(IndyMac)’의 경영권을 인계 받은 후 ""인디맥이 연방기구의 관리 하에 건전하고 안전한 상태로 14일(현지시간) 다시 영업을 재개할 것”이라고 인디맥의 새 경영자가 13일 약속했다.","California lender IndyMac will reopen Monday as a ¡°strong and safe institution¡± under federal management after its weekend takeover by banking regulators, the firm¡¯s new CEO pledged Sunday.","washington cnn the search is a credit for credits, the federal government agency reported that the credit markets, a loss of mortgages in english, said they",-0.2366979718208313,-0.14034461975097656,-0.333111435174942,2.9566066130218744
"보벤지는 기자회견에서 “FDIC는 인디맥의 가치를 지키고 앞으로 몇 달 안에 민영은행으로 전환할 계획을 목표로 삼았다""고 말했다.","¡°Our objective is to preserve the bank¡¯s value and return it to the private sector, which we plan to do in the upcoming months,¡± Bovenzi said at a news conference.","the error is coming to buying its planning to, by the company s plan to buy its profit and buying it, and its planning to beat them to buy it",-0.060324300080537796,0.014737538062036037,-0.136483833193779,3.3375250824346394
현재 '인디맥 연방은행(IndyMac Federal Bank)'로 이름을 변경한 이 은행은 한때 미국 최대모기지 대출 은행이었다.,"The company, now renamed IndyMac Federal Bank, was once one of the nation¡¯s largest home lenders.","the bank of money being made names for the rest of the american people, the banking was in banks to sell the case as the bank s season ends.",0.020955923944711685,0.046170614659786224,-0.007155844010412693,3.016200863100729
"그러나 인디맥 고객들이 지난 2주간 13억달러를 인출하는 사태가 계속되자 미국저축기관감독청(Office of Thrift Supervision, OTS)이 11일 인디맥의 자산을 압수했다.","But the federal Office of Thrift Supervision moved to seize its assets Friday afternoon following a two-week run on the bank, during which customers withdrew more than $1.3 billion.","but they were surprised by the drop of an additional, to, customers in an attempt to find an economic recovery that was cut by an employee of an economic recovery that",-0.034973982721567154,-0.07963138073682785,0.007078024558722973,1.6794256847485505
미국의 자유 환경보호주의 정당인 녹색당은 12일(현지시간) 조지아주 전 하원의원 신시아 매키니를 대선 후보로 지명했다.,(CNN) The liberal environmentalist Green Party nominated former Georgia congresswoman Cynthia McKinney as its presidential candidate Saturday.,"the united states is the former head of the free night at the weekend, as the united states has declared a state of the nomination.",-0.09788236767053604,-0.05793807655572891,-0.14068785309791565,1.8264728862681343
5차례 하원의원에 당선됐던 매키니 후보(53)는 한 라디오 방송국과의 인터뷰에서 2001년 워싱턴과 뉴욕에서 911 테러가 발생한 이후 부시 행정부가 이라크 전쟁으로부터 얻게 되는 이득을 계속 주장하고 있다고 밝혀 2002년 자신의 지역구인 아틀랜타주 프라이머리에서 낙선했다.,"She lost to a primary challenger in her suburban Atlanta district in 2002 after she suggested during a radio interview that members of the Bush administration stood to profit from the war that followed the September 11, 2001, terrorist attacks on New York and Washington.",the republicans have given the bush administration to the united states since washington s th in the city and the attacks on september and that washington should be attacked.,0.005143804010003805,0.021605929359793663,-0.014422757551074028,2.086837937627162
2년 후 그는 대부분 논란을 피해 자제하는 선거유세를 펼쳐 하원의원에 다시 당선됐다.,"Two years later, she made a successful comeback with a low-key campaign in which she largely avoided controversy.","he was facing the return of the office, which won the majority of the seats in the lower house and the won.",0.13180923461914062,0.040740568190813065,0.22333307564258575,2.224972978585352
매키니는 시카고주에서 녹색당 전당대회에서 경선 후보 3명을 제치고 대선후보로 당선됐다.,McKinney held off three other rivals to win the party¡¯s nomination during its convention in Chicago.,"everything in the presence of general romney and their candidate, she and their candidate to elect,.",-0.13983765244483948,-0.07178664207458496,-0.20961034297943115,2.8629993657668877
그는 부통령 후보로 언론인이자 시민 운동가인 로사 클레멘트를 지명했다.,She picked journalist and activist Rosa Clemente as her running mate.,"he received a performance, blatter., vice president, to,.",-0.12385566532611847,-0.23629797995090485,-0.009749704971909523,2.839838722567789
지방의 한 산에서 카메라를 응시하며 웅크리고 있는 호랑이를 촬영한 사진에 대해 한 농민이 권리를 주장하며 사건은 시작됐다.,"SHANGHAI, China (CNN) It all started with a farmer, a photo and a claim a sighting of a rare tiger in the local woods, curled up and staring right at the camera.","a landslide who touched on a motorcycle after a farmer of their families, a epetel who left her body on a touch screening into a t shirtdy",-0.11129757761955261,-0.13084150850772858,-0.0952409952878952,3.142632074934669
"저우정룽이 이 사진을 처음 온라인으로 공개한 이후 장장 9개월간 중국의 근대화를 방해하는 가짜 상품, 금품갈취, 고위 공무원들의 거짓말 문제들과 함께 쟁점화 됐다.","In the nine months since the first of Zhou's photos was released and posted online, it ignited debate on issues that bedevil a rapidly modernizing China faked goods, greed and officials' lies.","they are also going to be completely since the country s first important since, this is a month old chinese products, to, products commercially",-0.11613307148218155,-0.18269403278827667,-0.05142373964190483,2.7162102185823565
국영언론은 농업과 사냥을 주업으로 하던 올해 54세인 저우정룽이 중국 남부에서 20년 전 사라진 야생 호랑이를 발견한 사람에게 100만위안(약 1억5000만원)을 상금으로 준다는 말을 듣고 이 같은 일을 저질렀다고 보도했다.,"The tiger story began when Zhou, a 54-year-old farmer and hunter, heard that a person could win more than 1 million yuan (about US$146,000) for finding an endangered South China tiger in the wild, where it hadn't been seen in more than 20 years, according to state media accounts.","a state of emergency, the state run news agency said the two decades will move to found in tiger with china s eastern edges, the year old hoton",-0.1950107365846634,-0.16352295875549316,-0.2299187183380127,0.7681088328847853
"그는 지난 2006년 10월, 산시성 수풀에서 호랑이를 봤다며 호랑이 사진 수십 장을 위조했다.","Last October, he emerged from the woods in Shaanxi with his claim of a tiger sighting, plus dozens of digital photos.","in, he had a big skinnyer in a july one from a nearly million in a room nearly a year old hotel.",0.019491715356707573,-0.06025831401348114,0.09859005361795425,4.141141330484801
산시성 관할 고위 관계자는 그의 주장을 인정하며 사건 발생 1주일 후 기자회견을 열고 2만위안(약 300만원)의 포상금을 지급했다.,"Officials in Shaanxi embraced his claim, awarding him 20,000 yuan (about US$2,920) and praise at a press conference little more than a week later.","officials say the two sides are demanding a funding to reporters after weeks of husting up to his proposal, which is just weeks after they completely call",-0.10106083005666733,-0.03529176861047745,-0.16856946051120758,1.6362719960559131
당시 차이나 데일리는 주주롱 산시성 산림청 부청장의 말을 인용 “상세한 조사결과 이 사진은 진짜로 밝혀졌다”며 “20년 만에 야생 호랑이가 발견됐다”고 보도했었다.,"That means the tiger has been found again after more than 20 years,"" the China Daily newspaper quoted Shaanxi Forestry Administration Bureau Deputy Director Zhu Julong as saying.","the ntsb, which was also said they had been lost and then had their very tiger, and then, in the case,",-0.09718911349773407,0.004356419201940298,-0.1980612426996231,1.7717049156000575
그러나 저우정룽의 행복은 오래가지 않았다.,The glow didn't last.,"i think about,, were doctors.",0.1514955312013626,0.10104522109031677,0.20014573633670807,5.522397783539471
중국의 온라인 동호회 회원들이 호랑이 사진이 너무 밝다며 진위여부에 의문을 제기했다.,China's online community almost immediately suspected a fake.,"beijing, china cnn china online advertising has seen on the beach on beijit photos of the beijing tigers.",0.08946193009614944,-0.0547182522714138,0.23926056921482086,2.276859592073037
나무 사이 에서 찍힌 사진이지만 호랑이의 움직임은 전혀 없었다.,"The tiger was too shiny, they said. And no matter where it was snapped among the trees, its position never changed.",while then shot down the two years before the two night was unmied.,0.027331557124853134,-0.018568286672234535,0.07086726278066635,1.7035018586323527
그러던 중 이 호랑이의 사진과 똑 같은 사진 1장을 한 네티즌이 인터넷에 올리면서 당국이 공개조사에 나섰다.,"When someone came up with an old poster with a photo that looked strikingly like the tiger and posted it online, the public called for an official investigation.",the site includes a photo of the site with images of the two images of their photos and a half time of the fishing photos of their own web site,0.07488834857940674,0.05436273291707039,0.09254667162895203,3.2677968802443296
당시 산시성 관할 고위관계자들은 사진에 문제가 없다고 주장했다.,But Shaanxi officials stuck to their story.,officials say they have complained that the site that the problems in the photos and put down the pictures there to break up there isn t the only pictures of the,-0.013204372487962246,-0.1504696160554886,0.12866157293319702,1.4262733286728255
그러나 결국 산시성 관할 고위관계자들은 이번 주 이 사진이 합성이라고 인정했다.,"Finally, under increasing pressure, the Shaanxi officials confirmed the photos as a hoax this week.",but officials say how many officials are talking to the highest level of highly higher fields of high profile incident.,0.10085740685462952,0.06642168015241623,0.13280050456523895,2.3901021968803136
도시 전체가 사라질 뻔했으며 수백 킬로미터에서도 목격할 수 있었던 히로시마에 투하된 원자폭탄보다 그 위력이 수백배 강했던 시베리아 퉁구스카 대폭발이 발생한지 100년이 지났지만 아직까지 그 원인이 밝혀지지 않고 있다.,"It produced a blast hundreds of times stronger than the Hiroshima bomb, was seen hundreds of miles away and narrowly missed obliterating an entire city but 100 years to the week after the mysterious explosion in Siberia, no one is any closer to understanding what caused it.",in a flashed area where the rainfall has been increasingly testing that bird flu has hundreds of people on a ground that will fall out of their homes and they,-0.08646782487630844,-0.07692873477935791,-0.09948992729187012,1.7436611714887085
"퉁구스카 대폭발에 대한 과학자들의 분석도 각기 달랐다. 과학자들과 UFO 마니아, 신비주의자들은 퉁구스카 대폭발은 각각 소행성과 지구의 충돌, 지구로 온 UFO의 불시착, 신의 분노 때문이라고 주장했다.","Despite countless investigations, the so-called Tunguska Event remains one of the 20th century's greatest enigmas seized upon by mystics, UFO enthusiasts and scientists as evidence of angry gods, extraterrestrial life or the impending threat of a cosmic collision.","engineers at a jointly overturned on cnn singing of the largest u. s., largely rare scientists and scientists in their mercury",-0.2155647724866867,-0.194621741771698,-0.24024109542369843,2.417649769457727
그러나 퉁구스카 대폭발을 35년 동안 연구했으며 미국 드라마 ‘X-파일’에 여러번 출연한 스타니슬라브 크리피아코브는 폭발을 설명할만한 어떤 이론도 밝혀지지 않았다고 말했다.,"But says Stanislav Krivyakov, who has spent the past 35 years investigating the Siberian blast, despite intense interest in the event which has featured in several episodes of ""The X-Files"" no conclusive evidence has been found to support any theory.","but in a previous year, the u. s. fought in life for nearly years in the united states, as far as several of the dead and the united",-0.08116333186626434,-0.07118243724107742,-0.09460534900426865,2.3666596699942906
그는 CNN과의 인터뷰에서 “많은 사람들이 빈약한 정보를 토대로 이론을 수립하고 있다”고 지적했다.,"""There are many people who build their hypotheses based on scanty information,"" he told CNN.",he said he believes the information to see what people are working.,0.18078042566776276,0.22324641048908234,0.13638974726200104,2.9115521924905376
"그리피아코브는 “그러나 이 특이한 현상은 유추법이나 어떤 기준에 의해서 설명하기는 힘들다”며 “연구를 진행할수록 의문이 생기고, 모호하고, 복잡하다.","""But there are many aspects to the phenomenon that don't fit any standards or analogies. In everything about it we find something complicated, problematic, vague.","but it is difficult for us to have a health of human rights records, said stiser, who research institutes off the research group, for example,",0.003578943433240056,-0.06768527626991272,0.07361464202404022,1.858867996817672
기이한 현상이다”고 덧붙였다.,It's truly out of the ordinary.,we are absolutely over the amazed idea.,0.35252803564071655,0.2791918218135834,0.42578262090682983,6.567274736060396
퉁구스카 대폭발의 원인을 찾기 위한 연구는 1920년대 후반부에 시작됐으며 당시 발견된 것이라곤 잘려나간 오래된 나무와 분화구가 전부였다.,"The first expedition to try to find the ""Tunguska meteorite"" did not take place until the late 1920s when a crater was drained resulting in the discovery of nothing more cosmic than an old tree stump.",hundreds of the teens bear was founded by a local court told the associated press in about a. m. in when the fought for a pregnant spent,-0.17834432423114777,-0.22343070805072784,-0.13629990816116333,1.5786491882631577
제2차 세계대전이 끝난 후 다시한번 연구활동이 재개됐으나 별다른 소득이 없었다.,"After World War II, searches resumed, but again proved fruitless.","the tests were able to complete the aftermath of their own two babies, but there was no sign of the world was disresed, but there was no sign",-0.09523224085569382,-0.3045934736728668,0.13002625107765198,2.747878682374729
그러나 통구스카 대폭발로 나무 8000만 그루가 파괴됐고 오늘날까지도 흔적이 남아있지만 폭발의 배경은 여전히 미스터리다.,"And even though the effects of the blast wave that destroyed 80 million trees are still visible today, ""meteoreticians,"" as some theorists are know, have found no point of impact to support their claim.","it was the first time in a pre sea, but the explosion could not even still over the weekend.",0.04308152198791504,0.08912882953882217,-0.005182415712624788,1.150113939862189
미 NBC는 시청자들이 오는 8월 8일 개막하는 베이징 올림픽 기간 동안 어떤 미디어를 이용하는지 파악하기 위해 ‘10억 달러 연구소’를 운영할 계획이다.,"NBC is using the Olympics as a ""billion-dollar research lab"" to get a sense of how people are using different media platforms to experience the Beijing Games that begin August 8.",the us said they would not expect an estimated billion spending billion dollars in new orleans.,0.029437461867928505,0.007028639316558838,0.04886136204004288,1.000508940501085
NBC는 광고주들에게 얼마나 많은 소비자들이 베이징 올림픽에 관심을 기울이는지 알려주는 것 외 에도 인터넷 스트리밍 서비스와 모바일 TV라는 새로운 사업모델을 선보인다고 NBC의 연구소장인 앨런 워젤이 밝혔다.,"Besides giving advertisers a clearer picture of how much consumers are paying attention to the games, NBC hopes its research provides a comprehensive picture of how people are supplementing TV viewership with tools such as video streaming, video on demand and mobile phones, said Alan Wurtzel, the company's research chief.",they are likely to have much cheering opportunities for their factories likely to be allowed to see how much like their could allow a much likely to,-0.3916400074958801,-0.5882489085197449,-0.18139268457889557,1.237281305269896
"그는 ""10억 달러 연구소’는 NBC에게 새로운 방송 환경을 제공할 것""이라고 주장했다.","""The billion-dollar lab is an extraordinary research opportunity,"" he said.","he said, but then, the mbc said it would only a new year.",0.22149965167045593,0.16641946136951447,0.2751883566379547,5.816635421147515
"이런 가운데 NBC는 방송과 다른 사업모델인 텔레문도,(Telemundo), USA, CNBC, 브라보(Bravo)를 통해 3600시간 동안 베이징 올림픽 경기를 방영할 예정이다.","NBC has scheduled 3,600 hours of Olympics programming on its main network, along with Telemundo, USA, Oxygen, MSNBC, CNBC and Bravo. That's the equivalent of eight days of programming packed into each day.","also, a new design, designed to tun, a, different form of the three hours, a day after taking a much time,",-0.13680152595043182,-0.08457325398921967,-0.19153183698654175,1.48521317358856
NBC는 또 NBCOlympics.com에서 시청 가능한 2200시간 분량의 인터넷 스트리밍 서비스를 제공한다.,"In addition, the company is planning to make 2,200 hours of streaming video available on NBCOlympics.com.","they also offer hours to take hours on a range of hours from entering the internet, with about hours from being a hour window.",0.06521771103143692,0.01111974660307169,0.11739793419837952,2.3497215931088395
시청자들은 컴퓨터로 신청하면 인터넷 스트리밍 서비스를 이용할 수 있으며 휴대폰으로도 올림픽의 다양한 콘텐트를 즐길 수 있다.,Consumers may also get video on demand via their computer and Olympics content through their mobile phones.,"an internet search is set to find a computer screen, which allows us to find an available computer that would allow us to buy a computers and they should have a computer",0.027616558596491814,-0.0015232432633638382,0.0538983978331089,1.3355980882200826
한편 NBC는 닐슨미디어리서치의 도움을 얻어 얼마나 많은 사람들이 집에서 베이징 올림픽을 시청하는지 확인할 예정이지만 모든 매체의 시청률을 조사할 방법은 아직까지 존재하지 않는다고 워젤이 밝혔다.,"NBC relies on Nielsen Media Research for a count of how many people are watching the Olympics on their TVs at home, but there is no existing research tool that pulls together all the different types of exposure, Wurtzel said.","meanwhile, a very frightening of games told the associated press that he plays a game out of every summer games in a summer game in summer olympics",-0.01980108581483364,-0.034765392541885376,-0.008084723725914955,1.2231402925894472
바르셀로나는 주요 관광지를 도보로 돌아보는 것도 괜찮을 만큼 치안이 괜찮은 편이다. 그러나 익명의 경찰관은 너무 친절하게 다가서는 낯선 사람은 경계할 필요가 있다고 말했다.,"BARCELONA You're pretty safe walking anywhere in the main tourist areas, but be wary of strangers who are a little too friendly, says a police spokeswoman who was not authorized to give her name.","up to, the charges, yourself in, will offer a three points to defendms in a major tourism.",-0.07843762636184692,-0.041916780173778534,-0.1178705096244812,1.425665434893628
만약에 어떤 사람이 바르셀로나의 어떤 면이 마음에 드냐고 묻거나 당신을 포옹하려 할 경우 주의를 기울여라.,"If someone asks how you like Barcelona or tries to hug you, hold on to your valuables tightly:","if your feet, i am, and i m talking to your or face, and i am up to, this person or are still talking.",-0.07119251042604446,-0.1261352300643921,-0.018552135676145554,3.235912122544166
소매치기범들은 이처럼 사람들이 경계를 풀도록 유도한 뒤 범행에 나선다는 것을 유념해야 한다.,Pickpockets use techniques like these to throw people off guard.,"they have given to their extremely affected by the people, whose people were affected, it said.",0.07372079789638519,0.07194122672080994,0.07248519361019135,2.664321121388895
바르셀로나 경찰은 특수기동대를 운영하며 라람블라처럼 관광객이 많이 찾는 곳에 이들을 배치하고 있다.,"The police department has a special unit that roams crowded areas like La Rambla disguised as tourists, right down to the maps and cameras, to watch for thieves in action.",police said they look at many of the possible mans in a tourist or many such as possible.,0.01629595272243023,-0.025635836645960808,0.05569036304950714,1.516483209717166
해변가에서 보석을 판매하는 상인들은 어떻게 해서든 당신이 그 물건을 사도록 유도할 것이다.,N The vendors selling jewelry on the beach will say just about anything to get you to buy their merchandise.,"they are sure that how to do what it takes to buy it, how many things get away.",0.1809951514005661,0.11876309663057327,0.2420419156551361,4.580142861049254
경찰은 관광객들이 이들의 상술에 넘어가서는 안 된다며 항상 의심을 해야 한다고 말했다.,Police say you should be skeptical of their claims.,"tourists say, tourists say, had been taken to the streets to harm safety.",0.196444571018219,0.08652807027101517,0.30853748321533203,2.908317710573758
베로니카 파라르도 칸쿤 경찰 대변인에 의하면 일부 보석 판매자들은 그들이 진열한 물건이 은으로 제작됐다며 20달러 안팎의 가격을 요구한다고 설명했다.,"Jewelry sellers often tell tourists that their wares are made of real silver and then quote prices starting at around $20, says Ver&oacute; nica Fajardo, a spokeswoman for the Canc&uacute; n police.","police said they were still being demanded, they were reported to have been covered as they s owner, and about, were called.",-0.1503346860408783,-0.005194450728595257,-0.29069069027900696,1.1674176533144305
그러나 이들 보석은 싸구려 재료로 만든 것으로 몇 주안에 노란색으로 변하거나 그 빛깔을 잃어버린다.,But she points out that the jewelry is almost always made from cheap metal that will turn yellow or lose its sheen within weeks.,but their testimony will be a few weeks ago but it has a special stake in the weekly state.,0.03890961781144142,0.06802841275930405,0.007039822172373533,2.108725880006405
파라르도는 “미국이나 캐나다에서 온 관광객들은 항상 싼 물건을 원한다”며 “이들 관광객들은 해변에서 싼 가격에 물품을 구매할지 몰라도 그 질은 형편이 없을 것”이라고 강조했다.,"""Tourists from the U.S. and Canada are always looking for a bargain,"" Fajardo says. ""They might get a cheaper price [on the beach], but the jewelry is definitely not of the highest quality.","the tourists get a big deal for the u. s. canadians in, and the tourists currently tour in the united states. i m once a fine of",0.037477899342775345,0.0058326139114797115,0.066355861723423,2.483800875880185
만약 당신이 공항에서 탄 택시가 시내까지 가는데 20분 이상이 소요된다면 택시 운전자가 일부러 길을 돌아서 가는 것이라고 판단해야 한다고 라스베이거스 경찰관인 호세 몬토야가 밝혔다.,"LAS VEGAS If your cab ride from the airport to the Strip takes more than 20 minutes, you've probably been the victim of a ""long haul,"" in which the driver chooses a circuitous route to jack up the fare, says police officer Jos&eacute;","at least, i think you could see some your homework if it is home to take at home.",-0.1335354894399643,-0.039163198322057724,-0.22787807881832123,0.5348138153466814
네바다주 당국은 이 같은 편법 운행이 증가하고 있다며 관광객들의 주의를 당부했다.,Montoya. The state taxi authority says reports of long hauling are on the rise.,"officials in the nevada is, tourists flew in, is a bigger tourist in, making it a new arrangement with a tourist or a tourist apart.",0.09229534864425659,0.010394561104476452,0.1738930195569992,1.5301683686839005
"경찰은 택시에서 피해를 당했을 경우 taxi.state,nv.us에 신고하라고 밝혔다.",Police urge anyone who believes he's been taken for a ride to file a complaint at taxi.state.nv.us.,"police said it would donate home markets, but it would be a major league record.",0.08707596361637115,0.07215382903814316,0.09909835457801819,1.801724217736594
"런던에서는 시 당국으로부터 정식으로 허가를 받은 검정색 택시를 골라야 하며 야간 에 바, 레스토랑, 극장 밖에서 대기하고 있는 ‘소형택시’는 피하는 것이 좋다고 앨런 크로포드 런던 경찰청 대변인이 밝혔다.","LONDON Always take the city's old-fashioned black cabs, which are licensed by the city, rather than the so-called ""minicabs"" that sometimes wait outside theaters, restaurants and bars at night, says Scotland Yard spokesman Alan Crockford.","in london, restaurants, barack obama and restaurants, restaurants, bars, restaurants, restaurants, bars, restaurants,",-0.04607951268553734,0.02983413077890873,-0.12300056964159012,1.9036296250544245
런던 경찰청 통계자료에 의하면 지난 2006년의 경우 런던에서 10명의 여성이 소형택시를 탔다가 성폭행을 당했다.,"In 2006, an average of 10 women a month were assaulted by the drivers of minicabs, according to the most recent data available from the London Metropolitan Police.","the year old girl, who abandoned the two girls, were in london s sexual attack on a case of singing about a year old girl, who was in",-0.18862663209438324,-0.2545163929462433,-0.124840646982193,1.9508315563589549
이들 ‘소형택시’는 예약을 한 승객들만 받을 수 있으며 거리에서 사람들을 태우는 것은 엄연히 불법이다.,"Minicabs belonging to a car service are licensed, but even those cars are only legally permitted to pick up passengers who have called to make a reservation they can't stop for people on the street.","they are told about the people of their homes, and those who are loyal to people in th street online.",0.09108400344848633,0.18545964360237122,-0.00271837180480361,1.5906949808035915
"경찰 지휘관인 알랭 시모노는 몬트리올에서 문이 잠기지 않은 차량의 GPS, 노트북, 아이팟, 스테레오 등을 훔치는 범죄자 자주 일어나고 있다고 경고했다.","MONTREAL Police commander Alain Simoneau says the theft of stereos, laptops, iPods and GPS devices from unlocked cars is a huge problem.","officers raided the, square footage of the always including policemen, and they are, to include their bodies, and they don t get",-0.17320369184017181,-0.18477973341941833,-0.16540788114070892,2.16015243499944
시모노는 몬트리올에서 차량범죄가 자주 일어나고 있다며 관광객들이 자동차를 주차한 뒤 차 안은 물론 트렁크의 물건까지 다 챙겨야 한다고 강조했다.,"Cars in Old Montreal are often targeted, and Simoneau says you should put your belongings in the trunk when you park there.","the move passed a big bang, car bombs and tourists into tourists, are forcing to auto cars, said dogo, who passed in a",-0.0012325352290645242,-0.07588694244623184,0.07238402962684631,2.075273865705644
현지경찰은 외국인이 자주 이용하는 레스토랑과 자동차 유리창에 이런 안내사항이 담긴 팜플렛을 배치하기 시작했다.,Police officers have begun placing pamphlets on car windshields and in restaurants in the area as a reminder for tourists to lock up. Not doing so could even cost you money.,"they said at least two of the dead were a fleet, making it a new co plan.",0.11188418418169022,0.11553195118904114,0.10535609722137451,1.275205294843612
퀘벡주에서는 자동차를 주차한 뒤 문을 잠그지 않고 그냥 가다가 적발될 경우 30달러의 벌금을 납부해야 한다.,Leaving your doors unlocked is against the law in the province of Quebec and punishable by a fine of at least $30.,"two weeks, two days after his green car fell in his weekly poor, with his fine and going to pay out fine at.",0.07866435497999191,0.02882983721792698,0.12644656002521515,2.16015243499944
미국 애플사의 신형 아이폰이 11일 아시아 지역에서 판매를 시작한 가운데 일본에서는 며칠을 길바닥에서 보낸 수백명의 시민들은 아이폰 판매를 알리는 30초 카운트다운이 시작되자 열광적인 반응을 보였다.,"The new iPhone model went on sale in the Asia-Pacific region Friday, making its debut in Japan amid swirling smoke after a 30-second countdown chanted by hundreds of people lined up, some for days, snaking around the block.","in the latest apple ofcom, the animals in the sale of asia to set up a dogs off the coast of asia and then there haven t been about their",-0.16040898859500885,-0.12617236375808716,-0.19787977635860443,2.29696772946306
건물 입구에 디지털시계가 걸려있는 소프트뱅크 주식회사 도쿄본점에서 출시되는 애플사의 3G 와이어리스 아이폰은 전세계 22개국에서 동시 에 판매를 시작했으며 이미 지난해 미국 등 일부 국가에서 판매됐다.,"The celebration at Japanese carrier Softbank Corp.'s store, which included a digital clock display ticking away over the entrance, was part of a global rollout in 22 nations of the 3G, or third-generation, wireless connecting Apple Inc.'s much-hyped cell phone, an upgrade of the model that went on sale last year in the United States and several other nations.","apple company apple corps into apple inc., apple said, apple s trading corp. s. stock prices have tumbled, apple said",-0.15468035638332367,-0.0511896051466465,-0.25746819376945496,0.432537187484809
"아시아와 오세아니아 지역에서는 일본 외 에 호주, 뉴질랜드, 홍콩에서 아이폰이 출시됐다.","Australia, New Zealand and Hong Kong were the other Asia-Pacific locations getting the new phone.","the two nations, australia and new mexico, were among the dead, while australia said it had been lost.",0.09708952158689499,0.0382377915084362,0.15433630347251892,2.809461748612628
일본 도쿄에 거주하는 영화 제작자인 나카무라 타이치로(28)는 환한 미소를 보이며 아이폰을 구입한 뒤 처음 한 일은 여자친구에게 전화한 것이라고 말했다.,"In Tokyo, Taichiro Nakamura, a 28-year-old filmmaker, who was all smiles as he showed off his brand new iPhone, said the first thing he did was call his girlfriend.","the first time a year old japanese offered wednesday told the time friday that she was very happy to hear the same time in a letter to the same time, but first",-0.025333721190690994,-0.08722778409719467,0.03473219648003578,2.5790037350780928
그는 “너무 행복하다”며 이미 아이팟 터치를 갖고 있지만 아이폰에 대한 욕심이 생겼다고 주장했다.,"""I'm so happy,"" he said, adding that he had the iPod Touch portable music player and decided he wanted the iPhone, too.","he said she had to be too much for her to call, but it s too.",0.07445007562637329,0.057107824832201004,0.08887925744056702,3.85713585329895
아이폰을 구매하기 위해 소프트뱅크 도쿄본점 앞에 모인 사람은 11일 1000명에 육박했다.,"By Friday, the line that had been growing for days had reached about 1,000 people.","on friday, two days of work in the bags, a day after.",0.11757221072912216,0.13567088544368744,0.09675245732069016,3.2525808457905008
소프트뱅크 도쿄본점에서 얼마만큼의 아이폰을 보관하고 있는지는 공개되지 않았다.,"Exactly how many iPhones will be available is uncertain, fueling the hype about the Apple gadget that boasts a cool-factor reputation.","no recall has not released, but did not say its own web site by its own web.",-0.0013116435147821903,-0.04165288433432579,0.0363837331533432,1.950443326499412
손 마사요시 소프트뱅크 사장은 카운트다운 행사에서 군중을 향해 “휴대폰은 이제 인터넷에 마음껏 접속할 수 있는 기계로 변모했다”며 “오늘은 이것이 현실이 되는 역사적인 날”이라고 강조했다.,"""This is the year that the cell phone becomes an Internet-connecting machine,"" Softbank President Masayoshi Son told the crowd at the countdown ceremony. ""Today is that day that will make it real, and it's a historic day.","the army said it had been ordered to stop the internet, internet army and officers said, they can buy a internet online.",0.010490676388144493,0.04613063856959343,-0.027813347056508064,1.1846450803149975
제프 블레터 국제축구협회(FIFA) 회장이 맨체스터 유나이티드에서 활약하고 있는 크리스티아누 호날두에 대해 선수가 원한다면 언제든 맨유를 떠나 레알 마드리드로 이적해야 한다는 입장을 전했다.,"LONDON, England (CNN) Cristiano Ronaldo should be allowed to leave European champions Manchester United for Real Madrid if he wants, says FIFA president Sepp Blatter.","international observers say, i didn t want to see whether anyone is going to be hard to see whether anyone was riding, but at anytime accidents at",-0.23143021762371063,-0.2394106090068817,-0.22744335234165192,1.758008810234855
블레터 회장은 10일(현지시간) 영국 스카이스포츠와의 인터뷰에서 올해 23세인 호날두의 장래를 묻는 기자들의 질문에 이같이 밝혔다.,"Questioned about the protracted wrangle over the 23-year-old's future, Blatter told Sky News that the practice of binding players to lengthy contracts amounts to ""modern slavery"".","i think they have a very excited, he said.",0.03107578121125698,0.08338501304388046,-0.02323686145246029,0.6605771740355617
호날두 또한 블레터 회장의 인터뷰에 동의했다.,Ronaldo himself later agreed with Blatter's assessment of his transfer standoff with Manchester United.,told cnn.,0.056272123008966446,0.10056412220001221,0.009739446453750134,0.5039742260635457
현재 호날두는 레알 이적문제로 구단과 갈등을 빚고 있는 상태다. 맨유는 팀의 주전 공격수인 호날두를 레알로 보내지 않겠다고 선언했었다.,"United have vowed not to sell their star winger to Real Madrid, but Ronaldo has spoken of his desire to join the Spanish champions although he is yet to submit a transfer request.",the united nations is another gold after an attack on an oilmarreante united nations said as the united nationsss defended the united nations after another s,-0.18924996256828308,-0.25099271535873413,-0.12983736395835876,1.215252971167374
그는 이어 “7일 수술한 오른쪽 발목을 회복하는 데는 10주에서 12주가 걸릴 것으로 보인다”고 덧붙였다.,Ronaldo also added that he will be sidelined for 10 or 12 weeks while he recovers from Monday's surgery on his right ankle.,"we are very good to to everyone, adding that she is very well, said, who added, adding to a probably stake, add",-0.009164906106889248,-0.021307364106178284,-0.0002624634653329849,1.6504045595709422
버뮤다를 향하던 허리케인 ‘베르타(Bertha)’가 10일(현지시간) 1급으로 격하됐다.,"MIAMI, Florida (CNN) &#8212; Hurricane Bertha, weakened once again to a Category 1 storm, was causing large swells and high surf on Bermuda beaches Thursday, although it was too early to say how the hurricane might affect the island, the National Hurricane Center said.",two days of those who do not know what was going to happen.,-0.1391737163066864,0.01707475818693638,-0.289331316947937,0.1998534174947539
‘미국 국립 허리케인센터(NHC)는’ “베르타가 해안에 접근하며 높은 파도가 일고 있다”며 “아직 베르타의 위력을 예측하긴 이르다”라고 전했다.,"The storm¡¯s maximum sustained winds had decreased slightly throughout the day to about 85 mph (140 km/h) with higher gusts, forecasters said.","it s still,, and still on friday, the weather forecasts they re hardled to work.",-0.22167269885540009,-0.12424054741859436,-0.31904521584510803,1.782800770119698
공화당 대선주자인 존 매케인 상원의원은 백인 노동자층을 공략하기 위해 다시한번 경쟁자인 버락 오바마 상원의원에 대한 쓴소리를 했다.,"In an effort to garner a large chunk of the white, working-class vote, Sen. John McCain once again brought up Sen. Barack Obama's ""bitter"" comment.","sen. john mccain, arizona of the republican presidential nominee sen. sen. john mccain, a former chairman of the republican presidential nomination,",0.03404022380709648,-0.024498887360095978,0.09076744318008423,3.261767531394615
오바마는 지난 4월 초 미국 캘리포니아 샌프란시스코에서 열린 선거기금 모금 행사에서 “일자리가 계속 없어지고 선거의 공약이 제대로 이행되지 않기 때문에 펜실베이니아의 작은 도시 주민들은 증오로 가득 차 총과 종교에 매달리고 있으며 이민자와 무역에 대해 반감을 갖고 있다”고 말했다.,"Speaking to a closed fundraiser in San Francisco, California, in early April, Obama said decades of lost jobs and unfulfilled promises from Washington have left some Pennsylvanians ""bitter"" and clinging ""to guns or religion or antipathy to people who aren't like them, or anti-immigrant sentiment or anti-trade sentiment as a way to explain their frustrations.""","obama has been campaigning in a california likely to be made of the race for a few days, he said.",-0.03207593411207199,0.06382127106189728,-0.1275862604379654,0.4305399568351454
매케인은 9일 펜실베이니아에서 기자회견을 열고 “선거캠페인은 펜실베이니아의 작은 도시에서 전개될 것”이라며 “우리는 경제 때문에 그들이 총과 종교에 의존하고 있다는 오바마 상원의원의 발언이 사실이 아니라는 것을 보여줄 것”이라고 밝혔다.,"McCain, campaigning in Pennsylvania on Wednesday, told reporters that his campaign is ""going to go into the small towns in the state of Pennsylvania. And we're going to tell them that we don't agree when Sen. Obama said that they cling to guns and religion because they're bitter about the economy.","whatever they called the situation in a pennsylvania campaign that will have to deliver the situation in the town of s pennsylvania, sen. she spoke only a matter of time,",0.03904170170426369,0.006845397409051657,0.06848882138729095,1.7331098571802428
오바마의 이 발언은 민주당 펜실베이니아 프라이머리를 2주도 안 남긴 시점에서 나왔으며 적지 않은 논란을 일으켰다.,"The ""bitter"" controversy erupted less than two weeks before Pennsylvania's presidential primary.","obama s remarks in pennsylvania, barack obama and his those of pennsylvania will have a half staff.",0.03941110894083977,-0.007521057967096567,0.08405587077140808,2.0244462660665508
힐러리 클린턴 상원의원은 당시 오바마를 ‘엘리트주의자’로 비판했다.,"At the time, Sen. Hillary Clinton blasted Obama as ""elitist""","sen. hillary clinton, told cnn.",0.01458064466714859,-0.04393951967358589,0.07122805714607239,3.1021609279760063
클린턴과 오바마는 이때 경쟁자의 위치에 있었다.,"Clinton,Obama's primary opponent at the time, called him on April 13 an ""elitist, out of touch and frankly, patronizing.""",clinton and obama have been campaigning to the obama s lead in arizona.,-0.027463287115097046,0.00787657592445612,-0.06559322774410248,1.4767281134317447
클린턴은 “감정이 없는 오만한 엘리트주의자”라고 오바마를 비난했다.,"A day later she said ""People don't need a president who looks down on them.","clinton is the first african american, condemning the city s role as well as they completely.",0.030792545527219772,-0.07063695788383484,0.13324300944805145,2.147691208915905
오바마는 자신을 엘리트주의자나 감정이 없는 사람으로 깎아내리기 이전에 현실을 먼저 파악해야 한다고 밝혔다.,"Obama countered Clinton's attacks saying she ""knows better"" than to attack him as elitist and out of touch.","he has the same journey before their two individuals, he said.",0.06237334758043289,0.10187122970819473,0.02049054577946663,1.669427421904088
"오바마는 ""이 사람은 금융 관계자로부터 선거기금을 받고 펜실베이니아의 중소도시 주민들이 공평한 기회를 얻기 힘든 파산법에 찬성한 바로 그 사람""이라며 ""누가 정말 감정이 없는 사람이냐""고 반박했다.","""This is the same person who took money from financial folks on Wall Street and then voted for a bankruptcy bill that makes it harder for folks right here in Pennsylvania to get a fair shake,"" Obama said on April 14. ""Who do you think is out of touch?""",people who have their fallen to face a state of emergency that is being said to have been taken to the streets in the election.,-0.05947459489107132,-0.04052866995334625,-0.08169335126876831,0.8102758224464199
한편 CNN/오피니언리서치가 6월 26~29일까지 3일간 실시한 여론조사에 의하면 매케인은 대졸 이하의 백인계층에서 53%의 지지율로 40%를 얻은 오바마를 13% 앞서있다.,"McCain is winning white, non-college voters by 13 points 53 percent to Obama's 40 percent according to a CNN/Opinion Research Corp. Poll taken June 26-29. The poll had a sampling error of plus or minus 6 percentage points.","the poll of polls showed by percentage points, leading to a poll released by the poll over the next round of voting to nearly a percent in polls",-0.05603409186005592,0.05225120484828949,-0.16299760341644287,2.607795116382416
매케인은 9일 기자들에게 “우리는 이 지역의 유권자들에게 그들은 미국의 중심을 이루고 있으며 우리가 그들을 사랑하고 있음을 보여줄 것”이라고 주장했다.,"McCain also told reporters Wednesday that his campaign is going to tell these voters that ""we love them and we appreciate them and that they're the heartland of America.","we have not yet give up our troops, we have our understand we are going to get their mind, we think we continue to go to our people, we",0.07372220605611801,0.03783664107322693,0.10706847161054611,2.7588924449082466
터키 경찰이 9일(현지시간) 터키 이스탄불 미국 영사관 외곽에서 발생한 무장괴한 습격사건과 관련해 4명을 체포했다고 10일 터키 내무장관이 밝혔다.,"Turkish police have detained four people in connection with Wednesday's ""terrorist"" attack outside the U.S. consulate in Istanbul, the interior minister said Thursday.","a police official said sunday it was an army of militant armed forces on sunday, an interior ministry official said tuesday in an incident at an army time on",0.031673330813646317,-0.088718481361866,0.15487396717071533,1.8564670505078416
터키 당국에 의하면 차량에 탑승하고 있던 괴한들은 미 영사관 입구에 위치한 경찰 초소를 향해 총격을 가했다.,"Gunmen opened fire from a car at a police checkpoint at the outer entrance of the consulate, authorities said.","about, people were stopped across the kiteia district, where a police official said.",0.17036814987659454,0.16148005425930023,0.17657779157161713,5.600607423889073
이 총격전으로 터키 경찰 3명과 괴한 3명이 숨졌다.,Three Turkish police officers and three assailants were killed in the shootout.,a policeman and killed two others were killed.,0.20781569182872772,0.12789122760295868,0.2876359224319458,7.270717733704594
베시르 아탈라이 터키 내무장관은 괴한들이 타고 있던 흰색 차량 운전자를 찾고 있다고 말했다.,"Police are still looking for the driver of the white car in which the attackers were travelling, Interior Minister Besir Atalay said.","once inside the vehicle, the interior minister said, minister of white house officials said yesterday it was a car.",0.19368955492973328,0.2219686657190323,0.16312706470489502,2.6524047297530844
아탈라이는 경찰에 수감된 4명은 괴한들을 지원한 혐의를 받고 있다고 설명했다.,"The four detained are suspected of providing assistance to the attackers, he said.","earlier, the two men were charged under their custody for allegedly.",0.27245667576789856,0.16038556396961212,0.3870830535888672,3.485711695706544
아탈라이는 또 총격전 과정에서 숨진 괴한 3명은 모두 터키인으로 밝혀졌다며 4번째 용의자의 정확한 신원은 확인되지 않았다고 주장했다.,"The three assailants killed in the attack were all Turkish, and Atalay said the identity of the fourth suspect who is being sought has not been established.","one of the three men were shot in the second fourth, and they were not able to confirm, one of the men, who was not shot in the third four",0.16569547355175018,0.10736601054668427,0.22260616719722748,4.626647494578085
이와 관련 숀 매코맥 미 국무부 대변인은 이번 테러는 미 영사관 입국에서 25m 떨어진 곳에서 발생했다고 발표했다.,"The attack happened at a police booth about 25 meters (75 feet) from the consulate's entrance, U.S. State Department spokesman Sean McCormack said.","u. s. state department spokesman sean mccormack said the incident occurred about the incident at the center of the highest bombing, according to state department spokesman",0.11890610307455063,0.1520572453737259,0.08335726708173752,2.090636585368758
매코맥 대변인은 “터키 경찰은 제일 앞쪽에서 경계를 서고 있다”며 “그들은 대단한 용기를 보여주며 적의 공격에 대응했다”고 말했다.,"""The Turkish National Police really were the first line of defense here,"" McCormack said. ""They acted with extraordinary courage in repelling this attack.","in many times, they believed to have been killed, but many people have been killed and received.",0.07482831180095673,0.06965494900941849,0.07699517905712128,1.6066694932016616
매코맥은 “미국은 과거 에 그랬던 것처럼 테러의 위협에 함께 맞서 나갈 것”이라고 덧붙였다,"""Our countries will continue to stand firmly together to confront the threat of terrorism as we have done in the past,"" McCormack said.",i think they believe they believe the threat to terrorists in the past two days later.,0.1188870295882225,0.13710780441761017,0.09795193374156952,6.465958796223311
"프랑스 에너지기업 토탈(Total)의 크리스토프 드마저리 최고경영자(CEO)는 이란의 천연가스 개발과 관련, 지금 이 시점에서 이란에 투자하는 것은 너무 위험하다고 밝혔다.","French energy giant Total considers it too risky to invest in Iran, its CEO said in an interview published Thursday that puts into question major western involvement in developing Iranian gas reserves.","while the energy top seeds from iran s rours with a new energy program, said no. m. et, a lead adviser, char",-0.07490141689777374,-0.12178906798362732,-0.03066224232316017,1.514443404000532
영국의 일간 파이낸셜타임스(FT)는 드마저리를 인용 “이란에 투자하기에는 정치적인 부담이 너무 크다”며 “사람들은 토탈이 돈을 위해 무엇이든 할 수 있다”고 생각할 것이라고 전했다.,"""Today we would be taking too much political risk to invest in Iran because people will say, 'Total will do anything for money,""' Christophe de Margerie was quoted by the Financial Times as saying.","our, now, people feared about, people, said clarence cooper, the uk s financial market, new sources said.",-0.0903649628162384,-0.12292671948671341,-0.06095944344997406,1.2078766607241669
토탈은 말레이시아의 국영 석유회사 페트로나스와 함께 이란 남부 파스가스전의 액화천연가스 프로젝트를 추진 중이었다.,Total had been expected to help develop a huge liquefied natural gas project linked to Iran's South Pars gas field with Malaysia's Petronas.,the top u. s. government has said it is always seen as the top of the oldest fight in the top of the region.,-0.03941746801137924,0.009473752230405807,-0.090662382543087,1.387819277861591
이란은 9일(현지시간) 미국이나 이스라엘의 공격에 맞설 수 있다는 사실을 증명하기 위해 중거리 미사일을 시험 발사했다.,"On Wednesday, Iran test-fired long- and medium-range missiles during war games to show it could retaliate against any U.S. or Israeli attack.","iran, iran cnn iran detained the missile launched off on a range of air attack on a short range missile on the campaign of a palestinian missile defense on the ground.",-0.007100321352481842,-0.09078119695186615,0.0761207789182663,1.4780822562194806
한편 드마저리는 이란에서 완전한 철수를 계획하는 것은 아니라고 밝혔다.,De Margerie did not say in the report that Total would totally pull out of Iran.,"ire, they said, will be released from a south korean nuclear bomb, saying it is about a half hour.",0.05170997604727745,-0.009897897019982338,0.11170898377895355,1.6466642419110007
그는 미국 정부가 이란에 투자하려는 유럽의 에너지기업을 압박하고 있다고 지적했다.,He expressed frustration at U.S. pressure on European energy investors in the countries.,he said washington s intimidating concerns the secretive of the energy concerns that iran s nuclear ambitions is based on the fears of the energy company,0.15943850576877594,0.06079530715942383,0.2591996490955353,1.9011755113058344
할리우드 배우 에단 호크가 자녀들을 돌보던 보모이자 여자친구인 라이언 쇼후스와 결혼했다고 10일(현지시간) 에단 호크의 홍보담담자가 밝혔다.,"NEW YORK (CNN) Ethan Hawke has married girlfriend Ryan Shawhughes, the actor's publicist said Thursday.","london, england cnn a british actor who s wife and her daughter were among the dead, she said, while the former boy said tuesday that they",-0.11742847412824631,-0.10198938101530075,-0.13637983798980713,1.6934096677198087
홍보담당자인 마라 벅스봄은 이메일을 통해 에단 호크가 임신한 쇼후스와 지난달 뉴욕에서 결혼한 사실을 확인했다.,"The couple, who are expecting a baby, were married last month in New York City, Mara Buxbaum said in an e-mail to The Associated Press.","the smith, on the same time, was taken to a final show since last month when he finally married in a meeting with a new york times last month.",0.0814458578824997,0.1095794141292572,0.050672076642513275,3.3789393726223773
벅스봄은 더 이상의 세부사항은 밝히지 않았다.,"""No further details are available,"" Buxbaum said.","more than, people were not injured, said more than double the lives of the more than, driving not long delayed.",-0.10008291900157928,-0.1632300466299057,-0.038923829793930054,2.0705706652424007
호크(37)는 이미 우마 서먼과의 사이에 2명의 자녀를 뒀다.,"Hawke, 37, has two children from his marriage to Uma Thurman.",the two sides have also been underneath their names.,-0.04899204149842262,0.06781616061925888,-0.16371779143810272,3.3449303459224256
"그는 영화 ‘트레이닝 데이(Training Day), ‘죽은 시인의 사회(Dead Poets Society )’, ‘위대한 유산 (Great Expectations)’, ‘비포 선셋(Before Sunset)’에 출연했다.","His screen credits include ""Training Day,"" ""Dead Poets Society,"" ""Great Expectations"" and ""Before Sunset.""","so we have the best known for the movie, and they are doing, he said.",-0.057414598762989044,0.09086361527442932,-0.2004265934228897,2.0587069884389337
우즈베키스탄에 있는 구소련 시대 때 건설된 군 기지에서 발생한 화재가 탄약고까지 확산되어 강력한 연쇄 폭발이 일어나 최소 3명이 숨지고 21명이 다쳤다고 10일(현지시간) 당국이 밝혔다.,"MOSCOW, Russia (CNN) At least three people were killed and 21 wounded Thursday when a fire at a Soviet-era military base in Uzbekistan spread to an ammunition depot, setting off a series of explosions, officials said.","a two set fire was at home and a witness seen as a witness at the home of a military base in southern nigeria, killing at least two of the remaining south",0.06594381481409073,0.11636432260274887,0.013545520603656769,4.501058372918712
바크흐티야르 카자노브 우즈베키스탄 정부 대변인이 군인들이 카잔에 사는 주민들을 대피시키고 화재 진압에 나섰다고 전했다.,"Soldiers evacuated residents in the town of Kagan as they tried to contain the fire, said Uzbekistan government spokesman Bakhtiyar Khasanov.","the government s spokesman, a government spokesman said that the government dispatched fires to evacuate for the area, according to the spokesman.",0.05733266472816467,0.1893218755722046,-0.07093057781457901,4.260146736441797
"독립언론인 페르가나 통신은 이번 연쇄폭발과 화재로 헬기 병참기지, 병원, 기차역, 말 20여마리 등 피해를 입었다고 보도했다.","The blasts and fire destroyed a helicopter base, a hospital, a railway station and about 20 houses, the independent Ferghana news agency said.","the agency said the company had a severe injuries to take place in their homes and then taken into the area, and then went off, and",-0.025104165077209473,-0.01876673847436905,-0.034751296043395996,3.776949794525175
우주벡 재난 대책부 관계자는 이 같은 보도를 부인했다.,"An official from Uzbekistan's Emergency Situations Ministry later denied that report, The Associated Press said.",the space chiefs issue has denied any reports from the federal reserve.,0.134336456656456,0.18551978468894958,0.08140930533409119,2.988662868962178
우주벡 공영 TV 방송과 뉴스 통신사는 9일 오후 발생한 첫 번째 화재 발생 이후 20여 시간이 지나도 관련 사고에 대해 보도하지 않았다.,"The country's official television and news agencies did not report the blasts for more than 12 hours after the fire first broke out late Wednesday, according to the AP.","the national television station said the wednesday was initially reported, but since not only leaving a two hour daily newspaper was reported to be a hour to a hour w",0.01587356999516487,-0.056597720831632614,0.08722418546676636,1.877081263233555
소형선박을 타고 스페인 남부 해안으로 밀입국을 시도하던 아프리카인 15명이 항해 도중 숨졌다고 10일(현지시간) 스페인 당국이 밝혓다.,"MADRID, Spain (CNN) -Fifteen Africans died while trying to reach Spain's southern coast in a small, overcrowded boat, Spanish officials told CNN on Thursday.","madrid, spain cnn spain s, spanish police cruiseed over the weekend, forcing to shore up to myself from southern seaside, killing spans and",-0.0162133127450943,-0.05916381627321243,0.024130722507834435,1.8570366481907543
구조대는 9일(현지시간) 오후 이 선박을 발견해 해안에 상륙하는 것을 도왔다.,Rescue teams located the craft late Wednesday off the coast of Almeria province and helped it ashore.,"rescue workers taken on the sunday night, said cnn rescue teams searching for the discovery of the frigid sea, which begins on saturday.",0.11374852806329727,0.07370077818632126,0.15150757133960724,2.16015243499944
당시 사하라 사막 남부 아프리카 출신 이민자 33명이 이 배에 타고 있었으며 여성 1명이 숨졌다.,Aboard were 33 migrants from sub-Saharan Africa and a dead woman.,the death toll was also alive in the southern city of kandahar to death.,0.10604323446750641,0.046589452773332596,0.1639477014541626,2.627961710408444
"배에 타고 있던 불법 이민자들은 경찰 진술에서 어린이 9명을 포함, 모두 14명이 배를 타고 오던 중 숨져 시신을 바다에 던져 유기했다고 밝혔다.","They told authorities that 14 others, including nine young children, had died en route and were dropped overboard, officials told CNN.","the illegal immigrants, including policemen demonstrators and the other three were arrested at a. m. in a statement to police and out of every three to four",0.021144866943359375,-0.03577110171318054,0.07613280415534973,3.1221929756173616
생존자들 중에는 남성과 여성뿐 아니라 9개월 된 아기도 있었다.,"The survivors included men, women and a months-old baby.",survivors were women and their daughter.,0.3006407916545868,0.320184588432312,0.27898451685905457,8.820727472213227
아프리카 불법 이민자와 관련된 이 같은 사건이 지난주에 이어 이번 주까지 2차례 발생했다.,It was the second incident in a week involving African migrants.,protests have since the protest of last week s poor.,0.2028265744447708,0.17071998119354248,0.2327088862657547,4.503733751056995
당시 스페인 당국은 모트릴 해안에서 배가 침몰해 14명이 사망하고 23명이 구조됐다고 밝혔다.,"Authorities said a ship overturned off the coast of Motril, killing 14 people 23 others were rescued.","the coast guard, who was, killed at least people and leaving a coastal town of the coast, according to the spanish coast.",0.08086773008108139,0.03309463709592819,0.12651553750038147,3.951744928978941
많은 아프리카인들이 스페인을 거쳐 유럽으로 입국하길 바란다.,Spain is the preferred route to Europe for many Africans.,"many of the demonstrators, in particular.",0.2750372290611267,0.22576722502708435,0.32284775376319885,4.995138898472386
"파코 길 셀빌 지방 관할 정부 대변인은 ""여름에는 바다가 잠잠해 이 같은 도항(渡航)이 자주 있다”고 밝혔다.","The number of attempted crossings usually increases during the summer months when the seas are calmer, Paco Gil, government spokesman in Seville told CNN.","the problem is that the summer sea is that we can do it to this, said the fire that the government has opened, a spokesman for the government said.",0.07097072154283524,0.0595327764749527,0.07942385226488113,3.2808945250121395
미국 텍사스 주 남부 코퍼스크리스티의 한 병원에 입원해 있던 갓 태어난 쌍둥이 중 하나가 병원 측이 혈전용해제인 헤파린을 과다 투여해 사망했다고 10일(현지시간) 사망한 아이 측 변호인이 밝혔다.,"A second baby has died at a Corpus Christi, Texas, hospital where more than a dozen infants in a neo-natal intensive care unit received overdoses of the blood thinner heparin, a lawyer for the baby¡¯s family told CNN Thursday.",a year old man was taken at a hospital for a treaty year old man who was taken at a hospital for a treaty at a hospital in prison for a year old canadian man who,-0.20363107323646545,-0.2211359441280365,-0.18994255363941193,2.3876078617213574
밥 패터슨 변호인은 가르시아 부부의 쌍둥이 동생인 케이 린이 9일 오후 사망했다고 전했다.,"The infant girl, Kay Lynn, died Wednesday afternoon, the second child in a set of twins from the Garcia family, said attorney Bob Patterson.","another lawyer, richardson told a reporter for her boyfriend, a sister who said at a time when her boy died.",0.08769823610782623,0.03719635680317879,0.1362019181251526,1.9854029124312425
변호인은 이들 부부가 주초 쌍둥이 언니인 케이스도 잃었다고 말햇다.,"The first twin, Keith, died earlier in the week, he said.","the lawyers were started to these old girl, they said.",0.16163270175457,0.143280029296875,0.17736871540546417,6.272848091762075
헤파린은 정맥주사를 통해 투여하는 혈전용해제로 혈액이 응고되는 것을 막아주는 역할을 한다.,Heparin is an anticoagulant often used to clean the IVs of patients and prevent blood clots from forming in the lines.,"these allows the charges against the introduction of, and they were allowed to have allowed their citizens to allow their owners.",-0.1530798226594925,-0.13088572025299072,-0.1787843257188797,2.577168813572977
가르시아 부부의 쌍둥이들은 미숙아로 태어났으며 날 때부터 질환을 가지고 있어 헤파린이 그들의 사망에 직접적인 사인이 아닐 수 있을 가능성도 있다.,"The Garcia babies, who were premature, were ill, and heparin may not have caused their deaths.","twinsie wilson and was killed in the same day when both were killed in the long time, said richie said.",0.05203982815146446,-0.014681998640298843,0.11742021888494492,2.442663322105964
"영국 국방부는 10일(현지시간) 영국군이 민간인을 폭행해 사망케 한 사건과 관련, 책임을 인정하고 사망자 유가족들과 피해자 8명에게 손해배상 명목으로 280만파운드(약 56억원)를 지불하기로 했다고 밝혔다.","LONDON, England (CNN) &#8212; Britain¡¯s Ministry of Defense announced Thursday that it has admitted liability and has agreed to pay nearly $5.6 million (2.8 million pounds) to the families of an Iraqi civilian who died in British custody and eight other men who were mistreated.",british defense ministry said thursday that a deadly killed civilian contractors around the house.,0.020109394565224648,0.22728975117206573,-0.17401081323623657,0.2582351833964128
이번 사건을 맡은 변호사들은 영국이 사망자 바하 무사의 유가족과 학대 피해자 8명에게 손해배상금을 나눠 지불할 것이라고 전했다.,"The family of Baha Musa and the eight men mistreated will share the money, according to the law firm handling the case.",attorneys said they were willing to pay out for the credit s web site.,0.17606642842292786,0.12428794801235199,0.22617454826831818,1.8981155967226204
로펌은 성명에서 “국방부는 이번 사건에 대해 사과와 함께 손해배상금을 지불하기로 결정했다”고 밝혔다.,"¡°The settlement was accompanied by an apology from the Ministry of Defence,¡± according to the MOD statement.","they decided to pay under the payments from the, prosecutors said.",0.16147871315479279,0.2534763813018799,0.07006041705608368,4.745534336496552
또한 그의 몸에서는 90여 차례에 걸쳐 구타를 당한 흔적이 발견됐다.,A examination after he died in Basra showed that Musa suffered asphyxiation and had more than 90 injuries in his body.,his death was also discovered that the family took a blood.,0.10004089772701263,0.13687221705913544,0.06085827574133873,1.9369532633258943
캐나다의 브리티시-콜롬비아주 해안가에서 발겨된 잘린 사람의 발 중 2개가 동일한 사람의 것임이 밝혀졌다고 8일(현지시간) 조사당국이 밝혔다.,"(CNN) &#8212; Two of five feet that have washed up on the shores of British Columbia are from the same person, but authorities said Tuesday they are a long way from solving the mystery of where they came from.","cnn canada s public relations confirmed monday that it was learning a three goldencining location in the house, representing an outback sunday in the city.",-0.05570988729596138,-0.060543790459632874,-0.05430800840258598,1.0746229049437936
검시부는 또 지난 5월 22일 발견된 오른 발은 여성의 것이라고 전했다.,The office also determined that a right foot found on May 22 belongs to a female.,"the same age that began there were herself, she said.",0.05763779953122139,-0.0006685856496915221,0.11419283598661423,2.6549256363457783
"그러나 경찰은 아직까지 이것이 누구의 발인지, 어떻게 1년에 걸쳐 이곳 밴쿠버 해안까지 쓸려왔는지는 아직 밝혀내지 못하고 있다.","But authorities still don't know whom they belong to or how they have come to wash up on shores near Vancouver, British Columbia, in the past 12 months.","but police do not know how to the lost, however, to completely disappear in, and.",0.10541072487831116,0.13880155980587006,0.06958677619695663,1.864556850660168
영국 경찰은 10일(현지시간) 지난주 런던에서 발생한 2명의 프랑스 대학생 살해사건과 연루된 4명을 체포했다고 밝혔다.,"LONDON, England (CNN) &#8212; Four people have been arrested in connection with the stabbing deaths of two French students last week, Metropolitan Police said Thursday.","london, england cnn britain s arrest of eight students were arrested, including the release of the french student said.",0.0757412314414978,0.11831559985876083,0.030925413593649864,1.761870034569919
"올해 23세인 다니엘 소넥스는 10일, 동갑인 로렌트 보노모와 가브리엘 페레즈 살인사건의 범인으로 런던 남부에서 체포됐다.","Daniel Sonnex, 23, was arrested at a south London address Thursday evening in the killings of Laurent Bonomo and Gabriel Ferez, both 23. On Wednesday, Scotland Yard said another man, Nigel Farmer, 33, was charged with murder and arson in connection with their deaths.","the year old former e mails were at home at the southern city of moan moan, mold moanf and residente were at home at the southern city of moan",-0.1857183426618576,-0.17909464240074158,-0.1961698681116104,0.8624385143162339
"런던 경찰청 수사과는 살인과 방화 혐의로 니켈 파머(23세)를 기소했으며 9일, 사건과 연루되어 있을 것으로 추정되는 35세 남성과 25세 여성을 체포했다고 밝혔다.","In addition, a 35-year-old man and a 25-year-old woman were arrested Wednesday in connection with the investigation, police said. They remained in custody Thursday at a south London police station, according to Metropolitan Police. Neither was identified.","the investigation is a connection about the possibility of links to be arrested, prosecutors said.",0.08564777672290802,0.1523190140724182,0.017809314653277397,1.3565835701894036
파키스탄 외무장관은 10일(현지시간) 2006년 12월 베나지르 부토 전 파키스탄 총리의 암살 사건를 위해 유엔 특별 조사 위원회를 위촉해 줄 것을 요청했다.,UNITED NATIONS (CNN) &#8212; Pakistan¡¯s foreign minister on Thursday asked that a United Nations commission be appointed to investigate the December death of former Prime Minister Benazir Bhutto.,"pakistani president pervez musharraf called the united states over the weekend, and the national assembly will be taking a month of national assembly, the former pakistan s former military committee",-0.18591152131557465,-0.11837609112262726,-0.25532495975494385,1.6294700080702849
유엔은 성명에서 마크둠 샤 마무드 쿠레시 외무장관이 반기문 유엔 사무총장과 만난 자리에서 이같이 요청했으며 반 총장은 이 문제에 대해 긍정적인 답변을 했다고 밝혔다.,"Makhdoom Shah Mahmood Qureshi made the request during a meeting with U.N. Secretary-General Ban Ki-Moon, who ¡°responded positively to the issue,¡± according to a statement from the United Nations.","secretary of state condoleezza, who has been unable to address the ongoing u. s. secretary general ban ki moon said the resolution would be un",-0.09129589796066284,-0.049844298511743546,-0.1355365663766861,2.745105800896364
"유엔은 성명에서 “양 측 모두 자금 문제, 위원회 구성, 간섭 없이 조사 자료 이용 등 전반적인 문제에 대해 양해했다”며 “그러나 반 총장이 위원회 구성 작업 전에 파키스탄과 유엔 회원국들간에 구체적인 논의가 필요하다는 점을 지적했다”고 덧붙였다.","The statement said that the two reached ¡°broad understanding¡± on several issues, including funding, composition of the commission and unhindered access to resources, but added that the secretary-general indicated further discussions with Pakistan and other U.N. members would be needed before the commission could be set to work.","once the investigation is such an incident, according to the united states, described as the ongoing investigation, but the state of the conference has not been problem",-0.07923329621553421,-0.07461380213499069,-0.08734798431396484,1.9189456386484784
부토 전 총리는 지난해 12월27일 파키스탄 수도 이슬라마바드 남부지역 라왈핀디에서 선거 유세 중 총격과 함께 자행된 자살폭탄테러로 사망했다.,"Bhutto was killed Dec. 27 in Rawalpindi, south of the Pakistani capital, Islamabad, while she was standing in an armored moving car rallying supporters for parliamentary elections.","the bhutto has died, killing people, including police officers and militants in the west.",0.10097677260637283,0.20287612080574036,0.00023770277039147913,1.4151401226877809
부토 전 총리는 당시 무방비 상태로 이동 차량에 상채를 내밀고 있다가 총격을 당했다.,Her head was above the roof and unprotected at the time of the attack.,"bhutto, who blew himself up, she is looking to her wheelchair.",0.10015532374382019,0.012162952683866024,0.1882910132408142,2.6440681349450874
중국이 1달 남짓 남은 베이징 올림픽에서 테러를 음모한 혐의로 이슬람 자치구에 위치한 테러단체 5곳을 소탕했다고 밝혔다.,"BEIJING, China (CNN) China says it has destroyed five terrorist groups in a mainly Muslim autonomous region on suspicion of plotting to attack the Olympic Games, which start in less than a month.","beijing has been a terror plot to bomb chinese officials in the city of aring bomb in a summer month in the united kingdom, a chinese official said.",0.06645660847425461,0.09001674503087997,0.04010951146483421,2.9124169548934984
"국영언론은 첸 주앙웨이 신장웨이우얼 자치구 관할 공안 사무소장의 말을 인용, 지난 6개월에 걸쳐 테러용의자 82명을 체포했다고 보도했다.","Authorities have arrested 82 suspected terrorists in the Xinjiang Uighur Autonomous Region in the past six months, according to state-run media quoting Chen Zhuangwei, head of the Public Security Bureau in the regional capital of Urumqi.","earlier, the workers are reported by the same days after the news of the government s pushing measures and the arrest of the three months of terrorists last month",-0.06213531643152237,0.052575238049030304,-0.17497895658016205,2.679103699085133
인권 감시기구인 ‘휴먼 라이트 워치(Human Rights Watch)’의 한 분석가는 언론의 보도에 대한 질문에 “중국이 올림픽을 이용해 자치구에 살고 있는 소수민족을 탄압하고 있을 우려가 높다”고 전했다.,"Asked about the report, a Human Rights Watch analyst raised concerns that China may be using the Olympics as an excuse to crack down on ethnic groups in Xinjiang.","after a media reporting china s comments, saying she wasn t let chinese officials from china s main olympics.",0.017581814900040627,0.01274769939482212,0.019221382215619087,1.4846004057982594
니콜라스 베퀘린은 “경찰이 중국통치에 비판적인 운동과 연루되었다고 판단된 사람들을 대상으로 이번 소탕작전을 벌인 것이 확실하다”고 말했다.,"""It's clear that the police are simply adding cases of people who they think are engaging in activities that are critical of Chinese rule,"" Nicholas Bequelin told CNN.","they were taking place in their way, said alexandre, whose officially released several chinese officials said, the official said,",-0.06712408363819122,-0.05736217275261879,-0.08030392229557037,1.5746307690752062
니콜라 사르코지 프랑스 대통령은 9일(현지시간) 아일랜드에서 지난달 국민투표를 통해 리스본 조약이 부결됐으나 유럽연합(EU)은 새로운 조약을 만들지 않을 것이라고 밝혔다.,"(CNN) &#8212; The European Union will not draft a new treaty after Irish voters rejected the existing one last month, French President Nicolas Sarkozy said Wednesday.","french president nicolas sarkozy, the european central bank, said he believed the european green to the european central european central bank to close up.",-0.07480676472187042,-0.09904052317142487,-0.05386443808674812,1.571585556580308
6개월 임기의 EU 순회 의장직을 맡은 사르코지 대통령은 대신 이를 해결할 방법을 논의하기 위해 이달 아일랜드를 방문할 계획이라고 전했다.,said he plans to visit Ireland this month to discuss a solution.,", the executive order of the board said the plan would not discuss.",0.1584814339876175,0.12647341191768646,0.1881205141544342,3.737437943747671
"그는 EU가 아일랜드에서의 리스본 조약 가결을 강요할 수는 없지만 유럽의회 선거 유세가 시작되는 내년 7월 이전, 해결책을 반드시 찾아야 한다고 말했다.","He said the European Union ¡°cannot push our Irish friends¡± into accepting the treaty, but that a resolution must be found before EU parliamentary elections next year.","the company could be approved by the european union and then there will be a very interested in february, but he urged their perception to close widespread",0.0031120632775127888,0.0370449498295784,-0.03355712443590164,3.391532714531372
이란이 10일(현지시간) 1발의 미사일을 추가로 발사했다고 미군 소식통이 미국 정보평가 보고서를 인용해 밝혔다.,"WASHINGTON (CNN) &#8212; Iran launched only one missile on Thursday, not a full new round of tests, a senior U.S. military source tells CNN, citing the latest U.S. intelligence assessments.","tehran said the united states rockets us missiles, saying the u. s. military operations were reporting the united states during the launch of the missile",0.057152554392814636,0.13912063837051392,-0.025172794237732887,1.990510315720456
"이란 국영언론은 이란이 미사일 시험발사를 한 이튿날인 10일, 여러 발의 미사일을 발사했다고 보도했다.",Iranian media reported that Tehran fired a series of missiles on Thursday in a second day of long-range missile testing.,iran s vice president launched its missile shield missiles on sunday afternoon launched a missile shield.,0.10643418878316879,0.07679325342178345,0.13348354399204254,4.545545587941097
"미국 정보통에따르면 미국은 이란이 9일, 중단거리 미사일 7발을 발사한 것으로 확인했다.","The United States believes that Iran fired seven short- to medium-range missiles on Wednesday, as it claimed, according to the source.","iran said, iran is making a false statement on the firing, according to the u. s. military on tuesday.",0.2468697428703308,0.30728089809417725,0.1854456514120102,11.328360454400997
그러나 10일 발사한 미사일은 9일 발사에 실패한 미사일일 것이라는 것이 미국 정보국의 예상이다.,"But one missile failed to launch Wednesday and the Iranians fired it the next day, U.S. intelligence suggests.","on friday on the mountain s top friday on the satellite includes europe s most important operation, but united states, on the launch of missiles, said tuesday,",0.03515904024243355,-0.1394248604774475,0.2195362001657486,1.6961343903963388
미국 정보통은 레이더와 위성 데이터를 근거로 이번 이란의 미사일 시험발사에 대한 최초의 평가 보고서가 있었다고 밝혔다.,"The initial assessment is based on radar and satellite data, the source said.",a report by the u. s. official said the report also did not give evidence of the missile based in its missile defense system.,0.21984297037124634,0.14096686244010925,0.2985822856426239,1.9626728448746968
"그는 이란이 10일, 단거리 미사일들을 시험발사 했을 가능성도 있으나 언론을 통해 보도하지 않은 것으로 추정된다고 덧붙였다.","It is possible that Iran tested short-range missiles on Thursday, but the data do not support Iranian media reports of long-range tests, the source added.","he said iran, iran iran, iran, iran, iran s testing, but not the media via missiles, but the threat told cnn that the missile",-0.013387310318648815,-0.12071190029382706,0.09537116438150406,6.082055310628111
미국 민주당의 대선후보인 버락 오바마 상원의원이 선거유세를 위해 유럽을 방문할 필요는 궂이 없다.,"BERLIN, Germany (CNN) &#8212; Presumptive U.S. Democratic presidential nominee Barack Obama hasn¡¯t even set foot on European soil in the campaign.",sen. barack obama said he would not visit within the country with the help of u. s. elections on the eve to mean they re election.,-0.02712389826774597,0.10717321932315826,-0.15761108696460724,1.7956048212655256
그러나 오바마가 독일에서 유세를 할 수도 있다는 루머가 돌며 독일 정부를 거슬리게 하고 있다.,about what he might do in Germany have ruffled feathers in the German government.,"obama forcefuld illinois cnn sing obama and his office, who has repeatedly won the contests.",0.01491508912295103,-0.049856677651405334,0.07812851667404175,2.719665272174911
앙겔라 메르켈 독일 총리는 오바마가 베를린 브란덴부르크를 방문해 연설을 하는 것에 대해 매우 회의적인 반응을 보였다.,Chancellor Angela Merkel has voiced great skepticism about whether it¡¯s appropriate for Obama to speak at the Brandenburg Gate if he travels to Berlin.,"merkel said his country would not be following the chance to visit his head, the prime minister said.",0.11281052976846695,0.17412835359573364,0.05013406276702881,1.9623905504483117
토마스 스테그 메르켈 총리 대변인은 9일(현지시간) 기자회견을 통해 “독일의 역사적인 명승지에서 미국의 대선후보가 선거유세를 벌이는 것은 매우 부적절하다”라는 입장을 밝혔다.,Merkel spokesman Thomas Steg told reporters Wednesday that it¡¯s inappropriate for candidates to campaign in Germany &#8212; let alone at a historical landmark so full of symbolism.,"speaking to reporters, however, germany, spokesman for merkel said he had no significant campaign gas on the campaign trailing in the u. s",-0.03883015736937523,0.11704175174236298,-0.18853721022605896,1.9465586905556809
"브란덴부르크는 지난 1987년, 로날드 레이건 전 미국 대통령이 당시 소련의 미하일 고르바쵸프 서기장에게 베를린 장벽을 제거하자고 제안했던 곳으로 유명하다.",Former U.S. President Ronald Reagan was at the Brandenburg Gate in 1987 when he made famous remarks to Soviet leader Mikhail Gorbachev.,"in the last decade, the department puts a heart of stars to replace him s head of los angeles, said reagan, whose former head of hair,",-0.04021561145782471,-0.1540219634771347,0.07557745277881622,1.6338984401221652
독일 국제외교 자문위원회의 잔 테초는 “오바마는 브란덴부르크가 선거유세를 위한 적절한 장소가 아니라는 것을 인식해야 한다”며 “그는 케네디 전 대통령이 연설했던 시청과 같이 상징성이 떨어지는 곳을 선택해야 한다”고 밝혔다.,"¡°He should opt for another place. People have suggested the (town hall) where Kennedy spoke, which is less of a symbolic place, ironically. ¡±","i think that s not a very different way, he said, adding that the campaign would not be able to make a way to avoid a repeat of the election.",0.05068298056721687,0.08296935260295868,0.01576266437768936,1.7577459356554814
북핵 6자회담이 10일 오후(현지시간) 중국 베이징에서 9개월만에 재개됐다.,"BEIJING, China (CNN) &#8212; Six-nation talks on North Korea¡¯s nuclear program are scheduled to resume Thursday afternoon in Beijing, ending a nine-month hiatus.","six nation talks on the six day six day six party months of six months in beijing on monday, experts were only six months of chinese, south",-0.08115273714065552,-0.04582323133945465,-0.11943892389535904,3.020267263710359
이번 회담에서는 북한이 최근 중국에 제출한 핵 신고서와 이를 검증하는 체계를 마련하는 방안이 집중적으로 논의될 예정이다.,The discussions are expected to focus on Pyongyang¡¯s recent nuclear declaration that was submitted to China late last month and how to verify the information included in it.,"the talks are expected to make a hard test, and it s hard to shut it, it said, as it resumes to make it hard to shut down and its",-0.06451138854026794,-0.08852922916412354,-0.043754640966653824,5.3423923528803305
북한이 핵 프로그램을 폐기하기 위해 노력하는 과정에서 몇 가지 긍정적인 진전이 이루어지며 회담이 재개됐다.,The talks resume after several perceived positive developments in efforts to dismantle Pyongyang¡¯s nuclear program.,a north korean government has portrayed a key over north korea s nuclear program until a nuclear weapon has been taken nuclear weapons.,0.0043188175186514854,-0.051246557384729385,0.057843130081892014,3.482270899863668
"북한은 지난달 말, 핵 무기를 제조하기 위해 플루토늄을 농축하던 시설의 냉각탑을 파괴했다.",North Korea destroyed a water cooling tower in late June at a facility where officials now acknowledge they extracted plutonium to build nuclear weapons.,"north korea has suspended its own origins, which believed to be done in north korea, said north korea, a north korean disarmament, experts recommended",0.01685253530740738,0.0017461051465943456,0.02883136458694935,1.7574239156849023
이는 북한이 오랫동안 은폐해 온 핵 프로그램의 상징물을 파괴한 것이나 다름 없다.,The destruction of the highly visible symbol of North Korea¡¯s long-secret nuclear program came just a day after the country released details of its program.,the north s longest amount of longer said it had produced its nuclear weapons program.,0.09998086094856262,0.1597951501607895,0.038699921220541,3.445566269507613
몇 주 전 엄마가 된 제이미 린 스피어스가 자신의 ‘완벽한’출산을 회상하며 남부지방의 사커맘이 되길 원한다고 말했다.,"NEW YORK (CNN) Weeks after giving birth to daughter Maddie Briann, Jamie Lynn Spears is showing off the newborn, sharing memories of a ""perfect"" delivery and longing to be a Southern soccer mom.","several weeks ago, i could have a little bit of his own goals, he said.",-0.14626343548297882,-0.09022757411003113,-0.2046564221382141,0.946041033300416
"제이미는 지난달 19일, 미시시피주 맥콤브에 위치한 병원에서 매디를 출산했다.","Spears and fiance Casey Aldridge welcomed Maddie at a hospital in McComb, Mississippi, on June 19.","the highest hit in october, was released from hospital in georgia, georgia, was ordered to hospital in june after the hospital of georgian was found in britain",-0.12338313460350037,-0.1500316709280014,-0.10013441741466522,2.952787808378777
브리트니 스피어스의 동생인 제이미 린 스피어스와 그의 딸이 함께 포즈를 취한 사진이 OK!,The younger sister of Britney Spears poses with her on the cover of OK!,"spears,, perhaps her daughter,, had been arrested, and her own television exxond herself with his family.",-0.0386083722114563,-0.053195007145404816,-0.027335111051797867,2.0540268312306345
매거진은 그녀의 임신소식을 가장 먼저 보도한 언론으로 제이미와 딸의 사진을 위해 많은 돈을 지불했다.,and reportedly was to receive a large payday for exclusive pictures of the baby.,"herself cited herself as her own, her agent, her nbc and her picture of herself as she, her.",0.04341737926006317,-0.07173145562410355,0.16087490320205688,2.273154356702287
루이지아나 주에 위치한 그녀의 집에서 사진촬영이 진행 되었다.,The photos were taken at the pair's Louisiana home.,her body was later captured.,0.31121939420700073,0.3346288800239563,0.28579726815223694,4.167251645138561
잡지사는 그와의 계약조건에 대해선 언급하지 않았다.,The magazine does not comment on the terms of its deals with celebrities.,the magazine s comments have not comment on the contract and comments.,0.3294216990470886,0.22912995517253876,0.4314078986644745,19.81705142980857
OK!,In an interview with OK!,the head of the nba championship ⁇,0.03153136000037193,0.04153367131948471,0.01843116246163845,0.0
그는 또 “나는 축복 받았다”고 덧붙였다.,I was very blessed.,"i was scared, she said.",0.4867938756942749,0.4868502616882324,0.4850675165653229,7.809849842300641
"제이미는 약혼자인 알드리지가 딸을 처음으로 안던 그 순간에 대해 “일생에서 가장 위대한 순간이었다”며 “그는 매우 기뻐했고, 그 사실이 나를 이 세상에서 가장 행복한 사람으로 만들었다”고 말을 이었다.","Jamie Lynn said watching Aldridge, a pipe-layer from Liberty, Mississippi, hold Maddie for the first time ""was the coolest thing. ... He was so happy, and that made me the happiest person alive.","i was in the out of the first, i believe that they had been very different from their own, he said. i was very happy to be",-0.02281496860086918,-0.014690842479467392,-0.03422849252820015,2.6049222180827005
브리트니를 포함한 그녀의 모든 가족들이 그녀의 출산을 위해 병원에 모였었으나 분만실 출입이 허락된 사람은 아이의 아버지뿐이었다.,"Jamie Lynn's immediate family including big sister Britney where there for the birth, though Aldridge was the only one allowed in the delivery room.","her family room, her children said her baby her her testimony, she said, her baby home her family room, her children said.",-0.033982302993535995,-0.024898624047636986,-0.046383168548345566,1.9626728448746968
그는 “경사스러운 날이었다”며 “모든 가족이 축복하기 위해 모여 주어 큰 힘이 되었었다”고 말했다.,Everybody flew in to celebrate.,"i have a good, and i will have to be, and we ve got to get to everyone.",0.17123764753341675,0.007996142841875553,0.34273025393486023,2.159701133933343
제이미의 모친인 린 스피어스는 “너무나도 작은 손녀를 내 품에 안고 '너무 아름답구나’라고 말했었다”고 전했다.,"""You never remember how little they are, and then you hold them. I purred like a kitten, and I remember saying, 'Jamie Lynn, she's so beautiful.","i don t know when you re too, you know, too, told a news conference.",-0.043746527284383774,-0.09771361202001572,0.007959859445691109,1.516483209717166
제이미는 딸이 아빠를 닮았다고 말했다.,Jamie Lynn thinks Maddie takes after daddy.,"tier, i m still very happy, i believe i have had, i believe they want to hear this morning, i still hope, i",-0.012996713630855083,-0.13851997256278992,0.11578495055437088,0.0
뉴욕 양키스의 알렉스 로드리게스는 지난해 10월 계약을 파기하고 재계약을 하는 바람에 올해 올스타전에 선정됐지만 보너스 20만 달러를 손해 봤다.,"Alex Rodriguez's decision to opt out of his contract last October cost him $200,000 in All-Star bonuses from the New York Yankees this year.","the company s first advance, rice, had a very different, a former heisman, he said.",0.015653198584914207,0.01923050358891487,0.008884141221642494,1.686739071741649
"로드리게스가 텍사스와 계약했던 것은 2001년 시즌 이전으로 그는 예정대로라면 아메리칸리그 올스타팀에 선발돼 10만 달러, 팬 투표에서 가장 많은 득표를 얻어 10만 달러를 받아야 한다.","Rodriguez's old deal, which he agreed to with Texas before the 2001 season, contained provisions that earned him $100,000 bonus for making the AL All-Star team and another $100,000 for receiving the most fan votes in his league.","the sluggishes, rodriguez, a texas and a half fan to their first ever champions league finals, said at the moment of the conference.",-0.05850657820701599,-0.061981070786714554,-0.05847664922475815,1.3644990036797784
로드리게스의 에이전트인 스콧 보라스는 지난해 보스턴 레드삭스가 4연승을 거두며 월드시리즈를 우승할 무렵 양키스와 10년간 2억5200만 달러에 맺었던 계약을 파기했다.,"His agent, Scott Boras, informed the Yankees during Game 4 of Boston's World Series sweep that A-Rod was terminating his $252 million, 10-year agreement.","the last time, the former baywatch star has said it was time to win the last time that times of the last time in a series of missed masters cups by",-0.13241702318191528,-0.17588789761066437,-0.09190183132886887,1.7345617945636578
그해 12월 로드리게스는 10년간 2억7500만 달러를 받기로 하고 다시 계약을 체결했다.,"Then in December, Rodriguez signed a record $275 million, 10-year contract with New York, a deal that allows him to make up to $305 million if he reaches milestone achievements.","he was returning to return to their homes in return for another man, according to april.",-0.018420927226543427,0.011658506467938423,-0.05140746757388115,1.1065224450396347
"양키스 구단은 지난 2004년 텍사르 레인저스와의 계약을 적용, 로드리게스가 올스타에 선정되거나 MVP, 골드글로브, 실버슬러거에 선정되더라도 보너스를 지급하지 않는다.","The Yankees do not give contracts with provisions that contain bonuses for All-Star selection or awards such as MVP, Gold Glove and Silver Slugger.","the new york times, including an internet search for,, cpl, c,, and, c,, will be two of",-0.2445625364780426,-0.2995380461215973,-0.19242003560066223,1.9011755113058344
그러나 로드리데스는 이 같은 조항에도 불구하고 올 시즌 2700만 달러의 연봉으로 메이저리그 최고액 연봉 선수가 됐다.,"Still, even without the bonuses, Rodriguez has a major league-high $27 million salary this year.",the world gov. rove said the deal had been pumped by great season from this year.,0.01400887593626976,-0.0017411526059731841,0.026630138978362083,8.126515341447273
올스타 선정 보너스로 가장 많은 돈을 받는 선수는 토론토 블루제이스의 투수인 로이 할리데이로 12만5000달러를 받는다.,"Toronto pitcher Roy Halladay earned the biggest All-Star bonus, $125,000, followed by Cleveland pitcher Cliff Lee at $100,000.","one of the biggest hits of dollars in emice, or less money for a fourth straight year, for less than a year, to, for the",-0.16567817330360413,-0.18577872216701508,-0.1492331326007843,3.060336737367801
올해 올스타전에 선발된 63명 중 42명의 선수가 받는 보너스 총액은 1억9200만 달러로 지난해의 2억1300만 달러에 못 미친다.,"A total of 42 of 63 players selected earned $1.92 million in bonuses, down from $2.13 for the initial picks last year.","the total net of those who had the third player of the total,, to,.",-0.05127134919166565,-0.06935001909732819,-0.03650506213307381,2.1552114333947485
한편 올해 연봉으로 1000만 달러를 받는 할리데이는 올스타 선정 보너스를 받는다는 사실을 모르고 있었다고 말했다.,"Halladay, who has a $10 million salary, wasn't aware of the bonus, saying he leaves things like that to his agent.",the year old club said the yankees would be released this year.,0.0009779054671525955,0.017476970329880714,-0.018639151006937027,1.35141489912082
할리데이는 “올스타팀에 선정됐다는 것 자체가 즐겁다”며 “나와 그리고 나의 가족을 즐겁게 하고 흥분시키는 것은 그런 부분”이라고 강조했다.,"""The fun part is being part of the team. That's what's exciting and fun for me, fun for my family,"" Halladay said.","it is part of a television family, as well as the first line family, which is a. he said.",0.10731073468923569,0.1399625688791275,0.07221176475286484,5.214900436388889
터키 이스탄불 주재 미국 영사관 외곽에서 총격전이 발생해 6명이 사망한 것과 관련 로스 윌슨 대사는 9일(현지시간) “이번 사건은 명백한 테러행위”라고 주장했다.,"The shootout outside the U.S. consulate in Istanbul which left six people dead was an ""obvious act of terrorism,"" the U.S. ambassador to Turkey says.","this murders in london, a former cnnson reported tuesday that the shootings are in custody in a field in the united states, a senior interior ministry official",0.05079846456646919,-0.039198219776153564,0.1409517377614975,1.4795944318036467
윌슨 대사는 이날 터키 수도 앙카라에서 열린 기자회견에서 무장괴한이 영사관 입구의 경찰 초소에 총격을 가한 이후 미국 시설물에 대한 보안조치를 강화했다고 말했다.,"Speaking to reporters in the Turkish capital of Ankara, Ross Wilson said he had asked Turkey to implement additional security measures after gunmen Wednesday pulled up in a car and opened fire at a police security checkpoint at the consulate entrance.",plas from police in wilson said he had spoken to the armed forces of the armed forces after the second army vehicles made front after the secretive armed,-0.049251262098550797,-0.05359509959816933,-0.04831980913877487,3.930822685690553
윌슨은 “누가 그리고 무슨 이유로 이 같은 행동을 취했는지 알 수 없다”며 “그러나 외교 기관에 대한 공격을 테러행위라고 단정할 수 있다”고 주장했다.,"""I'm not in a position to speculate on who this is or why they have carried out this action,"" Wilson said. ""But any time there is an attack on diplomatic establishment...","however, i m not making terrorist attacks on targets in terrorist attacks on how the terrorist attacks might be targeted in the terrorist attacks.",0.05826254189014435,0.05752914026379585,0.05593089759349823,1.3712999796222372
그는 “과거 에 그랬던 것처럼 우리 국민은 이번 사태에 대해 결속력을 보일 것”이라고 덧붙였다.,"""Our countries will stand together to confront this as we have confronted some other problems in the past,"" he added.","it is the those of this might be lost this time of the two reasons, he added.",0.1846853494644165,0.1581682562828064,0.20879676938056946,6.888125297945461
이스탄불 시장은 미국 영사관 앞 에서 발생한 이 총격전으로 경찰 3명과 무장괴한 3명이 숨졌다고 밝혔다.,"Three police officers and three assailants were killed in the shootout near the U.S. consulate in Istanbul, the city's governor said.","the gunman was killed and they were also the militants, police said.",0.30694082379341125,0.3375186622142792,0.2744894027709961,3.510543733619334
이밖에 경찰관 2명이 부상했다.,Two other police officers were wounded in the attack.,the wounded were injured.,0.3854067027568817,0.4596639573574066,0.3112265169620514,5.55750946374376
무아메르 굴러 이스탄불 주지사는 무장괴한이 흰색 차량에서 경찰 초소를 향해 총기를 난사했다고 말했다.,"Gunmen pulled up in a white car and opened fire at a police security checkpoint at the outer entrance of the consulate, Istanbul Gov. Muammer Guler told reporters at the scene.","a new york times that the gunman was killed by police, said a. percentage point, the leader of the u. s. leader said",-0.03292776271700859,-0.03741532564163208,-0.03179946541786194,3.2233362471201064
테러 현장을 목격한 NPR 소속 기자인 이반 왓슨은 경찰의 대응사격으로 총격전이 3~5분 동안 계속했다고 설명했다.,"Police fired back, resulting in a three- to five-minute gun battle, Ivan Watson, a journalist with National Public Radio reporting from the scene, told CNN.","the attack, they were two second half a second half around the world, according to the police department, told the police to tsurable police to the",-0.20025061070919037,-0.32412925362586975,-0.07366911321878433,3.400580468788714
한편 미국 비자를 얻기 위해 영사관 앞에 서있던 시민들은 별다른 피해를 입지 않았다.,People waiting to obtain visas inside the heavily fortified building were not hurt.,"citizens of travellings were not affected, he said.",0.2085767537355423,0.2308679223060608,0.183926060795784,6.225616866546953
미 영사관 건물은 언덕에 위치하고 있으며 입구는 이곳에서 약 30m 떨어져 있다.,The outer entrance is more than 30m (100ft) from the main building which sits atop a hilltop.,"the buildings are buildingd on the sided e mails of their homes, and they re there to see people in their homes.",-0.039594754576683044,-0.0035866613034158945,-0.0784107893705368,1.8709718017288024
"뉴질랜드항공은 고유가와 승객감소에 대처하기 위해 임원들의 임금 동결, 보너스 지급 중지, 불필요한 인력을 줄이는 구조조정을 감행할 것이라고 밝혔다.","Air New Zealand says it has frozen the salaries of senior executives, cut out bonus payments and is reviewing ""nonessential"" activities to cut staff numbers, as it battles soaring fuel costs and sliding passenger demand for seats.","air commercial oil prices, told the associated press by telephone from the oil prices and their customers are buying up to about,, told the associate",-0.13833989202976227,-0.20660604536533356,-0.07189341634511948,1.2111319988286342
파이프 사장은 자신을 비롯한 뉴질랜드항공 임원들의 임금은 앞으로 1년간 동결될 것이라고 말했다.,Fyfe said he and senior management will be the first to feel the squeeze with their salaries frozen for a year.,chung is considered to be completely pressed the top executive of getting ready to be under the new year period.,0.11029107123613358,0.07974174618721008,0.1382821798324585,2.7101496987337943
다른 간부들도 단기적으로 성과급이 지급되지 않아 소득감소가 불가피하다.,Other managers will earn less through the loss of short-term incentive bonuses.,"other other party employs were unsure, others has become the ungst mistake.",0.13817496597766876,0.10848739743232727,0.16537392139434814,3.377156414337854
뉴질랜드항공 임원 중 25만 뉴질랜드달러 이상을 받는 고액 연봉자는 20명에 이른다.,"Air New Zealand has 20 top executives in New Zealand who earn more than 250,000 New Zealand dollars (US$189,000) a year.","new zealand s new zealand s new zealand said it had been given the case, according to new zealand.",-0.17350423336029053,-0.07853759080171585,-0.2684909403324127,1.431306716763
멕시코에서 몇 세대를 걸쳐 사랑을 받아온 만화 캐릭터가 국경을 넘은 미국에선 인종차별이라는 문화적 장벽에 부딪혔다.,"HOUSTON, Texas (CNN) A comic-book character popular in Mexico for generations has run into a cultural barrier at the border, where Americans see him as a racist caricature.","cross borders into various drinking that could be a rock, as many as americans get their drinking interest in the united states, as americans say they ll",-0.11003396660089493,-0.076260507106781,-0.1468992531299591,1.823280738431161
지난 60년간 멕시코인들은 ‘메민 핑귄(Memin Pinguin)’의 모험담에 열광했다.,"For more than 60 years Mexicans have followed the adventures of ""Memin Pinguin.""","the past years in the past decades of the people are living in the past years, the number of people living alone in the.",-0.1151544600725174,-0.15670515596866608,-0.07657106965780258,2.042946039568498
그러나 미국 텍사스 휴스턴에 거주하고 있는 쇼네드리아 맥퀴티는 ‘대통령이 되려는 메민(Memin for President)’ 시리즈를 보고 검은 피부의 메민을 과장되게 묘사한 사실에 경악했다.,"But the dark-skinned Memin's exaggerated features in ""Memin for President"" came as a shock to Houston, Texas, Wal-Mart shopper Shawnedria McGinty.","in a message to, presidents ohio, whose two os has died in a shallow grave, as well as the national said.",-0.11832868307828903,-0.13732430338859558,-0.10285136848688126,2.4337741958250265
맥키티와 휴스턴 지역사회 운동가인 카넬은 월마트가 이 만화의 판매를 중단하길 바랐다.,McGinty and Houston community activist Quannel X want the comic books removed from the stores.,"in, rainers is in july and that wal marta turner to the walls of the world.",-0.04043174907565117,-0.020432189106941223,-0.06362440437078476,3.0372940354383413
"카넬은 “이 만화는 인종, 특히 아프리카계 미국인들의 문화와 유색인종에 대해 전혀 고려하지 않았다”며 “신체적인 특징을 재미로 삼고 이야기 한 책이다”라고 말했다.","""This is absolutely insensitive toward race, in particular the African-American culture, and also people of color,"" Quannel X said. ""This is poking fun at the physical features of an entire people.","it is not a great deal, said hong kong, adding that the american people said.",0.0758044496178627,0.1371736079454422,0.012972487136721611,1.8295401750986011
그러나 메민에게 열광하면 자라온 멕시코의 독자들은 비평가들이 만화 표지 뒤에 펼쳐지는 이야기를 보고 이해해야 한다고 주장했다.,But Mexican readers who grew up following the shenanigans of Memin say critics need to look beyond the cover and understand the stories.,"but they were able to make a little call for a little call from a. m., but it said, as it s because it s possibl",-0.1164533942937851,-0.20745009183883667,-0.025670483708381653,1.4763939041893883
자비어 사라스는 시카고의 지역방송인 WRTO의 스페인어 방송에 출연 “이 캐릭터를 매우 좋아한다”며 “그를 이해하지 못하는 사람들의 비난은 터무니 없다”고 얘기했다.,"""They will bring a smile to their face because we're so fond of that character,"" said Javier Salas, a Spanish-language talk show host on Chicago radio station WRTO. ""We respect him, we love him.","i think we ll still be able to walk on the air, but i think it s a very live in the air.",0.012151597067713737,0.030686311423778534,-0.009433829225599766,1.1942551687745675
"메민은 가난한 쿠바계 멕시코 아이로 부리부리한 눈, 두꺼운 입술, 돌출된 귀 등을 가지고 있다. 그는 흑인을 상징한다.","Memin is a poor Cuban-Mexican kid with bug eyes, thick lips and protruding ears.","suu kyi has reportedly created the black sea to two blackberry, a hospital of cayleing, chua, a mineral group, of",-0.19998325407505035,-0.2766851484775543,-0.12475717067718506,1.8709718017288024
"개구쟁이지만 신문을 배달하고 구두를 닦으며 엄마를 돕는, 착한 아이로 묘사되어 있다.",The mischievous and caring boy helps his mother by selling newspapers and shining shoes.,"despite the anti r, which requires eight months and, children are among the dead, but they are still missing.",0.03637532889842987,0.043529171496629715,0.02611653134226799,1.958224832501124
한편 로렌조 로페스 월마트 대변인은 각 지점에 이 만화책 판매를 중단하라는 지침을 내렸다고 밝혔다.,Wal-Mart spokesman Lorenzo Lopez said the retailer has instructed stores to remove the books from shelves and discontinue sales.,walsh said the finishing order should not go up.,0.10087859630584717,0.1115604117512703,0.08732994645833969,3.4166909782241994
로페즈 대변인은 “멕시코에서 인기 있는 만화 캐릭터와 관련된 책에 대한 고객들의 불만을 접수했다”며 “만화를 자세히 살펴보고 나서 판매를 중단하기로 결정했다”고 밝혔다.,"""We received the customer complaint regarding the book, which we knew was based on a popular cartoon character in Mexico. We looked into it further, and we decided to no longer distribute the book and are in the process of removing the books from the stores.","we ll still offer gold to its original clients of homosexuality, said spokeswoman staphy spokeswoman lopez, spokeswoman for the wonderland of the japanese and",-0.1338444948196411,-0.23428690433502197,-0.03287797048687935,0.9288028656648988
미국 뉴욕에 있는 52층짜리 뉴욕 타임즈 건물 측면을 한 남성이 9일 새벽(현지시간) 올라갔다. 최근 몇 주 동안 이 같은 일이 3차례 발생했다.,"NEW YORK (CNN) For the third time in recent weeks, a man climbed up the side of the 52-story New York Times building in New York early Wednesday.","new york, new york, new york, new york, new york, new york, new york cnn a man who set a new home for the new york times",-0.16518691182136536,-0.2570931017398834,-0.07355131953954697,2.591464987242116
경찰이 이날 새벽 1시 20분경 이 남성을 처음 발견했다.,"The man was first spotted around 1:20 a.m., police said.","the bodies found a vial bodie, the first discovery of the city.",0.08702511340379715,0.08885326236486435,0.08222994953393936,3.241496606455093
오전 2시 10분께 그는 11층까지 올랐으며 “빈 라덴의 계획”이라고 쓰인 현수막을 걸었다.,"By 2:10 a.m., he had made it to the 11th floor, where he unfurled a banner that read ""Bin Laden's Plan.","at the end of,, was taken into the house and was so called.",-0.0015249534044414759,0.0733148381114006,-0.07731707394123077,1.4417556939290288
이 현수막에는 오바마 빈 라덴이 조지 W. 부시 미 대통령을 마리오네트처럼 조정하는 사진이 있었다.,""" It featured a picture of Osama bin Laden holding President George W. Bush from puppet strings.","the move comes into a white house, which is just a few days to president bush,.",0.042350124567747116,0.026057152077555656,0.055612899363040924,2.4074859035470344
캐서린 마키스 뉴욕타임즈 대변인은 “그가 건물을 올라가게 된 경위를 조사하고 있다”고 밝혔다.,"""We are trying to ascertain how he got up the building,"" said New York Times spokeswoman Catherine Mathis.","we re looking at,, but they look at the end of, said a spokeswoman for the new york times.",0.12997348606586456,0.13533411920070648,0.12180003523826599,2.4623373672221804
경찰은 이 남자가 11층에서 2시간 동안 머물렀다고 말했다.,"The climber remained on a ledge on the 11th floor for about two hours, police said.","police said he was taken to a police station, he said.",0.32393181324005127,0.39055413007736206,0.25681591033935547,6.288713985170048
지난 6월에는 남자 2명이 같은 건물 꼭대기까지 올라가 경찰에 붙잡혔다.,"In June, two men climbed to the top of the building. Both were subsequently taken into police custody.","a e collapse, turned out to a high school in kansas city of., the police department said.",0.08145115524530411,-0.06332213431596756,0.2319031059741974,2.954001199967651
일본의 한 아기 엄마가 흉기를 휘두르며 집에 침입한 강도에게 아이스 티 1잔을 주고 그를 진정시킨 후 6개월 난 아이와 무사히 탈출했다고 도쿄 관할 경찰이 9일 밝혔다.,"TOKYO, Japan (CNN) &#8212; A mother and her 6-month-old girl escaped unhurt after she calmed down a knife-wielding robber with a glass of iced tea and a chat, Tokyo police said Wednesday.","a japanese woman has been lashed with three weeks after his crossing daughter, after his daughter, his daughter, saw his daughter, and his sixth wif",-0.12803038954734802,-0.07844065874814987,-0.18020911514759064,1.2862808397225212
아이 엄마는 강도에게 1만엔(약 9만4000원)을 주고 밖으로 도망쳐 경찰에 신고했다.,"The housewife handed the man about $100 (10,000 yen), ran outside, and called for help.",she raised to. million to...,-0.014742746017873287,0.04569057747721672,-0.0769442468881607,1.2567539259667488
여러 차례 성폭행을 당한 영국 여성이 복역 중 로또에 당첨되어 백만장자가 된 성폭행범에게 당첨금에 대한 권리를 요구하는 소송을 제기했다.,"LONDON, England (CNN) A British woman assaulted by a serial rapist has won the right to sue the attacker who became a millionaire by winning the lottery while in prison.","the number of british girls was in the case, said karzai, whose name was first for attorney, a year old girl, was asked for the job",-0.08731046319007874,-0.115116648375988,-0.06276272982358932,1.7004999603778406
재판관은 8일(현지시간) 열린 재판에서 아이올워스 호어에게 지난 1989년 피해를 당한 성폭행 피해자인 A부인(가명)에게 손해배상금을 지불하라고 판결했다.,"A judge ruled Tuesday that the 78-year-old victim, known only as Mrs. A, can seek punitive damages from Iorworth Hoare for an attempted rape in 1989.","the judge says the trial had dropped, so she said she had asked the payment to the people, and i asked it to pay for their daughter,",0.04800106957554817,0.061862919479608536,0.031136587262153625,1.736737893231131
호어는 2004년 보호감찰 하에 교도소 밖으로 외출할 당시 700만파운드(약 139억원)짜리 복원에 당첨됐었다.,7 million about $12.8 million at the time when he bought a winning lottery ticket in 2004 while spending a few hours outside prison under supervision.,"the year old was sold in the first round of at least, with a number of lost.",-0.029244989156723022,0.01947423629462719,-0.08029472082853317,1.885082302764276
그는 A부인을 성폭행 한 혐의로 16년을 복역하고 출소한 2005년 이 당첨금을 수령했다.,"He received his money when he was released in 2005, after serving 16 years of a life sentence for attacking Mrs. A.",he was also collected only a year after the year old he has been held in prison.,0.24095499515533447,0.23982131481170654,0.23961783945560455,3.831685453817444
호어의 복권 당첨사실을 알게 된 A부인은 그를 상대로 손해배상금 청구소송을 제기했으나 법원은 1심에서 시효를 넘겼다는 이유로 원고 패소판결을 내렸다.,"A sought to sue Hoare when she learned about his winnings. But she was initially told the time limit for compensation claims had run out, with such claims allowed only up to six years after a crime.","time, the court said, will be back in court in the second court but would have raised his two goals in the city.",0.06751715391874313,0.0810350552201271,0.05105586722493172,1.2607632007882537
"그러나 피터 컬슨 판사는 8일 재판에서 A부인이 성폭행을 당했을 당시 호어가 손해배상을 할 만한 재정적인 능력이 되지 않았다는 것을 인정, A부인에게 보상금을 지급할 것을 명령했다.",A did not sue Hoare immediately after the attack because the convict did not have funds that would make a financial claim worthwhile.,"some judges were still in tennessee, but the army is accused of physically by the nd minute period, which is in tennessee, and",0.008211015723645687,-0.01527665089815855,0.02866334654390812,1.7179060012299232
당국은 고장난 레이더가 언제쯤 복구될 지는 알 수 없다고 말했다.,"The malfunction affected radar screens for air traffic controllers, said Lillian Cassin, a spokeswoman for the Irish Aviation Authority.","the official said he believes the rules should not be allowed to complete anyone, not said.",0.06748466193675995,0.11208820343017578,0.020685093477368355,2.432074937831609
"릴리안 카신 아일랜드 항공국(Irish Aviation Authority, IAA) 대변인은 관제탑 레이더 화면에 문제가 발생했다고 밝혔다.","The controllers were still able to see the ¡°blips¡± that represent aircraft, she said, but they could not see the labels next to the blips which give vital information about the aircraft.","a spokesman for the united states, a spokesman for the group representing a group of two weeks, a spokesman for the group, a spokesman for the group",-0.14976468682289124,-0.19701379537582397,-0.10538510233163834,1.6447509405464604
카신 대변인은 “항공기의 위치를 나타내는 광점(光點)은 볼 수 있으나 정보를 나타내는 라벨을 볼 수 없다”고 말했다.,"¡°When this problem was occurring the blips were still available on the radar screens, so the screens weren¡¯t going blank or anything, but the label was gone,¡± Cassin said.","at least two people have been widely available, said a viablea, spokeswoman for the airline said.",-0.03394239768385887,0.073771171271801,-0.14033448696136475,2.4196497125823755
현지 의료진은 9일(현지시간) 국영언론과의 인터뷰에서 미국 캘리포니아에 거주하고 있는 남성 1명이 황소 뿔에 복부를 받혔으며 그리스 남성 1명이 얼굴에 심한 상처를 입었다고 전했다.,"A California man was gored in the abdomen and a Greek man suffered facial injuries on the third day of the annual running of the bulls in Pamplona, Spain, a hospital doctor told Spanish state television Wednesday.","a two men who escaped four men who were in a rare at the california s national police, california said on thursday.",0.029170826077461243,0.052333276718854904,0.0030954419635236263,1.3138766623738345
이그나시오 율스 나바라 병원 의료실장은 “호송된 22세의 캘리포니아 남성이 의식을 찾고 점차 안정되어가고 있다”고 말했다.,"The 22-year-old Californian was taken to a hospital and was ¡°stable and conscious,¡± said the doctor, Ignacio Yurss, medical director of Hospital de Navarra.","we have a boy of a very much longer a year old male, whose oldest di oden said monday was a star of two men in a year",-0.1593300849199295,-0.1037011668086052,-0.21737352013587952,1.795861659607079
율스는 “그리스 남성은 코가 많이 다쳤다”고 덧붙였다.,"The 20-year-old Greek man was injured in the nose, Yurss said.","the south koreans are also likely to fall, said south korea s general assembly said.",-0.036401111632585526,-0.044401515275239944,-0.03175843507051468,5.439330544349823
황소 달리기 행사 첫날에만 20명이 부상했다.,The latest injuries bring to 20 the number of runners who have been hurt in the first three days of the running.,"one of the japanese, people were injured.",0.1744457632303238,0.1686020791530609,0.17761030793190002,2.2273741553557427
"MADRID, Spain (CNN) / 이수지(JOINS)",From CNN Madrid Bureau Chief Al Goodman,"a sea bound citing air sea levels, we ve got a piece of air, sea surveillance, citing the air.",-0.3322773873806,-0.21236862242221832,-0.45035725831985474,0.0
콜롬비아 정부는 성명을 통해 미국이 9일(현지시간) 콜롬비아에 이들의 신병을 미국으로 넘겨줄 것을 정식으로 요청할 것이라고 밝혔다.,"The United States plans to formally ask Colombia on Wednesday to extradite the two to the United States, the Colombian government said in statement.","washington cnn colombian s u. s. appealed to its colombian citizenship, denied that it is considering its citizens to colombian governments of citizens, its citizens",-0.04394747316837311,-0.0970308780670166,0.006836784537881613,1.8196871111910016
콜롬비아 군은 작전 중 FARC반군 11명을 체포했으며 이들 중 2명이 미국인들의 납치에 가담한 것으로 알려졌다.,The two are among 11 members of the Revolutionary Armed Forces of Colombia (FARC) who face federal charges in the United States of hostage taking and supporting a foreign terrorist organization.,"the soldiers are being among the wounded when they were kidnapped in the raid, ap reported.",0.10266312211751938,0.1838981956243515,0.02114422805607319,2.324034706115196
미국은 연방법 위반을 이유로 이들의 신병인도를 요청했다.,They were detained in a mission that freed three defense contractors &#8212;,"the united states has requested, federal prosecutors accuse him of taking their attempts by the federal law and federal law.",-0.09823518246412277,-0.056975170969963074,-0.14231251180171967,0.0
"이들은 콜롬비아 군이 잉그리드 베탕크루 전 콜롬비아 대통령 후보와 11명의 정치인, 3명의 미국인들을 구출하는 과정에서 체포됐다.","as well as Ingrid Betancourt, a prominent Colombian politician, and 11 Colombian police officers and soldiers.","a colombian president of the colombian presidential candidate, is arrested in the colombian president of former presidential candidate, a former colombian presidential candidate who has colombian citizen of a colombian presidential",-0.18957945704460144,-0.21037772297859192,-0.17250359058380127,2.485828141410168
선진 8개국(G8) 지도자들이 9일(현지시간) 정상회담에서 지구 온난화 해결을 위해 노력하겠다고 선언했으나 특정한 목표는 정하지 않았다.,"TOYAKO, Japan (CNN) &#8212; Leaders of the world¡¯s major economies pledged to combat climate change Wednesday, but they did not set specific targets.","days of leaders of the organizations are considered wealth, but the nation said friday that the agreement is. but it s not clear how much better plan to increase up the",-0.09877834469079971,0.029295017942786217,-0.22379398345947266,3.653615116727901
G8 정상들은 이 같은 선언을 하기 하루 전날 2050년까지 온실 가스 배출량을 절반으로 줄인다는 목표를 확립할 것을 요구했다.,The pledge came a day after the leaders of the Group of Eight nations called for establishing the goal of halving greenhouse gas emissions worldwide by 2050.,the group of said the aim of the gas prices of the gases of the gases would allow the us to expand its greenhouse gas emissions.,0.09246309846639633,0.06066972389817238,0.12166985869407654,7.444160759651075
정상들은 성명에서 “세계 주요한 경제 선진국 지도자들이 공통적으로 지구 온난화 문제를 인식하고 이를 해결하기 위해 노력한다는데 합의했으나 책임과 각국의 능력에 대해서 의견 차이가 있었다”고 밝혔다.,"¡°Conscious of our leadership role in meeting such challenges, we, the leaders of the world¡¯s major economies ¡¦ commit to combat climate change in accordance with our common but differentiated responsibilities and respective capabilities,¡± the leaders said in a statement.","normally has called on the issue of leaders of the major economic leaders and major leaders of the major economic leaders of the major economic leaders, said independent economic leaders.",-0.1221633180975914,-0.02111598663032055,-0.22263412177562714,4.067761176827318
"이라크 당국이 9일(현지시간) 안바르주의 한 학교에서 부패된 시신 21구를 발굴했다. 이들 시신은 2년 전, 이라크 내 알카에다에 피랍된 후 살해됐으며 이들의 가족들이 찾아와 일부 시신의 신원을 확인했다.","BAGHDAD, Iraq (CNN) &#8212; Authorities in Iraq said 21 decomposed bodies were found buried Wednesday at an Anbar province school, and family members have identified some of them as people who were kidnapped two years ago by al Qaeda in Iraq militants.","baghdad, iraq cnn iraqi authorities have wed a new rules of school and working in new orleans.",-0.12552505731582642,-0.07669349014759064,-0.17696936428546906,0.6441618943064111
이라크 내무부는 발굴된 시신들이 바그다드 서부 안바르의 주요도시 라마디 중심가인 아달라에서 발견됐다고 전했다.,"An Iraqi Interior Ministry official told CNN the bodies were found in the Adala neighborhood of central Ramadi, the capital of Anbar province west of Baghdad.","the interior ministry official said bodies were found in a field in the city of ara in eastern baghdad, according to a report from the associated press.",0.32889407873153687,0.33184346556663513,0.32376745343208313,11.146727460890444
"중국 신화통신은 9일(현지시간) 경찰의 말을 인용, 중국 서부에서 한족에 대항하는 성전을 계획하던 일당과 경찰이 총격전을 벌여 단체 대원 5명이 숨졌다고 보도했다.","(CNN) &#8212; Police in western China shot and killed five people in a group that was planning a ¡°holy war¡± against Han Chinese, the largest ethnic group in China, police told China¡¯s Xinhua news agency Wednesday.","the raid came after a two day raid thursday raided a planned police to carry out a country illegally thursday, police said thursday.",-0.12114691734313965,0.026101017370820045,-0.26333150267601013,1.854069748060684
신화통신은 경찰이 신장웨이우얼 자치구에 모여있던 일당 15명을 급습하는 과정에서 5명을 사살했다고 전했다.,"The five were among 15 who were cornered in a police raid in Xinjiang province, the agency said.","two men who have been injured in five hours, the witness reported.",0.2599982023239136,0.28135818243026733,0.23642583191394806,4.869426103311578
경찰은 언론과의 인터뷰에서 이날 모여있던 15명이 신장웨이우얼 자치구에 거주하는 수니파 이슬람 소수 민족인 위그르족 출신이라고 밝혔다.,"The 15 were Uygurs, a Sunni Muslim ethnic minority who live in an autonomous region in Xinjiang, police told Xinhua.","police interviewed the site to help himself up to the muslim government, said police interviews.",0.06615006178617477,0.12918029725551605,0.00171131850220263,2.1147443100385908
"신화통신은 경찰이 지난 5월, 미장원에 있던 한족 여성 1명을 흉기로 찌르고 중상을 입힌 혐의를 받고 있는 일당 중 3명을 공개수배 했었다고 전했다.","Police had been searching for three men in the group after they were suspected to have stabbed a Han woman and seriously wounded her at a beauty salon in May, the agency said.","the police raid in the april of the women s alleged may have handed a woman to win the allegedly woman, and a woman who allegedly took part in the street.",0.06137990206480026,0.01395009271800518,0.10660969465970993,3.308759645835986
"경찰 대변인은 8일, 이들이 살고 있는 아파트를 포위했을 당시 15명의 남자와 한 명의 여자가 흉기를 휘두르며 “알라를 위해 희생하라”고 외쳤다고 말했다.","When police surrounded the men¡¯s apartment Tuesday, they found 15 men and women wielding knives and shouting ¡°sacrifice for Allah,¡± a police spokesman told Xinhua.",the men were missing and a man who were killed when a police officer who were killed and were wounded when they were killed and a two men were missing when their men,-0.3328445553779602,-0.415716290473938,-0.25138482451438904,3.072311854373273
"이란은 이스라엘이 지중해 동부에서 전투기와 탱크 수십대를 동원, 군사훈련을 실시한지 한달 만에 이번 훈련을 실시했다.",The exercises come a month after Israel conducted a military drill in the eastern Mediterranean involving dozens of warplanes and aerial tanks.,iran s leaders of the two east east jerusalem has reportedly reached a nearly days of a possible plant in israel.,0.013306436128914356,-0.011450148187577724,0.035067878663539886,2.583127052981358
민주당 대선후보 경선에서 패배한 힐러리 클린턴 상원의원이 9일(현지시간) 버락 오바마 상원의원과 함께 대선 유세를 위한 민주당 모금 행사에 함께 참석했다.,"Barack Obama and Hillary Clinton team up again Wednesday in the Democratic bid for the White House, but not all of Clinton¡¯s supporters from her presidential campaign are jumping on the Obama bandwagon, despite her calls for unity.","sen. hillary clinton on thursday sharpened the democratic race on democratic rival sen. barack obama and the democratic contest, democratic rival sen. barack obama,",-0.036187801510095596,-0.04740413650870323,-0.028307853266596794,1.383719845477181
이날 클린턴은 자신의 지지자들에게 오바마 의원을 지지해 줄 것을 호소했으나 이들이 모두 오바마를 지지할지는 미지수다.,"But for some of Clinton¡¯s top supporters, it¡¯s going to take more than just encouragement from the former first lady to get them to open their wallets and hearts to the senator from Illinois.","clinton is expected to be obama to convince voters that they would ly be a very strong supporter of about, but no ones expect to sen.",0.014148375019431114,0.1460597813129425,-0.11412209272384644,1.570543223859731
그러나 골수 클린턴 지지자 일부를 제외하고 많은 사람들이 제공한 선거자금과 지지는 대다수 오바마 쪽으로 흘러가고 있다.,Some of Clinton¡¯s fundraisers are pressuring the Obama campaign to support her policy positions &#8212;,"but a few more than people are coming off the obama s, delegates needed to voters and increasingly more than a few years.",-0.0790676698088646,-2.0871191736659966e-05,-0.1590150147676468,1.982256626710344
미국 공화당의 대선후보인 존 매케인 상원의원과 조지 부시 미국 대통령은 많은 부분에서 공통적인 점을 가지고 있다.,"WASHINGTON (CNN) &#8212; John McCain and George Bush have a lot in common, but these two Republicans have also had some high profile differences, and McCain¡¯s presidential campaign is more than willing to point them out.",washington president george w bush has said he is going to make a different view.,-0.001728021539747715,0.11592673510313034,-0.11712733656167984,0.6010131904542444
"지구 온난화 문제에서부터 이라크 파견문제까지, 매케인은 지난 10년간 미국을 발전시킬 수 있는 정책과 관련 부시 대통령과는 항상 의견마찰을 빚었으며 때론 공화당 지도층들과의 의견차이도 보였다.","From climate change to his first calls for a surge of U.S. troops into Iraq, McCain has not always seen eye to eye with President Bush or, for that matter, other GOP leaders on issues of policy for the better part of the past decade.","last week, they are still unable to completely unacceptable, they are still unable to completely unacceptable, and prompted by the u",-0.24839328229427338,-0.2933141887187958,-0.20674021542072296,0.7667797945183696
공화당 체제에 대한 그의 공개적인 도전은 당의 의견만을 충실히 따르는 것이 아닌 ‘독자노선’의원이라는 자신만의 이미지를 강조하는데 도움이 되고 있다.,His open defiance of the Republican establishment has helped to bolster his image as a ¡°maverick¡± lawmaker willing to shun party loyalty and obedience for personal principle.,"the publicp offered his personally appealing, noting that s not going to the wrong, said yesterday it is not clear whether the party has not",-0.15040531754493713,-0.14479266107082367,-0.15973873436450958,1.9998178299954348
이번 미국 대선은 부동표 유권자들의 지지를 어느 후보가 가장 성공적으로 끌어들이느냐가 승패의 관건이 될 전망이다.,And seeing that this election is likely to be won by the candidate who,"the election, delegates to the frontrunner they have become a key campaign of the country s highest campaigns and highly agenda",0.07420215755701065,-0.02211744897067547,0.17123053967952728,2.273154356702287
이로 미뤄봤을 때 매케인은 남은 기간 동안 자신과 부시 대통령의 차이점을 더 많이 부각시켜야 할 것이다.,"successfully attracts the most support of uncommitted independents, expect to hear more about the McCain and Bush differences in the coming months.",they ll find that president bush and the bush administration continues to get more time.,0.0771542340517044,0.05948077514767647,0.09192801266908646,2.2180922745428244
맨처스터 유나이티드의 공격수인 크리스티아누 호날두가 7일(현지시간) 오른쪽 발목 수술을 받아 다음시즌 잉글랜드 프리미어리그 초반 경기에 뛸 수 없게 됐다.,Manchester United winger Cristiano Ronaldo had surgery Monday on his right ankle and looks set to miss the start of the new Premier League campaign.,"manchester united had come to aside by the acous season, the first climber to pull out of the first half of the season, she said.",0.008525329641997814,-0.002354553434997797,0.016211895272135735,3.5148478313698046
호날두는 지난달 열린 첼시와의 챔피언스리그 결승전이 끝난 후 3개월간 통증을 안고 경기에 출전했음을 시인했다.,The Portuguese star admitted after last month's European Championship finals that he had been playing in pain for the last three months.,two two months after the two finally champions league finals had been shot since two months after their champions league games had been shot.,0.030162503942847252,-0.035670988261699677,0.09454132616519928,4.1202784939919095
호날두는 6일 오후 네덜란드 암스테르담의 아카데믹 메디컬센터에 도착했다.,Ronaldo arrived at the hospital Sunday night.,"the only astronaut sun on the odahne, california, arrived at the end of january.",0.1434399038553238,-0.06438691914081573,0.3667311668395996,9.1478271122476
요한 코튼레이 아카데믹 메디컬센터 대변인은 수술이 성공적으로 이뤄졌다며 호날두는 8일쯤에 병원에서 퇴원할 수 있을 것이라고 밝혔다.,"He is expected to leave the Academic Medical Center on Tuesday, hospital spokesman Johan Kortenray said.","the operation is expected to be a good day to take a hospital, said los angeles spokesman richardyan said.",0.05764380097389221,0.05298134312033653,0.059242818504571915,9.84610795142858
맨유도 성명을 통해 “수술이 성공적이었다고 들었다”고 발표했다.,"""The initial indications are that the procedure was successful,"" United confirmed in a statement.","a statement from the statement said the operational operations were followed by about,.",0.21097013354301453,0.12572629749774933,0.2964705526828766,5.4109701071446015
맨유는 또 “호날두는 의료진의 보호 아래 회복기를 가질 것”이라며 “전문가들은 호날두가 한달 후에 건강한 모습으로 돌아온다고 말했다”고 전했다.,"""Cristiano will begin his convalescence under the direction of club medical staff and an estimation of his return to full fitness will be possible following review by the specialist in one month.",he said the group would be made after a hour flight to the six party after a string of medical experts calling him a very goodwill.,0.009971528314054012,0.007252916228026152,0.009468140080571175,1.7418572487959194
한편 호날두는 지난 시즌 42골을 넣으며 소속팀인 맨유를 프리미어리그와 챔피언스리그 챔피언으로 등극시켰다.,"Ronaldo scored 42 goals for United last season, inspiring them to triumphs in the Premier League title race and also the Champions League final against Chelsea.","when the champions league crews were beaten by the team and the season, at the box of the champions league season, and the season had reached a season.",-0.04895637184381485,-0.06323794275522232,-0.0380246601998806,3.156861810786021
호날두가 이끈 포르투갈은 유로 20088강 문턱에서 탈락했다.,"But at Euro 2008, Ronaldo's Portugal were ousted in the quarterfinals.",the portuguese have broken out in the portuguese royal squad.,0.05447275936603546,-0.009314564988017082,0.11676936596632004,6.916141792551136
호날두가 수술을 받은 가운데 그의 레알 마드리드 이적설이 계속 제기되고 있다.,The surgery comes amid speculation of a possible move to Spanish giants Real Madrid.,"the operationals of her injuries are just as shock, clara for her and sister, just over his.",0.0037548181135207415,-0.03836584836244583,0.04330470412969589,2.276859592073037
라몬 칼데론 레알 마드리드 회장은 맨유가 호날두를 팔겠다면 이적문제를 협의할 수 있지만 지금으로는 그럴 일이 일어날 가능성은 낮다고 말했다.,"Madrid president Ramon Calderon said Sunday he is ready to begin transfer talks, but is not confident about signing the winger even if Manchester United consents.","madrid, spain cnn adding to a united steelo add crude momentum just would likely be taken on the way to going, but it will become another et",-0.09974106401205063,-0.17968928813934326,-0.02076786570250988,3.060336737367801
뉴욕상업거래소(NYMEX)에서 8일(현지시간) 거래된 서부텍사스산 중질유(WTI)는 5.33달러 하락한 136.04달러에 거래를 마치며 2주 만에 최저치를 기록했다.,The price of light sweet crude for August delivery tumbled $5.33 to settle at $136.04 a barrel on the New York Mercantile Exchange.,"the new york mercan rose to yesterday, a barrel at the trading rate of yin rose. cents to settle at. a barrel on the new york",-0.06403744965791702,-0.004587063565850258,-0.125445157289505,12.405382419879084
유가는 전날에도 3.92달러 급락했다.,"It was the lowest level in nearly two weeks, and followed a drop of $3.92 Monday.",that s about a half hour.,-0.0111048249527812,0.027887096628546715,-0.052723322063684464,1.4064939156282434
아마디네자드는 8일 말레이시아에서 열리고 있는 이슬람개발도상 8개국 정상회의에서 미국과 이스라엘이 이란을 상대로 심리전을 펼치고 있지만 미래에 전쟁이 일어날 것이라고 생각하지 않는다고 말했다.,"At a summit of Muslim nations in Malaysia on Tuesday, Ahmadinejad said he believed the United States and Israel have been using propaganda and psychology against Iran, but that he did not see war in the future, the Associated Press reported.","ahmadinejad said thursday that the united states and arab states had been against the israelis against iran, and the israeli government has been trying to make a",0.12421730160713196,0.11119923740625381,0.1344371885061264,1.3251516973323718
달러화 상승세도 국제유가 하락에 한몫 했다.,A strengthening dollar also helped pull down oil prices.,oil prices fell amid a record of about. trillion dollars.,0.33000725507736206,0.2648635506629944,0.3945625424385071,7.495553473355842
앨러론트레이딩의 애널리스트인 필 플린은 “투자자들은 경제 위기 상황에서 원유시장에 눈을 돌렸다”고 분석했다.,"""People have been using oil as a hedge against systemic risk in the economy,"" said Phil Flynn, senior market analyst with Alaron Trading in Chicago.","the credit, iroe mcewery then their way at the economic crisis, said lags coming off their in their struggles after their",-0.1674937754869461,-0.17855304479599,-0.16019999980926514,1.816230541030891
니콜라 사르코지 프랑스 대통령이 다음달 열리는 베이징 올림픽 개막식에 참석할 것이라고 9일(현지시간) 엘리제궁 관리가 전했다.,"French President Nicolas Sarkozy will attend the opening of the Beijing Olympics next month, his office said Wednesday, putting an end to his threat to boycott the event over China's treatment of Tibet.","paris, france cnn a french president will deal with president bush on sunday to send a new turn, he said.",0.09356143325567245,0.09517652541399002,0.08899988234043121,1.4644416536135567
사르코지는 이날 일본 G8(주요 8개국) 정상회담과 별도로 이뤄진 후진타오 중국 주석과의 회담에서 이 같은 뜻을 전달했다.,"""The chief of state stressed the Olympic values of peace, friendship and brotherhood, and wished great success to the Beijing Olympic Games,"" the statement said, adding that Sarkozy ""confirmed his intention"" to attend the August 8 ceremony.","sarkozy, a major chinese leaders of the japanese leaders, was in tokyo to meet with china s officials over the beijing s talks in beijing.",-0.05863972008228302,-0.10885670781135559,-0.010889404453337193,1.142040271688424
사르코지는 중국이 지난 3월 티베트 소요사태를 강경 진압한 후 올림픽 개막식 불참 가능성을 내비쳤다.,China's violent crackdown on Tibet after riots and protests there in March.,"sarkozy, a chinese official who had a tough visit to china in august, and cecilia, a august official xinhua.",0.05808242782950401,-0.07494916021823883,0.19534923136234283,2.1671320168371846
티베트의 정신적인 지도자인 달라이라마는 오는 8월 프랑스를 방문한다.,The Dalai Lama is expected to visit France in August.,"the tibetan spiritual leader of tibet s buddhist spiritual leader, a regional official in the spiritual leader aung protest.",-0.022760583087801933,-0.17959165573120117,0.14119333028793335,2.159701133933343
"사르코지는 과거, 중국의 반대에도 불구하고 달라이라마를 만날 의향이 있다고 말했다.","The French president has said in the past that it is ""possible"" he might meet with the visiting Tibetan leader, though China disapproves of such contacts.","sarkozy s past chinese officials say, communist china are turning to the dalai lama.",-0.017028409987688065,-0.10119945555925369,0.0666908398270607,1.4417556939290288
엘리제궁은 9일 발표한 성명에서 달라이라마뿐만아니라 중국 정부와 티베트 지도자와의 대화에 대해서 도 언급하지 않았다.,Wednesday's statement made no mention of the Dalai Lama or the talks between his envoys and the Chinese.,"cnn two teenagers, we are not only the official said it would not consider the only leadership of chinese leaders friday, the chinese official said.",0.07786408811807632,0.011440950445830822,0.14300687611103058,1.996819088094332
사르코지는 올림픽 개막식 참석 여부를 놓고 EU 회원국 지도자들과 협의한 것으로 알려졌다.,"It said Sarkozy consulted his European Union partners about his decision to attend the ceremony, and he will represent both France and the 27-nation EU there.","sarkozy s official will be added to a very much longer, with the opposition leaders, the group said.",0.13694843649864197,0.1011771708726883,0.17037983238697052,1.924351757652534
순번에따라 프랑스가 현재 EU(유럽연합) 의장국이다.,France currently holds the rotating EU presidency.,"the european union is coming to europe as the european union address, european union nations.",-0.01090281642973423,-0.10442069172859192,0.08287762105464935,2.719665272174911
볼리비아 남부 안데스 산맥에서 농부들을 태운 트럭이 200m 아래의 계곡으로 추락해 최소 46명이 사망했다고 8일(현지시간) 현지경찰이 밝혔다.,Police say at least 46 people were killed when a truck carrying farmers plunged 650 feet (200 meters) into a ravine in Bolivia's southern Andes.,"at least people were killed and the people were killed and in southern south africa on thursday, alongside the city s eastern coast, a local residents liv",-0.042387206107378006,-0.031820785254240036,-0.05628391355276108,6.773638670879234
훌리오 셉셀 경감은 사고 당시 트럭에는 60여명이 탑승하고 있었으며 사고가 일어난 지점은 포토시에서 50km 떨어진 지점이라고 전했다.,Julio Sepcel says about 60 people were aboard the truck when it went off a cliff Tuesday about 30 miles (50 kilometers) from the city of Potosi.,"the truck driver, the truck driver, was in the port city of about, kilometers miles, and they were still waiting at about miles kilometers north",0.023887168616056442,0.10091221332550049,-0.053890615701675415,4.421158095332861
셉셀은 이번 사고로 11명이 부상했으며 46명의 사망자 중 5명이 아이라고 말했다.,Sepcel says that 11 people were injured. The 46 dead included five children.,it was one of the three men who died in a critically critical of.,0.08447951823472977,0.0749732106924057,0.09103096276521683,2.627961710408444
경찰은 사고의 구체적인 원인을 밝히지 않았으나 목격자들은 버스가 사고 직전 과속 운전을 했다고 주장했다.,"Police declined to give a cause for the crash, but witnesses told local media the truck was speeding before the crash.","police said they were not authorized to see how many people were killed when the accident occurred, but said, no casualties were involved.",0.32029953598976135,0.2713661789894104,0.36790305376052856,3.632928877985223
"독일 베를린에서 8일(현지시간) 400여대의 택시가 고유가에 항의하는 시위에 참석, 베를린 시내 교통이 마비되는 사태가 발생했다.","BERLIN, Germany (CNN) Nearly 400 Berlin taxis brought city traffic to a halt Tuesday as they drove through the city in a protest over high fuel prices.","germany s high oil prices are forcing their own in the protests, urging supporters to attend a group of germans across the city of about, city",0.05177636817097664,0.014838002622127533,0.08613506704568863,3.494602561784653
택시 회사들은 휘발유 가격이 오르며 택시 한 대당 314달러(약 32만원)에서 393달러(약 40만원)의 유류비가 들고 있다고 밝혔다.,Taxi firms say higher prices are costing them between $314 and $393 per taxi a month.,"the city s truck driver, whose prices are still unpy, said gasoline prices are also costing.",0.15932196378707886,0.21781954169273376,0.09946800023317337,4.814971807094068
지방정부의 관리를 받고 있는 택시회사는 기본요금을 현재 15.70달러(약 1만6000원)에서 0.79달러(약 800) 올려줄 것을 요구했으며 기본요금 이상 운행한 것에 대해서는 1.57달러(약 1600원)씩을 더 받게 해 달라고 주장했다.,"The firms, which are subject to regional government regulation, want to be able to charge more per fare an extra $.79 for journeys costing less than $15.70, and an extra $1.57 for journeys costing more.",it is more more than expected in more than...............,-0.14813096821308136,-0.1521018147468567,-0.14789533615112305,1.0659474117933014
"경찰은 이날 모두 380대의 택시가 시위에 참여했으며 약 2시간 동안 베를린 올림픽 경기장을 출발, 베를린 시청까지 가두행진을 벌였다.","Police said 380 taxis took part in Tuesday's protest, which began at Berlin's Olympic stadium and finished more than two hours later at the city hall.","they had a four hours after the game was waiting to the game, and the second time to take the game into the match, and the second half hours to stay",0.02139985002577305,-0.03470596298575401,0.07554208487272263,1.5883027492953543
당국이 택시회사의 시위로 주요 도로를 봉쇄하며 출근길 시민들이 불편을 겪었다.,"Authorities closed main roads through the city to allow the beige Mercedes taxis to pass through, snarling traffic for commuters.","authorities had stopped protests by the main opposition protesters, and the honk had demonstrators protested.",0.15123136341571808,0.20475028455257416,0.09611539542675018,2.5483952489823305
미국의 억만 장자인 석유재벌 T. 분 피킨스가 풍력과 같은 재생 에너지 분야에 자신의 영향력을 확대해 나가고 있다.,(CNN) Billionaire oilman T. Boone Pickens is putting his clout behind renewable energy sources like wind power.,"the american, american company, is expected to replace the energy presence of the energy conservation, which is expected in the aftermath of the energy,",-0.03721797466278076,-0.03894741088151932,-0.038864050060510635,1.5880117714047368
전설적인 사업가이자 자선가인 그는 8일(현지시간) 새로운 에너지 계획을 발표하며 사용량의 1/3이상을 해외에 의존하고 있는 미국의 석유 의존도를 낮추기 위해 천연 자원을 이용한 에너지 생산을 지원할 것이라고 밝혔다.,The legendary entrepreneur and philanthropist on Tuesday unveiled a new energy plan he says will decrease the United States' dependency on foreign oil by more than one-third and help shift American energy production toward renewable natural resources.,"cyps, who is said the new plan would be better than new products.",0.11702904850244522,0.19414594769477844,0.039414796978235245,0.8480927072585496
이른바 ‘피킨스 플랜(Pickens Plan)'은 풍력 등 재생 에너지 개발 투자와 운송연료를 휘발유에서 천연가스로 교체하는 작업 등을 포함한다.,"""The Pickens Plan"" calls for investing in domestic renewable resources such as wind, and switching from oil to natural gas as a transportation fuel.","when the energy is a rising gas price of energy, a regional energy department spent, energy energy energy de energy, to help energy",-0.07461358606815338,-0.1125650554895401,-0.0396164208650589,1.891688518406894
피킨스는 기자회견에서 자신의 계획에 대해 요약설명하며 “이 같은 자신의 계획은 미국의 석유수입 의존도가 위험한 수준이라는 점에서 추진력을 얻게 됐다”고 밝혔다.,"In a news conference outlining his proposal, Pickens said his impetus for the plan is the country's dangerous reliance on foreign oil.","journalists, hicks and planning to plan to change the rules of the united states, she said.",0.15484915673732758,0.15138299763202667,0.15556585788726807,2.435320053919922
그는 “미국에서 사용되는 석유 대부분이 수입에 의존하고 있어 경제를 악화시키고 있다”며 “이는 미국이 직면한 가장 큰 문제다”라고 지적했다.,"""Our dependence on imported oil is killing our economy. It is the single biggest problem facing America today,"" he said.",using fuel most oil most of these people are working hard to economic that such as the us economy is being used as a hero of the nation s economy.,0.15207260847091675,0.09115651994943619,0.21165062487125397,3.016200863100729
그는 풍력 발전기 설립 사업에 개인 투자가들의 투자를 제안했다.,"Pickens said Tuesday that if the United States takes advantage of the so-called ""wind corridor,"" stretching from the Canadian border to West Texas, energy from wind turbines built there could supply 20 percent or more of the nation's power.",he added that the two countries created in.,0.0042774975299835205,0.1575152426958084,-0.14304684102535248,0.1284301199868917
팝의 디바 마돈나가 다음달 시작하는 월드투어 콘서트에서 브리트니 스피어스의 영상을 선보인다.,NEW YORK (CNN) Madonna has recruited Britney Spears for a virtual appearance on her upcoming tour.,"on monday, the pope struck at a opening concert, said pope john paul ii s sun, opening a british pop who s host of the resort set to",-0.1727166771888733,-0.23539556562900543,-0.11226928234100342,1.4262733286728255
마돈나의 홍보담당인 리즈 로젠버그는 8일(현지시간) 이메일을 통해 “마돈나가 다음달 시작할 ‘스티키 앤 스윗’ 투어에서 쓰일 영상을 이번 주 스피어스와 함께 촬영한다”고 밝혔다.,"""There is footage being shot of Britney some time this week in conjunction with Madonna's upcoming (Sticky & Sweet) tour,"" Madonna's publicist, Liz Rosenberg, said in an e-mail Tuesday to The Associated Press.","the new york times, published friday, the idea of, to,, will be reunited with the start of the day, to start their",-0.12149583548307419,-0.10078804939985275,-0.1456424742937088,1.313703349819519
로젠버그는 “그러나 스피어스가 뮤직비디오에 출연한다는 것은 사실무근이다”며 “그 외의 것은 대외비로 말할 수 없다”고 덧붙였다.,"Rosenberg denied reports that Spears, 26, is shooting a music video.","but two of the remaining sesid arthur said the us appears to be handed over to two, people in new haven, tend said",-0.019341621547937393,-0.07743106037378311,0.03675125539302826,1.7911710595643588
"마돈나는 지난 2003년, 스피어스의 싱글 앨범 뮤직비디오에 잠시 출연한 적이 있었다.","Madonna guest starred in a music video for Spears' single ""Me Against the Music"" in 2003.","or or her husband, the associated press reported, a year old boy and two.",-0.06186550110578537,-0.07796734571456909,-0.049135852605104446,2.675745489641754
두 사람은 당시 MTV 비디오 뮤직 어워드에서 강도 높은 키스신을 연출해 화제가 되기도 했었다.,The singers stirred up controversy that year with an open-mouth kiss at the MTV Video Music Awards.,"the pair were surprised to a residential development of birds in the caribbean, where a memory of the degree and injured others.",0.006465689279139042,0.001985239563509822,0.0077157896012067795,1.8709718017288024
"올해 49세인 마돈나는 다음달 23일, 영국 웨일즈의 항구도시 카디프를 시작으로 런던과 파리를 거쳐 10월 미국에서 공연할 예정이다.","Madonna, 49, will kick off her tour August 23 in Cardiff, Wales, and wind through European destinations including London and Paris before jumping to the U.S. in October.","the march was announced tuesday, but liverpool launch also planned to take a new round of london s life to london london, england said tuesday.",-0.011441388167440891,-0.06491931527853012,0.039854831993579865,1.5005642030821893
투어는 11월 30일 멕시코 시티에서 대장정의 막을 내린다.,She'll wrap it up November 30 in Mexico City.,"they will be a factor in the wall s walls, scheduled to set up a december scheduled by december",0.05360575020313263,-0.08839727938175201,0.20089811086654663,2.276859592073037
성인에게 어린이들이 좋아할 아동 도서에 대해 질문하면 화려한 그림이 그려져 있거나 머리를 좋게 하거나 교훈을 주는 이야기가 담긴 책이라고 답할 것이다.,"(CNN) Ask an adult what makes a children's book appealing, and she might talk about the colorful artwork, the clever storytelling or the lessons imparted.","when asked how it should be able to read the sexuality of your child s children, or do you or, or, or, or, told the associate",-0.11998501420021057,-0.17813774943351746,-0.06413305550813675,1.7934437633383675
"그러나 어린이에게 어린이들이 좋아하는 아동 도서에 대해 질문하면 ""신기하고 행복한 이야기가 담긴 책”이라고 답할 것이다.","Ask a child what makes a children's book appealing, and she might say, ""It is weird and happy!",but said it would say you re discussing yourself to do your happiness.,0.019082047045230865,0.05170254036784172,-0.01626141555607319,1.6037083902133962
확실히 어린이와 성인은 좋은 아동 도서에 대해 의견이 다르다.,"Obviously, children and adults have different ideas about what makes a good children's book.","so, adult children, who is, children and teens are too longer.",0.17346502840518951,0.13353070616722107,0.21129760146141052,9.833906145930948
자신들이 읽은 아동 도서를 여러번 읽어보라고 권하는 어린이들이 아동도서의 가장 대단한 후원자가 될 수 있다.,"Children can be the biggest boosters of children's books, asking to read them (or have them read) dozens of times.","they are still alive, where they could see a key number of keys, and they may be still still be trapped on a number of walls",0.018133101984858513,-0.019410207867622375,0.053007010370492935,1.8884748972625875
어린이들이 책 대신 장난감을 가지고 놀거나 자기들 마음대로 책을 크레파스로 색칠하고 찢으며 갖고 노는 장난감으로 만들어버리는 등은 맘에 안 드는 책에 대해 무자비한 방법으로 비판을 한다.,"Or they can be the cruelest critics, dismissing them to go play with toys or turning the book into a crayon-covered, ripped-page toy in its own right.","and with the associated press, the associated press is not a book of big,, to,, or, to,, or, to",-0.08915220946073532,-0.15139290690422058,-0.028914136812090874,2.153455052131091
최근 어린이들이 고른 어린이가 좋아하는 책을 소개했다.,"So, as CNN.com has done in the past, we decided to ask some children what they think of some recent children's book releases.","nearly, children are healthy and their children, saying children s health care has.",0.049844928085803986,0.008046728558838367,0.08920716494321823,1.7274520003385851
수잔 E. 굿맨과 엘리우드 스미스의 선거 과정 입문서 ‘선거 유세 방법(원제:,"Among the books they review: ""See How They Run,"" a primer on the electoral process by Susan E. Goodman and Elwood H. Smith;","and while their campaign is still in their, to,, according to the associated press.",-0.08125373721122742,-0.11715884506702423,-0.04838418588042259,1.5593987533296287
"How They Run)’, 시인 니키 지오바니의 시민 운동가 로자 파크의 위인전 ‘로자(원제:","""Rosa,"" a biography of civil rights pioneer Rosa Parks by poet Nikki Giovanni;","dubai, a city of, square, a year old man, told a reporter afterward, a third party, a year old man, told a",-0.24951069056987762,-0.3381829857826233,-0.1615862399339676,1.6934096677198087
"Rosa)’, 팰크 감무소와 제이 린치의 세상이 오렌지색으로 바뀌는 환상 동화 ‘오토의 오렌지날(원제:","""Otto's Orange Day,"" a fanciful tale of a world turned orange by Frank Cammuso and Jay Lynch;","venus williams, the world s top score and charges of, the prize is once a second win over the weekend.",-0.14503301680088043,-0.15914495289325714,-0.1345853954553604,2.4623373672221804
유럽연합(EU) 농업담당 집행위원이 독일의 낙농업자들에게 자신에게 우유를 우편으로 보내는 것을 중단해 달라고 간곡히 요청했다.,"BRUSSELS, Belgium (CNN) The EU's top farm official is begging German farmers to stop mailing her milk.","european union eu member european union eu member european union member states told reporters on the european union s party chief of staff, to help the breaking up to his proposal to combat their",-0.28459274768829346,-0.36804330348968506,-0.20238056778907776,1.2557690800697192
마이클 만 마리안 피셔 보엘 EU농업담당 집행위원 측 대변인은 8일(현지시간) 독일 농민들이 마리안 피셔 보엘 EU농업담당 집행위원에게 EU의 우유 가격을 하락을 부추기는 우유 쿼터제를 강화하는 것에 불만을 품고 1만 리터의 우유를 우편으로 계속 보내고 있다고 밝혔다.,"Farmers have bombarded Agriculture Commissioner Mariann Fischer Boel with some 10,000 liters of milk to show their anger over an EU proposal to increase milk quotas that may cause prices to fall, her spokesman Michael Mann said Tuesday.","members of a two multi cultural members of germany s those whose germany is down and demanded a shortfall for germany s ministers tuesday, and ceo",-0.18692968785762787,-0.20283932983875275,-0.17480209469795227,1.0197310988852448
만 대변인은 피셔 보엘 위원 앞으로 규칙적으로 보내진 대부분 우유는 배달 중에 상했고 일부는 우유곽이 열려 있었다고 말했다.,"Most of the milk sent by regular mail and addressed to Fischer Boel had spoiled in transit, and some of the cartons had burst open, he said.","a mantras of, people were believed to have been around, but some of some places with something about a. m. et,",-0.04807911813259125,-0.018250972032546997,-0.0809137374162674,3.388241589628944
대변인은 “안타깝게도 받은 우유를 버릴 수 밖에 없었다”며 “우유를 보내는 사람들의 관심사에 대해 인식하고 있으나 이 같은 방법은 옮은 방법이 아니다”라고 전했다.,"""We are conscious of their concerns, but we don't think it's a good idea and they should send it to a good cause.","i was deeply concerned that the company was going to get people to get people to get anything to go, i was deeply concerned about their s",0.08954562991857529,0.013655773364007473,0.16473722457885742,1.7574239156849023
피셔 보엘 의원은 7일 자신의 블로그를 통해 낙농업자들에게 우유를 보내는 것을 중단해달라고 부탁하며 그들과의 대화에 흔쾌히 응하겠다는 메시지를 전달했다.,"Fischer Boel pleaded with farmers in a message on her blog Monday to stop sending milk, saying she was happy to talk to them directly to find a solution to their grievances.","while israel was filling thursday to discuss their jobs, he said, adding that he and his colleagues had been considered about to resolve their",0.09954788535833359,0.08076903969049454,0.11551399528980255,1.5880176593692206
피셔 보엘 의원은 “여러분이 계속 우유를 보내고 싶다면 여러분이 살고 있는 현 지역에 옳은 목적으로 우유를 사용할 것을 제안한다”고 밝혔다.,"""If you would like to keep on sending milk, I can suggest that it would be better put to a good use in your local area,"" she said.","while they are now in use of southern italy for their homes, but if you are going to have used areas for a faster in their homes",-0.0021977268625050783,-0.04213327541947365,0.035076722502708435,1.7481610714322766
미국에 사는 파키스탄 남성이 중매결혼 후 이혼을 원했던 25세의 친딸을 살해한 혐의로 기소됐다고 현지 경찰이 밝혔다.,"ATLANTA, Georgia (CNN) &#8212; A Pakistani man is charged with killing his 25-year-old daughter because she wanted out of an arranged marriage, police said.","cnn the police accused of pakistan for years to,, was charged with killing of her year old daughter, police said.",0.0855792686343193,0.1586935818195343,0.011649558320641518,10.266478862246512
"미국 아틀란타 근교 존즈보로에 거주하고 있는 올해 54세인 초드리 라시드는 8일, 친딸인 산딜라 칸왈을 살해한 혐의로 재판을 받았다.","Chaudhry Rashid, 54, of Jonesboro, an Atlanta suburb, appeared in court Tuesday afternoon to face murder charges in the death of Sandeela Kanwal.","the year old, who is, said the year old prince, who was, told cnn he was arrested, said john edwards, told cnn",-0.15134085714817047,-0.2406727820634842,-0.06244508549571037,1.996819088094332
경찰은 라시드의 아내가 경찰 진술에서 딸이 결혼생활에 대한 의욕도 없었고 혼인을 지속할 의사도 없었음을 밝혔다고 전했다.,"¡°The victim was not interested in marrying, nor remaining married to her husband,¡± the police report said, citing information authorities received from Rashid¡¯s wife.","a cnn police department said there was no proof of a prisoner swap, not a peace, police said.",0.0021090833470225334,0.13567300140857697,-0.12766902148723602,2.0182044084122035
라시드의 아내는 “이혼 문제로 부녀간에 많은 불화가 있었다”며 “둘은 서로 2달간 말도 섞지 않았다”고 말했다.,"¡°This was causing a great deal of friction between the victim and her father,¡± so much so that the two had not spoken in two months, the report said.","we are going to have a lot of power to a younger situation, said arnold schwarzenegger said.",-0.06357374787330627,-0.07553602755069733,-0.05503102019429207,2.4367714150783466
로마 교황청은 8일(현지시간) 영국 성공회가 여성 주교 임명을 허락하기로 한 결정에 유감을 표했다.,"ROME, Italy (CNN) &#8212; The Vatican said Tuesday it regrets the decision by the Church of England¡¯s governing body to allow the ordination of women as bishops.","rome, italy cnn the vatican announced thursday on a woman in their england, a statement from the british news agency said monday.",-0.022636976093053818,0.03389304503798485,-0.08114224672317505,1.5713612974779376
로마 교황청은 성명에서 “이번 결정으로 영국 성공회는 남성만을 주교로서 서위(敍位)하는 로마의 전통과 다른 길을 걷기 시작했다”며 “성공회와 천주교간의 조화에 또 다른 장애물이 생겼다”라고 전했다.,"The move by the Anglican Church¡¯s General Synod ¡°is a rift to the apostolic tradition¡± of ordaining only men as bishops, the Vatican said in a statement, adding that it is another obstacle to reconciliation between Anglicans and Roman Catholics.","the church in a statement that the uk s superst is a superity decision, he said.",0.011608080938458443,0.1310127228498459,-0.10535609722137451,2.7585332545933743
영국성공회 총회는 7일 오후 예수가 남성만이 주교가 되길 바란다고 주장하는 보수파들의 반대에도 불구하고 여성 주교 임명에 대한 안이 통과됐다.,"The General Synod passed a resolution Monday night allowing women to become bishops, despite objections of traditionalists who argued that Jesus only wanted men in leadership positions.","the church of england, a church service members, was also claiming monday and that they were on the right to the union saturday, despite a spate of right",-0.010523520410060883,-0.03263865411281586,0.008472406305372715,3.156861810786021
일부 보수파들은 여성이 주교가 될 경우 영국 성공회를 탈퇴하고 천주교로 개종하겠다고 위협하기도 했다.,Some traditionalists have threatened to abandon the Anglican Church for the Roman Catholic Church if women become bishops.,"several women were among the dead, britain said as a woman told a news conference in the church, despite britain s tourism organization.",0.015025275759398937,-0.05646577104926109,0.08533529192209244,2.042946039568498
페루 남부에서 8일 오전(현지시간) 리히터 규모 6.2의 강진이 발생했다고 미국 지질관측소(USGS)가 밝혔다.,"(CNN) &#8212; A strong earthquake hit southern Peru early Tuesday, the U.S. Geological Survey said.","a south korean military official said monday it was also detained, south koreans covered by u. s. officials said tuesday.",-0.017418300732970238,0.046670813113451004,-0.08309976011514664,2.2566106884746566
진도 6.0의 지진의 진앙은 볼리비아와 칠레 국경에서 241km떨어진 리마 남부 721km 지점이었다.,"The magnitude 6.0 quake was centered about 448 miles (721 km) southeast of the capital, Lima, and roughly 150 miles from the borders of Bolivia and Chile.","the magnitude. earthquake shook hands and was border. miles of the earthquake, as well as chile, was killed, miles southeast of. miles.",-0.04198106750845909,0.026880325749516487,-0.11224806308746338,4.4062642568244055
56km밖에 있는 페루의 2번째로 인구가 많은 남부 도시이며 1백만명의 주민들이 아레키파까지 지진의 진동이 감지됐다.,"The quake struck about 35 miles from Arequipa, the capital of the Arequipa region and the country¡¯s second most populous city, with nearly 1 million residents.","south of cities around the world was destroyed by the end of, said south east of south carolina, where a dozen cities of east asia s, collapse",-0.19831986725330353,-0.18828114867210388,-0.21219712495803833,1.8564670505078416
미국 식품의약국 FDA는 8일(현지시간) 플로로퀴놀론 계열의 항생제를 생산하는 제약사들에 건염 및 건파열 부작용에 대해 블랙박스 경고문을 삽입하도록 지시했다.,(CNN) &#8212; The U.S. Food and Drug Administration Tuesday ordered the makers of fluoroquinolone drugs &#8212; a class of antibiotics &#8212;,"the drug fda, the food and drug administration of the u. s. federal reserve said monday it is considering the major health care system costs, which will",-0.17488862574100494,0.0712694600224495,-0.4014233946800232,1.5763395261622204
향후 경고문은 설명서에 주의사항을 적어놓은 작은 검정색 글 상자 안에 들어가게 된다.,to add a boxed warning to the drugs¡¯ prescription information cautioning patients that the drugs can cause tendon rupture and tendinitis.,"the only detailed higher details about the incidents, a search engineing group, was a good night on the ice.",0.015876395627856255,0.06317850947380066,-0.033676326274871826,2.442663322105964
"플로로퀴놀론 계열의 의약품으로는 ‘시프로(Cipro)’, ‘레바퀸(Levaquin)’, ‘아베록스(Avelox), ‘노록신(Noroxin), ‘프록신(Floxin)’등이 있다.","Fluoroquinolone drugs include Cipro, Levaquin, Avelox, Noroxin and Floxin.","it isn t a superreent, obernyne, a former art and nineboe, also known as they s th super.",-0.31158632040023804,-0.21820087730884552,-0.4054388701915741,2.5828020030551087
미국에서 8일(현지시간) 발표된 여론조사 결과에따르면 10대들이 이성교제를 하며 다양한 형태로 이뤄지고 있는 중대한 학대를 참고 있는 것으로 드러났다.,Teenagers and ¡®tweens endure significant levels of different types of abuse in dating relationships &#8212;,"a new poll released thursday that a majority of their teens are likely to have masters about the growing of their own independence, and the remain",-0.1518116146326065,-0.05517175793647766,-0.2482915073633194,1.8264728862681343
특히 성숙한 심대들은 성적으로 어린 나이에도 불구하고 성행위를 하고 있었으며 대부분 부모들이 이성교제를 하면서 학대의 위험에 노출된다는 사실을 알지 못하고 있었다.,particularly among those who become sexually active at a young age &#8212;,"they are particularly among many sexually sensitive, and the parents were among the most extremely rare and taking part in parts of the end.",0.007989229634404182,0.08990000933408737,-0.07441122829914093,3.197383344450448
이는 1/3이상의 학생들이 신체적인 학대를 받았다는 것을 증명한다.,"The survey, conducted by Teenage Research Unlimited, found that 69 percent of teens who had sex by age 14 reported that they had experienced some type of abuse in a relationship, with slightly more than one-third saying they had been physically abused.",it was the golden path to make a change.,0.05369827523827553,0.2333926260471344,-0.11678033322095871,0.136346733053917
질문에 응답한 청소년들 중 약 10%가 만 14세 때 첫 성경험을 했으며 20%가 15세와 16세 사이에 성경험을 했다고 응답했다.,"About 10 percent of the teenagers surveyed said they had had sex by age 14, while 20 percent said they had sex between the ages of 15 and 16.","customs say they have been sexually assaulted over the weekend, and they reportedly have been sexually assaulted.",0.18699078261852264,0.2527059018611908,0.12034622579813004,1.68481730610099
또한 만 13세와 14세 청소년들은 5명 중 1명 꼴로 자신들의 친구가 이성친구로부터 맞은 적이 있다고 대답했다.,One in five 13 or 14-year-olds in relationships say they know friends and peers who have been ¡°struck in anger¡± by a boyfriend or girlfriend.,"the year old man accused of, who has been s father of big friends.",-0.021465538069605827,0.09547827392816544,-0.13625922799110413,1.6337232342759678
러시아 외무부가 8일(현지시간) 미국이 러시아 국경 인근 구 소련 연방에 속해있던 국가들의 영토에 전략적 미사일 방어체계(MD) 구축을 예정대로 진행할 경우 군사적인 대응을 할 방침이라고 밝혔다.,"MOSCOW, Russia (CNN) &#8212; Russia¡¯s Foreign Ministry Tuesday threatened a ¡°military-technological¡± response if the United States deploys a strategic missile defense system in former Soviet-bloc nations near Russia¡¯s borders.",russia and russia s controversial foreign minister will also appeal on the soviet side of the united states on western powers to counter terrorism threats against the united states on the western coast of defense,-0.2515438497066498,-0.090386763215065,-0.40612155199050903,1.2203976754616772
"이날 오전, 콘돌리자 라이스 미 국무부 장관은 체코와 MD 체제 구축을 위한 레이더 기지 건설에 대한 협정에 최종 서명했다.","Earlier in the day, U.S. Secretary of State Condoleezza Rice signed a deal with Prague to place radars for the planned system inside the borders of the Czech Republic.","undersecretary, u. s. secretary of state condoleezza rice and the u. s. secretary of state condoleezza rice and the u",0.12967754900455475,0.13102969527244568,0.12549680471420288,1.7672827887531397
미국은 또 MD 체제의 일부로 폴란드에 패트리어트 미사일 기지를 설립하려고 하고 있으며 이에 대한 협상안을 모색하고 있다.,The United States is also seeking a deal with Warsaw to place interceptor missiles in Poland as part of the system.,"the united states is one of the fast moving behind a deal based on their own nuclear program, and the move is set to deliver a deal on the road, and",0.14011913537979126,0.07401631772518158,0.20510990917682648,3.5154918713109624
그러나 러시아는 이곳에 설치할 미사일들이 러시아 본토를 위협할 수 있다며 미군의 MD 체제 구축을 적극적으로 반대해 왔다.,"Russia vigorously opposes the system, saying the missiles would be a threat to its own security.","russia has russia s generals of its nuclear missile capability, which russia on its missile capabilities in a cargo that forces might not deal with their coalition, the kre",-0.07075564563274384,-0.2369803488254547,0.1039019301533699,1.6961343903963388
외교부는 성명에서 “미국의 전략적 무기들이 러시아 영토와 근접해 러시아의 방어체제를 위협할 가능성이 있다는 것은 의심할 여지가 없다”며 “이 같은 상황 속에서 러시아는 안보에 대한 위협을 느끼고 이에 대응하기 위해 적절한 조치를 반드시 취해야 할 상황이다”라고 전했다.,"¡°There is no doubt that the approachment of elements of the U.S. strategic arsenal to the Russian territory could be used to weaken the potential of our deterrent,¡± the ministry said in a written statement. ¡°It is clear that in this situation the Russian side would have to resort to adequate measures to compensate for the threats to its national security. But this would not be our choice. ¡±","the u. s. statement said the united states should not allow the russians to deal with the united states, which is in discussions with the united states, which foreign",-0.0720895379781723,-0.028581151738762856,-0.11825571209192276,0.5726522738566145
선진 8개국(G8) 확대 정상회담에 참석한 각국 정상들은 8일(현지시간) 이란 핵 프로그램 문제와 짐바브웨의 정정불안에 대해 우려를 나타냈다.,"TOYAKO, Japan (CNN) &#8212; The leaders of the Group of Eight nations expressed ¡°serious concern¡± Tuesday about Iran¡¯s nuclear program, and urged the Mideast nation to obey United Nations resolutions on the issue.","to create the nuclear crisis, the leaders of the major industrial complex in kaesong are now discussing about billions of sanctions, and tehran cooperate and saw",-0.16306228935718536,-0.01094181090593338,-0.309611052274704,4.890154883042999
선진 8개국 정상들은 이번 정상회담에서 논의한 안건들에 대한 보고서에서 이란의 핵 프로그램과 국제협약 위반이 핵 무기 확산을 막고자 하는 국제적 결의를 위협하고 있는 것에 우려를 표했다.,"¡°We express our serious concern at the proliferation risks posed by Iran¡¯s nuclear program and Iran¡¯s continued failure to meet its international obligations,¡± the G8 nations said in a report on issues discussed at their summit in Japan.","nationwide from the international atomic power and nuclear programs and activities, the program is not expected to help develop the deal, which which help developed address enough",-0.13320492208003998,-0.008280202746391296,-0.25544488430023193,1.430692025418934
현재 이란은 자신들의 핵 프로그램이 평화적인 목적으로만 사용되고 있다고 주장하고 있으나 일부 다른 국가들은 이들의 주장을 납득하지 못하고 있다.,"Although Iran repeatedly argues that it nuclear program has peaceful goals, some other countries remain unconvinced. The Bush administration and other members of the U.N. Security Council &#8212;","iran has repeatedly said they would consider peacefully, but others say they re technically peaceful, the others want to see is peacefully make, peaceful and",-0.09229888021945953,-0.05167636275291443,-0.1357431411743164,1.570543223859731
"부시 미 행정부와 영국, 프랑스, 중국, 러시아, 독일 등 유엔안전보장이사회 주요 회원국들은 이란에 우라늄 농축 프로그램을 중단할 경우 정치적, 경제적인 인센티브를 제공할 수 있다는 제안을 이란에 제시했었다.","Britain, France, China and Russia, along with Germany &#8212; have offered Iran a set of political and economic incentives in exchange for suspending its uranium enrichment program. The council has also imposed sanctions on Iran.","the nation s top immigration official will not visit with the nation, officials said, officials would not visit with the program posed by the ban on the nation.",-0.15688514709472656,-0.11656773090362549,-0.20023062825202942,1.2745858173323723
"연합통신은 8일 북핵 6자 회담 한국측 수석대표의 말을 인용, 6자 회담이 이번 주 중국 베이징에서 재개될 것이라고 보도했다.","SEOUL, South Korea (CNN) &#8212; Six-nation talks on North Korea¡¯s nuclear program will resume this week in Beijing, South Korea¡¯s chief nuclear envoy said Tuesday, according to the Yonhap news agency.","the news came as the two sides remained, will resume beijing in beijing, north korea said.",-0.0842464342713356,0.08856849372386932,-0.24884721636772156,1.952673747889205
김숙 평화교섭본부장은 “이번 6자 회담에서는 북한이 제출한 핵 신고서에 대한 평가와 검증체계 수립 등 북한의 궁극적인 핵 포기를 위한 중요한 문제들을 논의할 예정”이라고 밝혔다.,"¡°Important issues will be discussed,¡± said envoy Kim Sook, ¡°including the appraisal of the declaration and the establishment of a verification mechanism.","the north koreans, kim joo, the chief of staff for the northeastern north and south korea s proposal to end north korea, had promised to make a difference over north",-0.11762765794992447,-0.100877545773983,-0.1378718465566635,1.8888209302404184
북한은 지난달 핵 신고서를 의장국인 중국에 제출했다.,North Korea declared details of its nuclear program last month.,"north korea has offered a chinese past at its main nuclear reactor in china, according to the last north koreans.",0.19909116625785828,0.0946229100227356,0.3052634298801422,2.442663322105964
"미국 공화당의 대선후보인 존 매케인 상원의원과 민주당의 대선후보인 버락 오바마 상원의원이 8일(현지시간) 워싱턴에서 열린 ‘라틴계 미국인 시민연합(League of United Latin American Citizens)’회의에 참석, 히스패닉 표심 잡기 경쟁을 벌였다.",WASHINGTON (CNN) &#8212; The fight for Hispanic voters takes center stage Tuesday as John McCain and Barack Obama both speak separately in Washington to the League of United Latin American Citizens.,"sen. john mccain, arizona republican sen. barack obama and john mccain, on cnn the democrats face a democratic party in a washington battle.",-0.08256008476018906,-0.04042113199830055,-0.12743769586086273,1.369356606493224
주요한 히스패닉과 라틴계 단체의 2/3이 연합에 소속되어 있어 이전부터 두 후보는 이 단체에서의 유세가 중요하다고 말해왔다.,It¡¯s the second of three major Hispanic and Latino organizations the two presidential candidates are addressing this summer and another sign of how important this key voting bloc is in the race for the White House.,"the two other groups in their two rivals, the two groups have been established through the dubai based in a group of samsung groups",-0.049451857805252075,-0.0006823818548582494,-0.1006101742386818,2.453174957812052
‘페스카테리언’(pescatarian)에게 ‘에다마메’(edamame)를 서빙할 수 있는가?,Is it acceptable to serve edamame to a dinner guest who's a pescatarian?,"a canary, a day after the two winters didn t get a.",-0.017259377986192703,-0.02891509048640728,-0.008874590508639812,3.377156414337854
‘인피니티 풀’(infinity pool)에서 포커 게임 우승자에게 ‘프로세코’(prosecco)나 소주(soju)를 제공할 수 있나?,Should you pour prosecco or soju for the winner of the Texas Hold 'em game you're planning near the infinity pool?,"neither he nor could provide an appeal to be a very happy winning but given by the county winner, and i can do it but john mccain kicked off the winn",-0.14164407551288605,-0.11725329607725143,-0.16946367919445038,1.5266081935888858
코너에 있는 윙너트는 ‘더러운 폭탄’(dirty bomb)과 ‘노보바이러스’(Noroviruses)에 대해 무엇을 말하고 있을까?,And what's that wing nut in the corner saying about dirty bombs and nasty Noroviruses?,"once projected by the sound of bras and preciously brava waiting herself, angelina jolie and her husband, was projected to her husband, dr",-0.21665532886981964,-0.22573219239711761,-0.21151761710643768,1.7179060012299232
다음 파티에 가기 전에 미국의 영어사전 출판사인 메리엄-웹스터가 대학사전 최신판에 새로 수록한 ‘에다마메’(생선을 먹는 채식주의자) ‘페스카테리언’(조숙 녹색콩) 등 100여개의 새 단어를 공부할 필요가 있다.,"Before your next party, go ahead and consult the latest edition of Merriam-Webster's Collegiate Dictionary, which now includes edamame (immature green soybeans), pescatarian (a vegetarian who eats fish) and about 100 other newly added words that have taken root in the American lexicon.","but the next round of the u. s., americans are likely to get out of the next few s superst next next year, according to the polling",-0.14113235473632812,-0.04320230707526207,-0.2387770265340805,1.023363171693079
미국 매사추세츠 스프링필드에 위치한 이 사전 출판사는 최근 몇 년간 자주 사용된 단어로 추가했다고 밝혔다.,"The wordsmiths at the Springfield, Massachusetts-based dictionary publisher say they picked the new entries after monitoring their use over years.",dr. paul ridyer said the recent report said it was operating at a nearby in recent years.,0.06511247158050537,0.030131280422210693,0.09750129282474518,4.111695414936657
매리엄-웹스터 사전의 편집위원인 피터 소콜로우스키는 “특별한 설명이나 변역이 필요 없는 이런 단어들은 자연스럽게 영어의 한 단어가 됐다”며 “누군가가 어떤 특정 물질을 설명하기 위해 이것을 사용하고 또 이런 아이디어가 단어로 표출된다면 사전에 넣어도 무방하다”고 지적했다.,"""As soon as we see the word used without explanation or translation or gloss, we consider it a naturalized citizen of the English language,"" said Peter Sokolowski, an editor-at-large for Merriam-Webster.","most of the, most concerns for the white house said it would have been able to star anything of any kind of thing, said tim.",-0.09273327142000198,-0.04379412904381752,-0.14418265223503113,2.820555746346891
영어사전에 새로 추가된 단어들을 보면 미국인들이 요리에 대한 관심이 높아졌다는 사실을 알 수 있다.,"""If somebody is using it to convey a specific idea and that idea is successfully conveyed in that word, it's ready to go in the dictionary.","they could be a rare for americans, making it a new deal in their either.",0.04844357818365097,0.05184085667133331,0.0419594906270504,1.688261229583053
이밖에 새로운 기술이나 제품에 관한 것도 있다.,"Many of the new entries reflect the nation's growing interest in the culinary arts, including prosecco (a sparkling Italian wine) and soju (a Korean vodka distilled from rice).",new afghan technology is widely developed and technology.,-0.06788302958011627,-0.03520156443119049,-0.10355634242296219,0.3901362566745642
인피니티 풀(수영장 가장자리에서 물이 수평선 너머로 흐르는 것처럼 보이는 야외 풀장)가 그 대표적인 예다.,"Others define new technology or products, such as infinity pool an outdoor pool with an edge designed to make water appear to flow into the horizon.","the coast in, a monash aboria, said that most of the water is going to be a very different time sticking away.",-0.04854458570480347,-0.11252225190401077,0.01364350225776434,1.997591714266768
이밖에 ‘더러운 폭탄’(방사능이 있는 물질을 방출하는 재래식 무기)과 ‘노보바이러스’(노워크 바이러스와 같은 소형 RNA 바이러스)가 있다.,"Others reflect current events and much-discussed news topics, including dirty bomb (a conventional bomb that releases radioactive material) and Norovirus (small, round single-stranded RNA viruses, such as the Norwalk Virus).","the problem, like the, people have been detected, and they have no weapons of the destruction and other contents of their own, no license",-0.10875410586595535,-0.06291567534208298,-0.15727363526821136,1.4622743396521585
이 단어는 스코틀랜드 민요의 한 구절인 ‘그를 풀밭에 눕혔어요’(laid him on the green)를 레이디 몬데그린(Lady Mondegreen)으로 잘못 해석한 데서 비롯됐다.,"It comes from an old Scottish ballad in which the lyric ""laid him on the green"" has been confused over time with ""Lady Mondegreen.","the word handed a very different in a. m. thursday, a day after he was a first time in a letter and a handful of a series of",-0.23312221467494965,-0.249021977186203,-0.2211548388004303,1.6961343903963388
마이크로소프트(MS)는 야후 이사회가 교체될 경우 인수협상을 재개할 것이라고 7일(현지시간) 억만장자 투자자 칼 아이칸이 밝혔다.,"Remove Yahoo's board and Microsoft might be interested in a deal again, the software giant and Carl Icahn said Monday.","the world s top executive board would expand its company, will offer latin microsoft s business plans, said monday afternoon, microsoft said monday",0.010433110408484936,-0.0354757197201252,0.05392563343048096,2.042946039568498
아이칸은 야후 주주들에게 보낸 서신에서 스티브 발머 MS 최고경영자와 1시간 가까이 대화를 나눴다고 밝혔다.,"In a letter to Yahoo shareholders, Icahn said he's had several conversations with Microsoft CEO Steve Ballmer that ""have lasted as long as an hour.""","they said at least two times the talks were able to reach hours, said daiyinhaken, who had been reached",-0.008237149566411972,-0.038335781544446945,0.018909750506281853,1.754711160376357
"그는 이 서신에서 MS를 인용, 야후 이사회의 경영실적을 평가할 때 인수협상에 나서는 것은 재정적인 부담이 너무 크다고 전했다.","Icahn's takeaway, according to his open letter, is that an acquisition of Yahoo is too financially risky for Microsoft given the poor performance of Yahoo's board.","they should not be published, they said, this is not a good understanding of the world s top financial system.",0.14170941710472107,0.17115898430347443,0.1098395511507988,1.9854029124312425
아이칸에따르면 MS는 야후의 검색서비스 부분이나 회사 전체를 인수하는 것을 꺼리고 있다. 아이칸은 야후 경영진이 지난 9개월간 회사를 회생시키지 못했다며 인수협상에 적극 나서야 한다고 강조했다.,"According to Icahn, Microsoft's fear is that if it committed to buy the search business or the whole company, Yahoo's board and top executives would continue to ""mismanage the company"" for the nine months or so it would take for the deal to pass regulatory review.","microsoft has grown into a personal or bigger yahoo, with yahoo or co company, has been seen as a company or on whether company",-0.05854789540171623,0.0056843929924070835,-0.12448126077651978,1.4536550429800137
이와 관련 야후는 7일 칼 아이칸이 인수협상의 중재자로 나설 경우 이를 환영한다고 발표했다.,"In a reply Monday, Yahoo said it would welcome an immediate offer for the entire company.","about,, the company said it is expected to help what they entered the company s decision to acquire,.",0.036979589611291885,-0.0677100345492363,0.14298883080482483,4.546308713404574
아이칸은 MS가 인수논의 재개를 위한 선결조건으로 내걸었던 제리 양 야후 최고경영자(CEO)의 사퇴에 찬성하는 입장을 내비친 바 있다.,"Icahn is eager to remove Yahoo CEO Jerry Yang and his team, which Microsoft has identified as impediments to successful merger negotiations.","the kids have been sharply criticized for yahoo s performance as a key ally in the latest economic background, which yangon said that the latest economic offers",0.03603028878569603,-0.0008716375450603664,0.07030095160007477,2.955622941561161
한편 MS는 아이칸이 서신을 공개한 후 새로운 성명을 발표했다. MS는 7일 야후의 현 이사회로는 희망을 발견할 수 없다며 “새로운 이사진이 구성된다면 협의에 임할 것”이라고 밝혔다.,"In a follow up to Icahn's letter, Microsoft released its own statement Monday saying it sees no hope for a deal with the current board, but ""would be interested in discussing with a new board a major transaction with Yahoo.","the year old announced wednesday afternoon, with the company that has been under way, new delhi, recalled in wednesday, after announc",-0.1891288310289383,-0.18985462188720703,-0.19227218627929688,1.854069748060684
조지 W 부시 미 대통령과 앙겔라 메르켈 독일 총리가 8일 정상회담을 갖고 상호 관심사 및 이번 회담의 의제를 놓고 의견을 교환했다.,"President George W. Bush and German Chancellor Angela Merkel pledged Tuesday to keep working together on common problems, but progress appeared slow on reaching a consensus on climate change as the Group of Eight major economies tackled that and other knotty global issues.","in a rare trip to australia, the president said, will be meeting with president bush and the two days, u. s. president george w.",-0.07123206555843353,-0.020783107727766037,-0.12406527996063232,1.1846649264604665
G-8 선진 8개국 정상회담에서는 기후변화의 주범인 이산화탄소를 줄이는 방안이 논의됐지만 각국은 입장 차이를 좁히지 못했다.,Merkel expressed optimism as the two leaders met with reporters after a one-on-one meeting before Tuesday's summit session.,"the significance of the two countries, which cannot be taking their lead in the major eu, but the official rejection level in the presence of a major weather",-0.0115053104236722,0.006225628778338432,-0.03237568214535713,2.747878682374729
메르켈은 “격렬하면서도 흥미로운 대화가 이어졌다”고 밝혔다.,"She cited ""a very interesting exchange of view, very intensive exchange of view.""","it is the biggest fighting and the two to fight their citizens, and then the picture, i hope it is a big picture of the tour, to,",0.05814741179347038,0.0290827676653862,0.08445098251104355,1.5784309053930103
그는 각국의 무역 대표들이 G-8 정상회의를 발판으로 앞으로 몇 주 안에 무역 자유화에 대한 협의를 재개할 것으로 믿는다고 전했다.,"Merkel also said she hoped that international trade negotiators could make progress on restarting long-stalled trade liberalization talks ""over the next few weeks to come.","he said the nations will offer latin america, to suggest the nation s nuclear powered mains.",0.015635892748832703,0.034344784915447235,-0.006109527312219143,1.842211955055664
부시 대통령은 G-8 정상회의 직후 굳은 표정으로 기자회견을 열었다.,"Bush was more terse after the meeting, not mentioning global warming but telling reporters:",the nation s benchmark said the summit would be journalist.,0.056193720549345016,0.061600085347890854,0.04773581027984619,2.37885038482664
그는 지구 온난화에 대해 언급하지 않은 채 “우리는 공통으로 갖고 있는 기회와 문제점에 대해 폭넓은 논의를 했다.,"""We talked about a lot of common problems, and a lot of common opportunities.","we consider the absolutely resolved, they discussed with the greater to issue widely, he said.",0.1609306037425995,0.13873718678951263,0.18056249618530273,2.55404966647159
G-8의 기능에 대해서 도 자유로운 토론을 벌였다.,We talked about the G-8.,"it is a big message in the debate, which is also a rare, sticking about a. m.",0.16288676857948303,0.024828583002090454,0.3059549629688263,2.3901021968803136
그리고 이란에 대해 함께 대처하기로 했다”고 말했다.,We talked about the need to work continue to work together on Iran.,"it said, we have long been running almost imposed.",0.12163887172937393,0.10888076573610306,0.13158723711967468,2.853183878886449
그는 변함 없는 우애를 과시한 메르켈로부터 조언을 들었다며 “(메르켈)은 선을 위한 건설적인 힘을 제공하고 있다”고 지적했다.,"He told Merkel he valued her friendship and advice and called her ""a constructive force for good.","the top seeduled shaka, whose infringement, was taken to cover and establishing a nonbie and ceremonial runs on the cover of the team.",-0.051888320595026016,-0.07701575756072998,-0.029959745705127716,2.042946039568498
이들 지도자들은 G-8 정상회의가 열리기 전 정상회담을 가졌다.,The two met just before G-8 members plunged into a discussion about the major problems on the agenda:,the leaders of the leaders of the leaders of the group of leaders are their leaders to meet everything from the nuclear powered.,0.05207938328385353,-0.03446329012513161,0.13852907717227936,1.8709718017288024
정상회의에서는 곡물 가격 급등으로 어려움에 처한 빈곤 국가들을 위해 국제식량저장고를 운영하자는 제안이 나와 그 귀추가 주목된다.,The summit partners appeared close to a deal for using international food reserves to help the poorest countries cope with soaring grain prices.,"critics say they are intended to help poor people in countries around the world, amnesty international said.",0.1880718171596527,0.20519742369651794,0.16843752562999725,4.09570380667349
"그러나 기후변화에 있어서는 G-8의 선진국들과 경제성장 중인 중국, 인도가 의견차이를 드러냈다.","But divisions remains on climate change that pitted older, more established economies like those in the Group of Eight with fast rising economies like China and India.","the climate change is coming in china s human rights record and china, for any reasons, he said.",0.015204682014882565,0.013511443510651588,0.013693023473024368,3.394201704566131
이밖에 부시는 동유럽에 미사일방어(MD) 체제를 구축하겠다고 밝혔으나 드미트리 메드베데프 러시아 대통령이 제동을 걸고 나섰다.,"Beyond the climate-change standoff, Bush's proposal to base a missile defense system in Eastern Europe was rebuffed on Monday by Russia's new president, Dimitry Medvedev.","russian president vladimir putin has called for a united front row with russia, russian president vladimir putin said monday.",0.018436821177601814,0.03003576770424843,0.003714105812832713,1.840290261527692
부시는 또 야당 후보의 사퇴를 불러온 지난달 치러진 짐바브웨의 부정선거를 규탄했다.,"And Bush failed to achieve a consensus among African leaders on sanctions against the government of Zimbabwe's Robert Mugabe to protest his widely condemned re-election last month after his opposition-party rival dropped out, fearful for his life.","the presidential candidate last week, thanked the keys from zimbabwe s presidential election, as they took last fall of the presidential election.",0.045650068670511246,0.07250227779150009,0.01601487025618553,1.2865218184417064
부시는 아프리카연합(AU)의 지도자들을 만나 로버트 무가베 대통령에 대한 제재안을 마련하려 했지만 합의에 이르지는 못했다.,"""You know I care deeply about the people of Zimbabwe,"" Bush told reporters after a Monday meeting with African leaders who were invited to meet with summit partners.","bush is trying to get ahead of the union of africa, but the leaders of the united states effectively urged citizens to president bush s leaders to meet with leaders of the united states",0.08092565089464188,0.044934261590242386,0.11440329998731613,4.85815973404977
부시는 7일 G-8 정상회의에 초대된 아프리카들의 지도자들을 만난 후 열린 기자회견에서“짐바브웨 국민들의 안전이 우려된다”며 “부정선거로 얼룩진 선거의 결과가 실망스럽다”고 말했다.,"""I'm extremely disappointed in the elections, which I labeled a sham election.","bush said the reporter had reached a call for a journalist, blatter said. these are ready to be able to have been the most of the people",0.07129739969968796,-0.04966459423303604,0.1952126920223236,1.8196871111910016
스코트 후버는 2006년 여름 미국 버지니아주에서 1장에 5달러(약 5160원)하는 ‘초심자의 행운(Beginner's Luck)’이란 이름의 즉석 스크래치 복권을 구매했다.,"NEW YORK (CNN) When Scott Hoover bought a $5 scratch-off ticket in Virginia called ""Beginner's Luck"" last summer, he carefully studied the odds.","after a summer year in the summer of, years in prison for the first of americans in the u. s.",-0.03704174607992172,0.03161844238638878,-0.10710561275482178,1.9009307054800657
그는 자신이 당첨될 확률이 낮다는 사실을 알고 있었고 확률이 낮은 이유도 이해하고 있었다.,"Even though he figured his chances of winning were a long shot, he felt the odds were reasonable.",she has already had been confirming the two weeks ago and has been held at risk.,0.04652661830186844,0.00422906968742609,0.08639505505561829,2.2796871594840864
버지니아주 워싱턴 앤 리 대학의 경제학 교수인 후버는 또한 당첨금이 7만5000달러(약7745만원)라는 것에 그리 놀라지 않았지만 그가 복권을 사기도 전에 이미 1등 당첨금이 지불됐다는 사실에 놀랐다.,"Hoover, a business professor at Washington and Lee University in Virginia, wasn't surprised when his tickets didn't bring him the $75,000 grand prize, but he was shocked to learn the top prize had been awarded before he bought the ticket.","after a wide ranging lawyer in washington,, was about to end,, paying about a million dollars, he said.",-0.05907728523015976,-0.08458705246448517,-0.036783087998628616,1.1359591102382054
후버교수는 “이 즉석복권을 속아서 샀다는 생각이 들었다”고 말했다.,"""I felt duped into buying these things,"" Hoover said.","it was not a very different than room, he said.",0.24275435507297516,0.22537101805210114,0.25777310132980347,6.896242107716467
그는 버지니아주 복권협회가 최고 당첨금이 이미 지불된 복권을 계속 판매하고 있었다는 사실을 알게 됐다.,He discovered the Virginia State Lottery was continuing to sell tickets for games in which the top prizes were no longer available.,"it was a big deal in the right direction, as he raised the possibility that it would be completely hoping for the top of the tax.",0.0921572595834732,0.09097540378570557,0.09038471430540085,3.652945772536268
여러 소식지에는 후버가 이 즉석복권을 사기 1달 전 1등 당첨자가 이미 발표됐었다.,Public records showed that someone had already won the top prize one month before Hoover played.,"the news conference was announced, it was only exchange if months before the end of the year.",0.14584776759147644,0.08722919970750809,0.2030002921819687,2.664321121388895
그는 현재 버지니아 주정부를 상대로 계약 위반으로 소송을 하고 있다.,He is now suing the state of Virginia for breach of contract.,"now, he committed the state department to help himself the constitution and declaring a state of emergency.",0.2534039616584778,0.15239118039608002,0.35597050189971924,6.054506513220935
존 피쉬위크 후버측 변호인은 “7만5000달러가 당첨될 확률이 낮은 것이 문제가 아니고 아예 당첨될 확률이 없다는 것이 문제”라고 밝혔다.,"""It's one thing to say it's a long shot to win the $75,000, but it's another thing to say you have no shot to win it,"" said John Fishwick, Hoover's attorney.","lee,, lee personally,, told the nbc news that the, parf, also found the cash to issue a cell phone",-0.09356284886598587,-0.15602171421051025,-0.03310789167881012,1.4014714232951142
피쉬위키 변호사가 있는 로펌은 버지니아주 복권협회가 1등 당첨금을 지불할 수 없는 즉석복권을 8500만달러(약 980억원)치를 판매한 자료를 증거로 입수해 법에따라 소송장을 접수했다.,"Through a request filed under the Freedom of Information Act, Fishwick's firm was able to obtain records that showed the Virginia State Lottery sold $85 million in tickets for which no top prize was available.","the deal is expected to give up the money, so much can get an order to pay bills, the news network, told the non regular funding commission said",-0.033595237880945206,-0.04324334114789963,-0.027285590767860413,1.3532990095710782
피쉬위크 변호사는 주 정부가 손해배상으로 8500만달러를 지급해야 한다고 주장했다.,Fishwick says the state should pay $85 million in damages.,"frankly, hekmaty promoted, a government fact finding agency yesterday, a government fact finding agency reported.",-0.06491823494434357,-0.28112682700157166,0.16852419078350067,2.0244462660665508
버지니아주 복권협회의 이사인 폴라 오토는 “버지니아의 즉권복권은 공정하다”며 “1등 당첨금은 판매금의 극히 일부에 불과 한다”고 전했다.,"Paula Otto, executive director of the Virginia State Lottery, said the state's games are fair and the top prize money is actually a small percentage of the money given out to lottery players.","we are standing in the same quarter that are widely used by institutions for the second half of, to,, said. in a statement.",-0.014779828488826752,0.006091204471886158,-0.038746967911720276,3.0011284061643786
오토 이사는 “대부분의 상금이 2등부터 4등까지의 당첨자들에게 돌아간다”고 말했다.,"Most of the players win through the second, third or fourth-place prizes, she said.","the most unusually houses are caught up in the most, square, told the associated press.",0.01670067571103573,0.021088747307658195,0.009127149358391762,3.211547431691929
오토 이사는 이번 소송에 대해 특별한 언급을 하지는 않았지만 버지니아 복권협회의 결백을 주장하며 자신들의 입장을 적극 변호했다.,"Otto would not comment on the lawsuit, but said she stands by the integrity of the games in Virginia and looks forward to vigorously defending them.","it was not the first time they should not be recommended by the time they should have come up their rights, but it doesn t mean they should have been",-0.018293436616659164,-0.09950040280818939,0.06225195154547691,3.7541625264671095
전세계적인 초고유가 사태에 대처하기 위한 정부의 에너지 절약 대책의 일환으로 정규 군 교육훈련 시간을 축소한다고 7일 국방부가 밝혔다.,"SEOUL, South Korea (CNN) South Korea will cut back its regular military exercises as part of a government campaign to save energy amid surging global oil prices, the Defense Ministry said Monday.","amid soaring profits, a barrel due to the national committee of the national security agency said monday that the energy department stores planned to work with a range",-0.06163841858506203,0.012087957933545113,-0.13654538989067078,1.6422862001302838
국방부는 성명에서 육ㆍ해ㆍ공군은 단계적으로 올해 유류 사용량을 14%로 줄이고 교육훈련시간을 축소키로 했다고 말했다.,"The ministry plans to reduce its oil consumption by 14 percent this year by scaling back the number of exercises involving army tanks, navy ships and air force planes, and reducing their length, it said in a statement.","the first in the air force, air force bases, said the air force will use its own goals, said in a statement.",0.17768673598766327,0.2217104285955429,0.13178178668022156,9.618434102056856
국방부는 축소된 교육시간을 컴퓨터 모의 훈련으로 보충할 것이라고 덧붙였다.,It said it will offset the reduced training hours with computer-simulated drills.,"the defense ministry will replace its military exerciseic, a criminal court in the country s national company s policy maker.",0.06715834140777588,-0.06012353673577309,0.19805274903774261,2.273154356702287
8일부터 시행되는 이번의 군 유류절약 대책 방안은 정부의 대대적인 에너지절약 대책의 일환이다.,The ministry measures which take effect Tuesday are part of a broader government campaign to save energy.,"the plan will be on a part of the incident, as they hopeed the government to take part in the hands of the policy.",0.15873782336711884,0.08173476904630661,0.2353108823299408,3.951744928978941
한승수 총리는 6일 800 여 공공기관 소속 고위공무원 차량을 대상으로 오는 15일부터 승용차 홀짝제를 실시한다고 밝혔다.,"On Sunday, Prime Minister Han Seung-soo said officials at more than 800 public institutions will be obligated to take public transportation every other day instead of driving their cars to work beginning July 15.","ford,, was an open to step down and become a first round in which they were hacked to park an dal treatment for a car, and a full vehicle",-0.08012008666992188,-0.04370604455471039,-0.11945483833551407,1.3472270023024562
석유자원이 부족한 한국은 실제로 석유 전량을 해외에서 수입하고 있으며 국제유가가 급증하면서 안정적인 석유 공급을 위해 이른바 에너지 외교를 강화하고 있다.,Resource-poor South Korea imports virtually all of its oil and has been intensifying what it calls energy diplomacy to secure stable supplies amid rising prices.,"south korea has a south korean rising south korea and the international community should have supplyed oil prices, which are held in abroad.",0.03230372443795204,0.04195215553045273,0.019556712359189987,2.264882092592075
인도 남부 타밀나두 주에 위치한 소도시인 무시리는 주민들로부터 도시로 들어오는 출입세를 받는 것으로 유명하다.,It pays to go in a small south Indian town.,"residents of the city, a resident in a residential area of a residential area of a popular town of southern city, has been ordered to eat a city for almost",-0.0005625869962386787,-0.2020271271467209,0.215243399143219,2.7588924449082466
최근에는 주민들의 위생교육을 위한 독특한 아이디어를 제시했다.,The remote town of Musiri in the Tamil Nadu state has hit upon a unique idea to teach its residents proper hygiene:,"in recent weeks, they could buy abroad, ap reported.",-0.04046741873025894,-0.011283532716333866,-0.07265003025531769,1.3540902819918827
무시리의 주민들은 매달 6루피(약 145원)를 내야지만 특별히 제작된 화장실에서 대소변을 볼 수 있는 자격을 얻는다.,pay them money each time they use the toilet.,"residents in los angeles, people from the winning of a local football has received a small away from the new complex in los angeles absorp.",0.052585817873477936,-0.10577625781297684,0.218374565243721,1.6504045595709422
대단한 액수의 요금은 아니지만 저소득층은 생리적인 욕구를 해결하기 위해 추가 비용을 내야 한다.,"Users can make up to $0.14 (6 rupees) a month to relieve themselves in a specially constructed toilet. Not a princely sum, but it¡¯s extra cash flow that low-income residents can make just for answering nature¡¯s call.","the funds is not a test for the funding to form a problem for the problem, to form a solution.",-0.09503518044948578,-0.003697384614497423,-0.18647605180740356,1.1183230763811007
인도 정부의 지원을 받아 실시하고 있는 이 프로그램은 2가지 목적이 있다.,The government-backed program serves two purpose:,the program is expected to be the very good and to provide operational help.,0.2511935234069824,0.20214952528476715,0.2986951172351837,2.627961710408444
첫째로 공개된 장소에서 대소변을 봄으로써 질병에 감염되는 주민들을 막고자 함이고 둘째로 주민들의 대소변을 비료로 사용할 수 있도록 하기 위함이다.,"It encourages people to discard age-old practices of urinating and defecating in the open, leading to diseases. And the waste product goes into research to test their effectiveness as fertilizers.","a frightening back to the people of the cross border town of being ahead of the two bigger islands, many people are being forced to cross into a",0.009074850007891655,0.024450425058603287,-0.009408006444573402,1.885174387792232
이 같은 아이디어를 제안한 마라티 서부라만은 “이 프로젝트로 주민들이 자신들의 대소변에 대한 가치를 알게 되고 있다”며 “모은 대소변은 논에 뿌려지며 좋은 퇴비가 될 것이다”라고 말했다.,"¡°We¡¯re motivating people to know the value of their urine,¡± said Marathi Subburaman, who came up with the novel idea. ¡°The urine that is collected goes into fields for paddy crops, and of course the feces becomes good compost in a matter of months. ¡±","los angeles, california cnn the same oldest residents of their residents are still well for help, said proneshi, a year old neighbor whose",-0.24351118505001068,-0.21767981350421906,-0.2730603516101837,1.6087337535471748
전 세계적으로 팔리고 있는 자궁경부암 예방백신의 부작용 사례가 속출하고 있는 가운데 미국 관계당국이 조사에 착수했다.,(CNN) &#8212; A vaccine designed to prevent cervical cancer is coming under fresh scrutiny amid thousands of complaints linking it to a range of health problems.,"two of the world s second largest u. s. officials said monday it was investigating the world s four investigation and three investigations, according to",-0.16394908726215363,-0.1670367419719696,-0.16464878618717194,1.637077152669932
미국 질병통제센터는 자궁경부암 예방 백신인 가다실을 미국 식품의약국(FDA)가 시판을 허용한 2006년부터 올해 4월까지 모두 7802건의 부작용 사례가 신고됐다고 밝혔다.,"Gardasil has been the subject of 7,802 ¡°adverse event¡± reports from the time the Food and Drug Administration approved its use two years ago to April, according to the Centers for Disease Control and Prevention.","the earth is expected to be low into the white house, they believe they are still caught in the beginning of the year ending this year.",-0.13116541504859924,0.0017733437707647681,-0.2606081962585449,1.6284486194177237
"제약업체인 멀크사는 미국에 1600만개를 포함, 전 세계적으로 2600만개의 가다실 백신이 유통됐다고 전했다.","The vaccine¡¯s manufacturer, Merck & Co. Inc., says it has distributed more than 26 million Gardasil vaccines worldwide, including nearly 16 million in the United States.","the high speed line, the united states, a private, toys, the world s richest, has been said to be sold.",-0.055659033358097076,-0.005753727629780769,-0.10792484134435654,1.7949729449838596
지난 2006년 6월 이후 미국에서 이 백신을 맞은 여성은 800만명에 달하는 것으로 추정된다.,It estimates that eight million girls and women have received the vaccine in the United States since June 2006.,"in a rarely december that will. million in april,, in april,, told ap that she wouldn t be.",-0.14303024113178253,-0.27560195326805115,-0.006647895555943251,2.224972978585352
제약사는 성명을 통해 “아직 백신 자체로 인한 부작용인지 여부는 확실치 않다”며 신중한 태도를 보였다.,The company said in a statement that an adverse ¡°event report does not mean that a causal relationship between an event and vaccination has been established &#8212;,they did not immediately know whether any of the woman was.....,-0.11714735627174377,0.016383886337280273,-0.2470984011888504,1.019475227991533
뉴욕 양키스 소속 알렉스 로드리게스의 아내가 7일(현지시간) 오전 미국 마이애미 데이드 카운티 관할 가정법원에 이혼소송을 제기했다.,(CNN) &#8212; The wife of Yankee¡¯s baseball star Alex Rodriguez filed for divorce Monday morning in Miami-Dade County Family Court.,"new york, new jersey, new jersey, new york, new jersey, new york yesterday released a statement from prisons at a.",-0.3486987054347992,-0.30597060918807983,-0.39494845271110535,1.444580998177086
신시아는 서류를 통해 남편 로드리게스의 여자문제가 심각하다고 밝혔으며 또한 남편이 마돈나와 가까워지며 마돈나가 믿는 신흥종교 카발라에 빠져들어 혼인 유지가 힘들다는 입장을 전했다.,The divorce filing said the marriage is ¡°irretrievably broken because of the husband¡¯s extra-marital affairs and other marital misconduct.,"it is a host of the masters, or many of her arrest on many species and to take him, many don t know or didn t get ready to take",-0.2617265582084656,-0.18057790398597717,-0.3441115617752075,2.7588924449082466
신시아는 “로드리게스가 나와 자식들을 생각하고 행동하지 않아 이혼 밖에 길이 없었다”고 말했다.,"¡°Alex has emotionally abandoned his wife and children and has left her with no choice but to divorce him,¡± the petition said.","i didn t stop the unconstse don t getout any sort of unconst mistaken groups, he said.",-0.14731091260910034,-0.19372569024562836,-0.1037898063659668,3.511139807776832
이스라엘과 레바논의 헤즈볼라가 유엔이 제시한 포로 교환안에 공식적으로 서명했다고 7일(현지시간) 이스라엘 총리실이 밝혔다.,"JERUSALEM (CNN) &#8212; Israel has signed a U.N.-brokered deal with Hezbollah under which it plans to release prisoners in exchange for two kidnapped Israeli soldiers, the Israeli prime minister¡¯s office said Monday.",hezbollah threatened israeli officials in lebanon and israeli hezbollah sites in their two decades.,-0.16464975476264954,-0.07621841132640839,-0.25356483459472656,0.5348306823085854
그러나 이번 협정이 이행되기까지 몇 가지 해결해야 할 난제가 남아있다.,But there are still several hurdles that must be overcome before the agreement is implemented.,but they should have been able to have the case still hope that they hope to have conflict.,0.12560594081878662,0.019303729757666588,0.23358824849128723,2.8629993657668877
"이스라엘은 지난 1986년 10월, 레바논에서 격추된 전투기를 조종하던 조종사 론 아라드의 소식을 헤즈볼라측으로부터 아직 듣지 못했다.","Israel has yet to receive a final report from the Lebanese militant group on Ron Arad, an Israeli airman who has been missing since he was forced to eject from his plane over Lebanon in October 1986.","their own service came to the end of a year ago, to stop at least militants from lebanon s civil war, said earlier.",-0.05655606463551521,-0.08493690937757492,-0.031322646886110306,1.4251781880093244
이스라엘은 성명을 통해 헤즈볼라로부터 그의 소식을 들은 후 레바논 수감자 석방에 대한 구체적인 일정을 정할 것이라고 밝혔다.,"Once it receives that report, the statement said, Israel will set up a timetable for the prisoner release.","it was willing to pay for the release of prisoners, but israel said from the fire was released.",0.2663614749908447,0.2507334053516388,0.27968135476112366,5.151207212087108
콘돌리자 라이스 미 국무장관이 유럽 순방에 오르기 전 폴란드와 미사일 방어체제(MD) 구축을 위한 협상 타결을 위해 노력했으나 합의를 이루지 못했다고 7일(현지시간) 미 국무부가 밝혔다.,"WASHINGTON (CNN) &#8212; U.S. Secretary of State Condoleezza Rice tried and failed just before leaving for Europe on Monday to seal a deal to place missiles in Poland, the State Department said.",washington cnn secretary of state condoleezza rice is set to set up a missile final but pushed out in a bid to block up a missile final to the top n but,0.04437621310353279,0.04116258770227432,0.044480130076408386,1.3282140266594458
그는 라도슬라프 시코르스키 폴란드 외무장관과 회담을 가졌었다.,"She met with her Polish counterpart, Minister of Foreign Affairs Radoslaw Sikorski, at the State Department.","he had met with the directors of the national security council, said he had met with the director of national team, where he met with the national museum, his top counterpart",0.08640708029270172,0.10792563855648041,0.062126025557518005,2.9776653071789863
숀 매코맥 국무부 대변인은 “라이스 장관이 개인적으로 MD 구축에 개입했음에도 불구하고 협상이 원활이 이뤄지지 않았다”며 “결국 장관은 미사일 요격기지 설치 협상을 위한 중요한 실마리를 얻지 못한 채 유럽순방에 올랐다”고 말했다.,"But even with her personal intervention, Rice left for Europe without a key piece of the U.S. plan to put missiles on that continent to protect against ¡°rogue states¡± such as Iran, State Department spokesman Sean McCormack said.","once a state department spokesman s sean mccormacked the meeting in a meeting with security and negotiations, state department spokesman sean mccormack, a spokesman for the department",-0.14383120834827423,-0.17203734815120697,-0.11905761063098907,1.2477315430282188
라이스 국무장관은 8일 체코를 방문해 레이더 기지 설립 합의문에 서명할 예정이다.,Rice will be in Prague Tuesday to sign a treaty with the Czech government to allow the radar for the missile system to be placed there.,"rice was scheduled to visit rice to visit the rice, visiting secretary generals sunday, said thursday.",0.10096406191587448,0.08940369635820389,0.10963757336139679,1.879145539030589
매코맥 대변인은 이날 기자들이 모인 정례 브리핑에서 라이스 장관이 유럽 순방일정을 이틀을 늘려 미국의 MD 설치를 협상하기 위해 폴란드를 방문할 예정이라고 밝혔다.,"And it is still possible that she could extend her European schedule and add a trip to Poland if negotiations in the next couple of days produce a Polish government agreement to put the missiles on its soil, McCormack told reporters at his regular midday briefing.","secretary of state condoleezza rice is working on a meeting of us, secretary inrice, to, jobs in the first half of the united states on thursday",-0.13665319979190826,-0.1858399212360382,-0.09021810442209244,1.9466016235662131
이라크가 사담 후세인 재임기간 중 핵 야욕을 품고 정제해 보관한 저급 우라늄 500톤 이상을 미국이 입수했다고 7일(현지시간) 미국 국방부가 밝혔다.,"The United States secretly shipped out of Iraq more than 500 tons of low-grade uranium dating back to the Saddam Hussein era, the Pentagon said Monday.","about of the other party s first operating operation, more than, u. s. military has suffered more than, u. s. experts",-0.026497388258576393,-0.05340548977255821,-0.002670265268534422,3.5148478313698046
브라이언 화이트맨 국방부 대변인은 미군이 7000만달러(약 712억원)의 예산을 들여 이라크에 보관중인 우라늄을 캐나다로 안전하게 이송했다고 전했다.,"The U.S. military spent $70 million ensuring the safe transportation of 550 metric tons of the uranium from Iraq to Canada, said Pentagon spokesman Brian Whitman.","although the u. s. military spokesman said the u. s. military was to take place, and that was not a u. s",0.14792542159557343,0.20219267904758453,0.09208294004201889,3.4619966745365747
화이트맨 대변인은 최근까지 비밀로 붙여진 우라늄 선적작업에 미군 수송부대와 군 수송기 37대 그리고 해양 운송용 선박 1대가 동원됐다고 설명했다.,"The shipment, which until recently was kept secret, involved a U.S. truck convoy, 37 cargo flights out of Baghdad to a transitional location, and then a transoceanic voyage on board a U.S.-government-owned ship designed to carry troops to a war zone, he said.","the recent military commanded the two areas and military operations in recent weeks to keep military and military operations in the military and military operations,",-0.14464454352855682,-0.16349466145038605,-0.12940014898777008,0.5996712030884395
미국의 항공사 에어트란 에어웨이는 7일(현지시간) 올 가을 급등한 연료비 지출을 메우기 위해 480명의 인원을 감축하겠다고 밝혔다.,"(CNN) &#8211; AirTran Airways will cut 480 jobs this fall to offset the cost of rising fuel prices, the company said Monday.","the u. s. airbus jet, either wright, told cnn on friday, an u. s. air on wednesday morning",-0.10533550381660461,-0.02045624516904354,-0.19079962372779846,1.6891676725883336
"에어트란 대변인은 9월 6일 인원감축에서 조종사 180명, 승무원 300명을 줄일 것이라고 전했다.","Effective September 6, AirTran will eliminate 180 pilot jobs and 300 flight attendant positions, a spokesman told CNN.","air,, crew members of the company s crew, representing the company s crews will be able to carry out their crew on their crew.",-0.012412936426699162,-0.04032137244939804,0.012481164187192917,1.8884748972625875
에어트란은 이번 정리해고로 매년 1600만달러(약 165억원)의 비용절감 효과를 기대하고 있다.,The airline expects the layoffs to save $16 million annually.,"these air costs are estimated to cost,. million to each cost and keep tracks of the profit revenue.",0.21748879551887512,0.13199684023857117,0.30327266454696655,2.5683319547529764
에어트란은 최소 5년 이상 근무한 사람들을 대상으로 자발적인 퇴사를 제안할 예정이다.,AirTran is offering a voluntary early exit program for employees with at least five years of service.,"to be at least two years in prison, is due to be released over their long time.",0.13757812976837158,0.10522158443927765,0.1675075888633728,5.091212823097751
해당 직원들에게는 6개월에서 1년 이상의 의료비와 비행기 여행 특혜가 제공된다.,Eligible employees will receive six to 12 months of medical and dental benefits and six to 12 months of flight privileges.,"their employees for their employees began over a monthly travel over the flight, traveling at, and that traveling overseas travel over their flight experience.",-0.09892596304416656,-0.10114356130361557,-0.100285105407238,1.9626728448746968
현재 에어트란의 총 직원은 조종사 1450명과 승무원 2000명을 포함 8900명에 달한다.,"AirTran employs about 8,900 people, including 1,450 pilots and 2,000 flight attendants.","the company said the crew had been about two crew members, including staff members and transportation crew members.",0.1102338582277298,0.18322713673114777,0.036485254764556885,4.814971807094068
지난주 콜롬비아 좌익 게릴라인 ‘콜롬비아무장혁명군(FARC)’으로부터 구출된 3명의 미국인 중 한 명이 공식적으로 이들이 테러단체라고 주장했다.,"SAN ANTONIO, Texas (CNN) &#8212; One of three American hostages freed last week from Colombian rebels blasted the leftist group publicly, saying, ¡°You guys are terrorists. ¡±","a u. s. soldier in kaesc, one of the u. s. aircraft carriers for the killing, many people are believed to be",-0.23877103626728058,-0.10104522109031677,-0.3726620674133301,1.570543223859731
"미국의 군함제조회사인 노스롭 그루먼사의 계약업체 직원인 토마스 하오스, 키스 스텐셀, 마크 곤살베스는 지난 2003년 비행기를 타고 콜롬비아 밀림을 횡단하던 중 비행기가 추락, FARC에 납치됐었다.",Northrop Grumman contractors who were kidnapped when their plane crashed in the Colombian jungle in February 2003 &#8212; made statements Monday at Brooke Army Medical Center in San Antonio.,"they are taking place, said employees, a major u. s. treasury department spokeswoman, toys, a trust of u.",-0.19920878112316132,-0.07900559902191162,-0.31730809807777405,1.093717926615286
가족들이 간단한 성명을 발표한 직후 연단에 선 곤살베스는 “FARC는 콜롬비아의 발전과 평등을 주장하고 있으나 이것은 자신들의 행위를 정당화 하기 위한 거짓말에 불과하다”고 주장했다.,"""They say they want equality; they say they just want to make Colombia a better place,"" Gonsalves said. ""That's all a lie ... to justify their criminal activity.","the group was found in the aftermath of a group of uribei and its foundations, but they are trying to claim but, but it is still being held",-0.05077021196484566,-0.06832733005285263,-0.03653052821755409,1.3903507106497184
그러나 미국 국립 허리케인 센터(NHC)는 올해들어 대서양에서 2번째로 발생한 허리케인 베르타는 진행속도가 느린 것으로 밝혀졌다고 전했다.,"Hurricane Bertha strengthened to a Category 3 storm Monday afternoon, but slowed in pace hours after becoming the first hurricane of the 2008 Atlantic season, according to the National Hurricane Center.","the hurricane, hurricane center, a few hurricane center in atlanta, told the associated press, the associated press association reported.",0.005096127279102802,-0.04110563546419144,0.048875510692596436,1.7964467002604658
‘베르타’는 이날 오후 5시 리워드 제도 북부에서 동쪽으로 1247km 떨어진 곳에 위치하고 있었으며 오전 중 24km/h의 속도가 19km/h로 줄어든 채 서북서로 이동하고 있다.,"As of 5 p.m., Bertha was 730 miles (1,247 km) east of the northern Leeward Islands and was moving toward the west-northwest near 12 mph &#8212;","the, kilometers north of kman said north east of northern ireland was located about, miles north of the east....",-0.2098972201347351,-0.08318549394607544,-0.33388468623161316,3.67739210111584
베르타는 세력을 확장해 178km/h에서 209km/h의 강풍을 동반한 3급 허리케인으로 발달했다.,or Category 3 &#8212; hurricane. A Category 3 has wind speeds of 111 to 130 mph.,"while the cause of the storm had been lost, kilometers miles away, there were demonstrations about miles kilometers east of cheating, about miles kilometer",-0.2745629549026489,-0.2522396743297577,-0.30077889561653137,1.387819277861591
현재 베르타가 미국 본토를 강타할 가능성은 매우 낮은 것으로 예측되고 있다.,There is a very small chance that Bertha will make landfall in the United States. Bermuda could be affected by the hurricane this weekend.,the possibility of the weather is expected to hit.,0.2308506816625595,0.30174437165260315,0.15942002832889557,1.1980948439854393
미국산 쇠고기 수입 재개부터 정책에 대한 논란까지 국민들의 원성이 높아져가고 있는 가운데 이명박 대통령이 7일 3개 부처 장관을 교체하는 등 소폭 개각을 단행했다고 언론이 보도했다.,"SEOUL, South Korea (CNN) &#8212; South Korean President Lee Myung-bak named three new cabinet ministers Monday in the continuing fallout from his controversial policy to renew U.S. beef imports, the Yonhap news agency reported.",the two presidents of the group is not an attempt to downplay their union s foreign policy.,-0.06251708418130875,0.08328206837177277,-0.20333349704742432,0.7165930927576986
"연합통신은 대통령실 대변인의 말을 인용, 이날 농림수산식품부, 교육과학기술부, 보건복지가족부 장관이 교체됐다고 전했다.","The cabinet reshuffle puts new ministers in charge of agriculture, welfare and education affairs, a presidential spokesman said, according to Yonhap.","the news agency said the ministry of defense for the health ministry is healthy welfare, health ministry and explaining ministry s health ministry said.",0.17113734781742096,0.16068695485591888,0.1789219230413437,2.260891444913834
이 대통령은 이와 비슷한 맥락에서 지난달 대통령실장과 수석비서관 전원을 교체한 바 있다.,"In a similar move, Lee replaced seven top aides last month.","the president has also called on july last month, the former president elect lee from the korea times reports the presidential office, was in the last november at",0.007353185210376978,-0.14522917568683624,0.16651467978954315,2.747878682374729
정부가 확실한 검역체계가 마련되지 않은 상태에서 미국산 쇠고기 수입을 결정한 데 항의하는 촛불시위는 지난 주말에도 계속되었고 이에따라 이번 개각이 이뤄졌다.,The changes follow weekend demonstrations that brought tens of thousands of South Koreans to the streets of the capital to protest the government¡¯s decision to import what they say is unsafe U.S. beef.,"the u. s. government has banned imports from the outset over the weekend, according to the u. s. government told the associated press",0.014951817691326141,0.010237496346235275,0.016463393345475197,2.738713212986448
조지 부시 미국 대통령이 드미트리 메드베데프 러시아 대통령에 대해 긍정적인 평가를 내렸다.,"President Bush gave a positive but cautious assessment of Russia¡¯s new president, Dmitry Medvedev.","he has nominated two others, he said.",0.09927523881196976,0.26500436663627625,-0.05895347148180008,2.604848453271721
두 지도자는 일본에서 개최된 선진 8개국(G8) 확대 정상회담에 앞서 첫 개별 정상회담을 가졌다.,The two met for their first time as world leaders on the sidelines of the Group of Eight summit in Japan.,"both leaders, the leader of the japanese leaders, was in the rotating participants of a two group meeting in the country, and the leaders of the japanese participants",0.05924786254763603,-0.018989600241184235,0.1368478238582611,3.2808945250121395
부시 대통령은 메드베데프 대통령에 대해 묻는 기자들의 질문에 “메드베데프의 생각을 알아보기 위해 그와 회담을 가진 것은 아니었다”며 “넉넉한 성품과 자신감을 가지고 있었으며 매우 현명해 보였다”고 전했다.,"Asked by a reporter what he thought of Medvedev, President Bush called him ¡°a smart guy. ¡±",bush is believed to be at a. m. s. m. to speak on the presidential election. he said. it s just a sense of urge,-0.030907675623893738,0.05890451744198799,-0.12077493965625763,1.6961343903963388
그는 당시 슬로베니아에서 가진 푸틴과의 공동 기자회견에서 “푸틴의 눈을 보니 그의 영혼을 느낄 수 있었다”고 말한 바 있다.,"Appearing with Putin at a news conference in Slovenia, President Bush famously said he had looked Putin in the eye and ¡°was able to get a sense of his soul. ¡±","speaking to a joint press conference, he said, i can t think it s about a. m., he said.",0.10088848322629929,0.18535953760147095,0.016336405649781227,1.8394069675790377
미국 민주당의 대선후보 버락 오바마 상원의원이 탑승한 전세기가 7일(현지시간) 비행 중 엔진 배기 시스템 내 슬라이드 고장으로 세인트루이스 공항에 불시착했다.,"ST. LOUIS, MISSOURI (CNN) &#8212; Barack Obama¡¯s plane made an unscheduled but safe landing in St. Louis Monday after ¡°an emergency slide located in the tail cone of the plane deployed in flight,¡± according to the airline that owns the chartered plane.","washington cnn sen. barack obama took sen. barack obama to the midst of a half a year, to help reverse the mid line, to help alleviate the",-0.3049564063549042,-0.18361873924732208,-0.4242746829986572,1.7181829258989376
전세기를 제공한 항공사는 기체 결함이 있었으나 무사히 착륙했다고 밝혔다.,"Midwest Airlines released a statement saying that while ¡°there was never an issue as to the safety of the flight, as a precautionary measure, we decided to divert the plane.","a standardized in the southwest said it was reported to have landed, said susan, who said it was reported to have landed, gallons,",-0.10045798122882843,-0.10490816086530685,-0.09958649426698685,1.807580056541629
"당시 오바마는 전세기를 타고 시카고 공항을 이륙, 노스캐롤라이나의 샬럿으로 향하던 중 이었다.","Obama had been en route from Chicago, Illinois, to a campaign appearance in Charlotte, North Carolina.","the former marlboro turned down on tuesday, and his former head of hair.",-0.018540650606155396,-0.024872446432709694,-0.015516119077801704,2.239297033902276
결국 샬럿으로 가지 못한 오바마는 전화를 통해 유세를 진행했다.,He delivered his speech by telephone from St. Louis to about 200 people in Charlotte.,"also, he said, was taken to a rally in the phone, according to the final, to find it to help him find a phone call to help rally",0.03632376715540886,0.0069373720325529575,0.06288547068834305,1.3794462224541233
아프가니스탄 수도 카불의 인도 대사관 부근에서 차량폭탄테러가 발생해 최소 28명이 사망하고 100명 이상이 부상했다고 7일(현지시간) 아프간 관리가 밝혔다.,"A car bomb went off on a crowded street near the Indian Embassy in Kabul, Afghanistan on Monday, killing at least 28 people and wounding more than 100, officials said.","a suicide bomber set waves at a embassy in afghanistan city of kara killed people and wounding more than a dozen afghans, killing at least people and wound",0.12094207853078842,0.07684914022684097,0.1629028022289276,17.85639777143322
이 지역에 거주하는 한 주민은 “폭발 소리가 들린 뒤 먼지와 유리조각이 우리들의 얼굴로 날라왔다”며 “여기저기 시신이 널려있었다”고 말했다.,"""We heard an explosion, then the dust and glass hit our faces,"" a resident near the scene of the blast said. ""After that we saw that people were dead and lying everywhere.""","on the front of their wire, started with each other, and then, were starting around p. m., a day after",-0.05309860780835152,-0.09822654724121094,-0.010616683401167393,1.4993085687109955
이와 관련 아프간 보건부 소속의 압둘라 파힘 박사는 이 폭탄테테러로 141명이 부상했다고 주장했다.,"Another 141 people were injured, said Dr. Abdullah Fahim of the Afghan health ministry.","the eighth leader of the afghan ministry said the soldiers were wounded, the official said.",0.3295859396457672,0.3778453469276428,0.28005701303482056,6.256118460580958
부상자 90명이 병원으로 후송됐으며 이중 일부는 어린이로 밝혀졌다.,"Ninety were admitted to hospitals, some of them children.","one of the injured was wounded, and they were still shy.",0.21910345554351807,0.23890970647335052,0.1969289630651474,4.368583925857938
폭탄테러 사망자 중 2명은 대사관 경비원인 것으로 드러났다고 무하메드 자히르 아지미 아프간 국방부 대변인이 발표했다.,"At least two of the dead were embassy security guards, said defense ministry spokesman Gen. Mohammad Zahir Azimi. The casualty figures do not include the suicide bomber.","a report by the taliban, afghan police confirmed the report also said.",-0.00022602365061175078,0.05546607822179794,-0.05786576867103577,1.2608940420827155
한편 인도 대사관은 카불 도심에 위치하고 있으며 인근에는 아프간 내무부를 비롯한 주요 정부청사가 자리잡고 있다.,The embassy is in the center of Kabul across from the Interior Ministry and close to several other government buildings.,the new government s implosion at a major bridge between the afghan government and the afghan government has been reepsion.,0.10859236121177673,0.0435369536280632,0.17238685488700867,2.7156804039319287
매일 아침마다 수십명이 인도 비자를 얻기 위해 인도 대사관 밖에서 대기한다.,Dozens of people line up every morning outside the embassy gates to apply for visas to India.,"about, people from the embassy problem, to try to take off from their commons.",0.10880602151155472,0.10610029846429825,0.10861176997423172,5.675727444525874
인도 대사관의 한 관계자는 “대사관의 통신망이 두절됐다”며 “상황이 좋지 않다”고 말했다.,"A man who answered the phone at the Indian embassy abruptly hung up, saying, ""We are not fine. All communications have been cut off.","also, the officials said they were not yet to be pretty well for the situation.",0.19721482694149017,0.22514285147190094,0.16700635850429535,1.688261229583053
‘왼손 천재’ 라파엘 나달(22.스페인)이 6일(현지시간) 영국 윔블던 올잉글랜드클럽에서 열린 2008 윔블던대회 남자단식 결승전에서 ‘황제’ 로저 페더러(27.스위스)를 3-2(6-46-46-76-79-7)로 꺾고 윔블던 첫 제패에 성공했다.,Rafael Nadal has won his first Wimbledon men's singles title after holding off a stunning fightback from five-times champion Roger Federer to secure a dramatic victory in an epic rain-affected five-set final.,"later monday, the world number one will be following a year old man who was released from an english at londona s metropolier at his club.",-0.10919803380966187,-0.0715167298913002,-0.1498493105173111,1.670267895312232
"나달은 이와 함께 로드 레이버, 비욘 보리와 함께 한 해 프랑스오픈인 ‘롱랑가로스’와 윔블던을 동시 에 거머진 역사상 3번째 선수가 됐다.","The second seed's four hour, 48 minute triumph means he becomes only the third man in the Open era after Rod Laver and Bjorn Borg to win at both Roland Garros and Wimbledon in the same year.","nadal, the auctioner, and the first thing at a time when he was open to the first set at a london history and heels to a new york times",-0.1750231832265854,-0.11647929251194,-0.23588675260543823,1.604833177256654
나달은 또 1966년 마놀로 산타나 이후 윔블던의 타이틀을 차지한 첫 스페인 선수가 됐다. 그는 최근 두 메이저 대회 결승에서 페더러를 잇따라 연파하며 페더러의 잔디코트 65연승 기록에 마침표를 찍었다.,"As well as becoming the first Spaniard to win Wimbledon since Manolo Santana in 1966, Nadal also avenges his defeats to Federer in the last two finals and puts an end to the Swiss star's grass-court run of 65 consecutive wins.","nadal added the first set to win the crown in a first round in the world title debuted by the winning debut in the first set, with the swiss top seed, to",-0.12346930801868439,-0.10247012227773666,-0.14790771901607513,3.2879210498039666
그는 “타이틀을 차지해서 기쁘다”며 “(윔블던) 우승을 차지할 것이라고 생각하지 못했기 때문에 꿈을 꾸는 것 같다”고 말했다.,"I never thought I could win and to do so is a dream,"" he added.","i was scared, i would like to make it knock, i would like to see the ball, i don t think it s about. i, i don t",0.11488005518913269,0.015497037209570408,0.21532651782035828,1.4780822562194806
한편 페더러는 오늘 자신보다 뛰어난 선수에게 패했음을 인정했다.,Federer admitted he had been beaten by the better man on the day.,federer had been admitted to his first win in the first round of his cell.,0.23218491673469543,0.1714925765991211,0.291772723197937,6.150343144231885
페더러는 “우승 못해 아쉽지만 내년에 다시 도전할 생각”이라고 강조했다.,"""It is a pity I did not win but I will be back next year.","federer, whose end, toys, have never seen the bottom.",0.11716006696224213,0.049218516796827316,0.18402086198329926,2.270892700219332
열대성 폭풍우 ‘베르사’의 세력이 점차 강해지고 있어 미국 남부지방의 피해가 우려된다.,Tropical Storm Bertha is approaching warmer waters and is likely to strengthen during the coming days.,"there is a low risk of low, but it was only a low of the low.",-0.010744952596724033,0.036059051752090454,-0.0598989762365818,2.8265205879007453
‘베르사’는 6일 오전 11시(현지시간) 카리브해 리워드 제도에서 동쪽으로 1907km 떨어진 지점에 위치하고 있다.,"At 11 a.m. ET Sunday, Bertha was centered about 1,185 miles east of the northern Leeward Islands in the Caribbean.","the year old, who is, miles east of southern california, is about miles km east of about miles km east of about miles, miles about miles east of",-0.1927558034658432,-0.20873986184597015,-0.18057133257389069,5.134877429943371
기상 전문가들은 ‘베르사’의 위력이 며칠 내 더 강해져 올해 대서양에서 발생한 첫 허리케인이 될 가능성이 높다고 전했다.,Forecasters say Bertha is expected to strengthen during the next few days and could become the Atlantic season's first hurricane.,"meteorologists estimated that the storm battered by the storm, and the highly possible coast is increasingly likely to be more powerful than they are expected to rise.",0.1479402482509613,0.14134997129440308,0.1517668515443802,3.5198870526684183
‘베르타’는 현재 시속 33km의 속도로 서쪽으로 이동하고 있다.,The storm is moving toward the west at about 21 mph.,"it s now, with mph, is miles southeast of mexico.",0.019826512783765793,0.011512761935591698,0.024967635050415993,4.065425428798724
‘베르사’가 미국 본토에 상륙할지 여부는 아직 판단하기 이르다.,It's still too early to say if or where Bertha will hit land.,"it s still alive, and whether they are still in their own, a day at the start of america s.",0.007785102352499962,-0.058149971067905426,0.072203628718853,1.958224832501124
올해 첫 열대성 폭풍우로 기록된 ‘아서’는 6월 1일 발생해 멕시코 남동부의 유카탄 반도에서 소멸했다.,"The first named storm this year, Arthur, formed in the Atlantic the day before the season officially started June 1 and soaked the Yucatan Peninsula.",first of the stars from the international atomic energy agency is expected to be led by north korea s landslides in the south pacific.,-0.01672610454261303,-0.012557382695376873,-0.02418944053351879,3.516207826094835
탄광 붕괴사고가 발생한지 채 일주일도 지나지 않아 중국 북동부 산시성에서 또 다시 탄광이 무너져 적어도 21명의 광부가 사망했다고 중국 관영언론이 보도했다.,"killed at least 21 miners, state-run media reported Sunday.","also, a car bomb killed at least people, including flooding they seen on the bridge in the s, part of the flooding of a",0.09564049541950226,0.0033836092334240675,0.18834549188613892,5.551277111446365
차이나 뉴스는 산시성에 위치한 광산이 붕괴됐으며 7명의 광부가 빠져 나왔고 매몰자 중 4명만이 구조됐다고 전했다.,"Seven miners escaped on foot and four others were rescued after Saturday¡¯s collapse at a mine in Shanxi province, the China News Agency reported.","the storms reportedly collapsed and another were damaged by the storm, reportedly told cnn.",0.0032007067929953337,0.08742906898260117,-0.08137853443622589,1.9574595619308628
언론은 당국이 연이어 발생하는 탄광 사고를 계속 조사하고 있다고 밝혔다.,"Officials continue investigating the incident at the state-run mine in the south suburb of Datong, the news agency said.",the cause of the crash was speed and assisted the accident.,0.13163688778877258,0.22216181457042694,0.04151485860347748,2.392062573000875
지난 2일에도 산시성에 위치한 탄광이 붕괴되며 18명이 사망했었다.,The accident followed a similar mine disaster on Wednesday that killed 18 miners in neighboring Shaanxi province.,"two two people were killed and were killed, a single earthquake was killed.",0.11872563511133194,0.1647907942533493,0.07067342102527618,2.8316557261689037
당시 사고는 산시성 시안시에서 북쪽으로 600km 떨어진 후이센 리앙슈이징 국영 탄광에서 발생했으며 모두 10명이 구조됐다.,"Ten miners survived the collapse at the state-owned Huisen Liangshuijing Coal Mine, about 375 miles (600 km) north of the provincial capital, Xi¡¯an.","about, kilometers, were killed, a site was killed, and the site was about a kilometer of the northern city of., was locate",-0.15193240344524384,-0.0896240845322609,-0.21630528569221497,3.652945772536268
신부를 사칭한 남성이 성 베드로 대성당에서 고해성사를 들으려다 붙잡혀 재판을 받았다고 바티칸시티 재판부가 5일(현지시간) 언론에 밝혔다.,"ROME, Italy (CNN) A fake priest was caught trying to hear confessions in St. Peter's Basilica and was tried by a Vatican tribunal, a Vatican judge said in an interview published Saturday.","on the side, many men angrier says he can t run the man in many sexuality in the men, he said.",-0.08241387456655502,-0.026314327493309975,-0.14068254828453064,1.3740707916528632
바티칸시티 재판부의 잔루이지 마론 판사는 이 남성이 성직자 복장을 한 채 자신이 성직자임을 증명하는 위조된 서류를 가지고 있었다고 말했다.,"Judge Gianluigi Marrone, who is a member of the court system of the independent Vatican city-state, said the man was wearing clerical garb and carried documents alleging that he was a priest.","judges said they were zeroing for him to respect their own my owns after his father s office after the court s father, who is taking a page article of the",-0.15590405464172363,-0.17118480801582336,-0.14431139826774597,6.153118618495252
마론 판사는 바티칸시티의 소식지인 로세르바토레 로마노에서 “가끔 성직자를 사칭하는 희귀한 사건을 처리해야 했다”고 전했다.,"""Some time ago I had to deal with an unusual case a fake priest,"" Marrone told the Vatican newspaper L'Osservatore Romano.","this simple, the associated press said they would not have also known as a result of the, residents entertaining the garical role in the barber",-0.18082387745380402,-0.17630815505981445,-0.18916542828083038,1.8264728862681343
판사는 “대성당 고해서에 있던 그를 체포했다”며 “당시 그는 성직자 복장을 하고 있었으나 수상한 점이 있었다”고 말했다.,"""He was caught by surprise in the basilica while he was trying to take his place in a confessional. He was wearing clerical garb, but the expert eye of our [basilica] personnel didn't need much to sense something strange in his behavior,"" Marrone said without elaborating.","the judge has been given the same time as they were able to crack down the ball, but he stood.",0.03077453374862671,0.10192357748746872,-0.04145189747214317,1.1033023815328156
당시 범인은 로마 교황청 출입증도 가지고 있었으나 경찰은 그에 대한 의심을 풀지 않았었다.,"The man was stopped and his documents checked, and even though he had what appeared to be legitimate documents, including a Vatican pass, personnel were still suspicious, the judge recalled.","the gunman was carrying a police officer on the body, but police did not immediately returning away, but police said there was no immediate word on the gia police",-0.018605278804898262,-0.07225500792264938,0.03284861147403717,1.5763395261622204
재판관은 당국이 그가 가지고 있던 서류들을 조사해 그의 신원을 밝혔으며 그가 이탈리아에서 신부행세를 했었다고 전했다.,"Checking with Italian authorities about the documents ""unmasked him,"" Marrone said, adding that the man had passed himself off as a priest in Italy.","the court, saying there is little attention to their neck and then they taken from his home in the italian capital, italy said.",0.09449060261249542,0.08559594303369522,0.10045913606882095,2.0936568681863004
그러나 사건 발생 시점이나 재판 결과에 대해서는 언급하지 않았다.,"Marrone didn't say when the incident happened, what the tribunal's verdict was or if the man received punishment.",but there were no comments about the result of the high court in washington.,0.1432347297668457,0.2008455991744995,0.08418144285678864,2.478189540258206
"인테르팍스 통신은 남오세티아 대변인의 말을 인용, 3일 밤 남오세티아의 수도인 쯔힌발리에서 그루지야 군이 총격전을 불여 2명이 숨지고 11명이 다쳤다고 보도했다.","South Ossetia said shootings Thursday night in the regional capital of Tskhinvali and surrounding areas killed two people and wounded 11 in what a South Ossetian government spokeswoman called a Georgian ¡°military provocation,¡± according to a report on Russia¡¯s state Interfax news agency.","news of the arrested men in kansas city, spokesman tom casey said tuesday that the shooting was given by the time many men, were in critical",-0.22040802240371704,-0.10982386022806168,-0.3298207223415375,1.142040271688424
이에 유럽안보협력기구(OSCE)는 심각한 우려를 나타냈다.,The Organization for Security and Cooperation in Europe (OSCE) expressed its ¡ °serious concern¡± about the incident.,"the other proposals the measure, and they were concerned about the growing concern.",0.023828543722629547,0.2447805255651474,-0.18194590508937836,4.478594067804551
미국의 독립기념일인 4일(현지시간) 코니 아일랜드에서 열린 핫도그 빨리먹기 대회에서 지난해 우승자인 ‘턱(Jaws)’이란 별명을 가진 조이 체스트넛이 세계기록과 같은 기록으로 지난해에 이어 우승을 차지했다.,"It was a dog fight, but world record holder and defending champion, Joey ¡°Jaws¡± Chestnut, claimed his second consecutive hot dog-eating title Friday in a never-seen-before tie-breaker at Nathan¡¯s Famous Fourth of July contest on Coney Island.","american, american cnn u. s. officials said sunday he had never encountered the radio and the americans who had their more to follow up their jobs,",-0.2731163799762726,-0.14106979966163635,-0.40199288725852966,1.2167978460730349
캘리포니아주 산호세 출신인 체스트넛은 두 번째 대결인 핫도그 5개 빨리 먹기에서 일본의 경쟁자 다케루 고바야시를 누르며 챔피언에 올랐다.,"Chestnut, who hails from San Jose, California, beat rival Takeru ¡°The Tsunami¡± Kobayashi, from Japan, in a ¡°dog off¡± in which the two contestants battled to see who could finish five hot dogs first.","san francisco, california, the two sides are still invion over japan s second largest japanese, the second two of japanese st.",-0.16388516128063202,-0.03799158334732056,-0.2870543897151947,2.175771004926259
독일 베를린의 한 남성이 5일(현지시간) 마담 타소 밀랍인형 박물관에 난입해 아돌프 히틀러 밀랍인형의 머리를 훼손하려 했다고 경찰이 밝혔다.,"BERLIN, Germany (CNN) &#8212; A man raced into Berlin¡¯s Madame Tussauds wax museum Saturday and ripped the head off a waxwork of Adolf Hitler, police said.","a man in germany, a german town of a museum in paris, dean ads of denmark held a detention of decomol outside aleine outside the",-0.28373104333877563,-0.2382970154285431,-0.3323855996131897,1.7418572487959194
"경찰은 41세의 남성이 개관시간인 오전 10시, 히틀러의 밀랍인형이 전시되어 있는 전시관에 들어와 실물크기의 인형 머리를 찢으려 했으나 경비원들에 의해 저지당했다고 전했다.","Police said the 41-year-old entered the exhibit shortly after the museum doors opened at 10 a.m. and ¡°made for the Hitler figure,¡± scuffling with a guard assigned to protect it and the manager before tearing the head off the life-size statue.","a year old man found year old boys slaughtered in the early stages of the romeo rome, believed to be linked to a younger man, which was found",-0.13086028397083282,-0.12102142721414566,-0.14432236552238464,1.0314053628092787
우베 코젤니크 베를린 경찰 대변인은 경찰이 그를 체포해 구속했다고 밝혔다.,"The man was arrested and is now in custody, Berlin police spokeswoman Uwe Kozelnik said.","police officers arrested him to divorce, according to police spokesman.",0.2595168352127075,0.3714686632156372,0.1498899906873703,3.1572564565455266
그는 경찰 조사에서 박물관에 히틀러 인형이 전시되는 것에 대한 항의로 이 같은 행동을 했다고 주장했다.,"Under questioning, the man explained he wanted to protest the figure being included in the museum.","police also said they believed to be here, he said.",0.27478259801864624,0.2787729799747467,0.2684421241283417,2.904816168397081
베를린의 마담 터소 밀랍인형 박물관은 이날 개관했다.,Saturday was the opening day of the Berlin branch of the famous Madame Tussauds wax museum.,the museum shook hands at the end of a museum.,0.22593431174755096,0.3541901409626007,0.10136077553033829,5.462617726874232
"언론은 박물관 개관에 앞서 생을 마감하기 전, 벙커 안 책상에 앉아 있는 독일의 독재자 히틀러의 모습을 재연한 밀랍인형 전시 논란을 보도했었다.","News reports ahead of the opening mentioned controversy surrounding the Hitler figure, which depicted the late German leader sitting at his desk in his bunker during his last days.","media museums, like the museum, which opens the company s games in a museum seen in st. and thanks to a lao s no.",-0.03842614218592644,-0.03137010708451271,-0.04882952570915222,3.157729876648709
이란 정부 대변인이 5일(현지시간) 평화로운 목적으로 원자력을 개발할 권리는 포기하지 않겠다는 주장을 되풀이 했다고 이란 국영 언론이 보도했다.,"Iran¡¯s government spokesman on Saturday reiterated its right to develop nuclear power for peaceful purposes, a state-run news agency reported.","iranian officials denied reports that the tehran would be unable to complete its military operation in gaza, but media reports says it does not believe that aid to",-0.05663587898015976,-0.05176090821623802,-0.06493105739355087,1.6934096677198087
이란 국영 이슬람 리퍼블릭은 골람 후세인 엘함 법무장관이 이란의 우라늄 농축 중단을 조건으로 제안한 경협과 민간용 핵기술 협력 등의 서방국가의 제의에 대해 이같이 답변했다고 보도했다.,"Gholam-Hossein Elham made the remark to reporters a day after Iran delivered a response to a world powers proposal that Iran suspend its uranium enrichment in exchange for economic and other incentives, the state-run Islamic Republic News Agency reported.","the state run organization said the iranian government has already working on its sites and criticism for the health minister whose others have such as its chief justice, kim said",-0.12799225747585297,-0.05590967833995819,-0.20153339207172394,1.3595277621248645
"서방과 유엔 안보리, 이스라엘 등은 이란이 핵 프로그램을 통해 핵 무기를 개발하려 한다고 주장하고 있다.","World leaders, such as those from the West, the U.N. Security Council and Israel, have been suspicious that Iran is using its nuclear program to develop weaponry.","israel and the united states is trying to persuade iran to immediately nuclear weapons programs, and tehran would have to come to iran.",0.15793296694755554,0.13043752312660217,0.18295614421367645,1.7672827887531397
그러나 이란은 핵 프로그램을 원자력 에너지 개발에만 활용하고 있다고 반박하고 있다.,Iran has consistently disputed that and said it plans to use nuclear power for energy.,"but iran, nuclear energy iaea on energy programs.",0.19749559462070465,0.19598934054374695,0.19638988375663757,3.0307561627463224
미국 노스웨스트 에어라인 소속 항공기가 6일(현지시간) 운행 중 문제를 일으켜 승객들이 위험에 노출되는 사고가 발생했다.,"(CNN) &#8212; The nose cone of a Northwest Airlines planes caved in during a flight Sunday from Detroit, Michigan, to Tampa, Florida, without compromising the safety of the 182 passengers on board, the company said.",airbus plane said monday that the plane took place on a plane that had been transported as the plane landed on the plane.,0.029035210609436035,0.1477549523115158,-0.08727052062749863,1.023248173515986
크리스틴 바우어 노스웨스트 에어라인 대변인은 디트로이트와 플로리다 템파를 잇는 478편 항공기가 운행 중 기수부분에 문제를 보였으나 오후 2시 30분 템파에 무사히 착륙했다고 밝혔다.,"The damage to the plane occurred during the flight, but didn¡¯t affect Flight 478¡¯s scheduled 2:30 p.m. landing in Tampa, Florida, said Northwest spokeswoman Kristin Baur.","the two had a major problem on the site of a major league record, at a point of water on its web site, which had been said to be on the ground",-0.10293258726596832,0.012591342441737652,-0.21660028398036957,1.6542201997774837
그는 “현재 문제 발생의 원인을 조사 중이다”라고 덧붙였다.,"Baur, who called the damage a ¡°minor maintenance issue¡± and a ¡°very rare occurrence¡± said the cause of the incident was under investigation.","we are now working on the problem, he said.",0.09504400938749313,0.36600109934806824,-0.15220193564891815,1.4843977159472386
미국산 쇠고기의 검역이 완벽히 이뤄질 수 없다는 것을 이유로 정부의 미국산 쇠고기 수입 재개 결정에 항의하는 대규모 시위가 5일(현지시간) 발생했다.,"SEOUL, South Korea (CNN) &#8212; Tens of thousands of South Koreans were demonstrating Saturday on the streets of the capital to protest the government¡¯s decision to import what they say is unsafe U.S. beef.","in a rare, u. s. government estimates that it is not considered that to resolve the importance of the united states to consider the u. s. government",-0.12291555106639862,-0.04453027993440628,-0.20235934853553772,2.441785512310611
경찰은 이날 집회에 참석한 인원을 약 5만명으로 추산했다.,"South Korean police estimate that the crowd in Seoul is about 50,000.","police estimated that the rally was they helped, they estimated at about.",0.2112971544265747,0.19847372174263,0.22160513699054718,7.141816289329644
최근 시위가 과격화 되는 양상을 보여왔으나 다행히 이날 집회에서는 시위대와 진압 경찰간의 충돌은 발생하지 않았다.,"No clashes were reported between the protesters and riot police, although ongoing protests have at times turned violent.",clashes between protesters protesting the city s street protests were not rescheduled.,0.38811159133911133,0.3899095952510834,0.3843250572681427,2.932576302133846
"한국 정부가 4월, 광우병을 이유로 지난 5년간 수입이 금지되어 왔던 미국산 쇠고기 수입을 재개하겠다는 입장을 밝힌 후 이에 대한 항의시위가 계속됐다.",South Koreans have protested regularly since April when the government announced it would resume importing beef from the United States after a five-year ban.,"the government has reversed a rare for the last time which is in the united states for its most research which lasted over the next few years, which he said, according",0.008895090781152248,-0.08746126294136047,0.105793297290802,2.6711961764401657
지난 2003년 미국에서 광우병이 발생하자 한국 정부는 미국산 쇠고기 수입을 금지했었다.,That ban was instituted over a case of mad cow disease in the United States in 2003.,"in the united states, south korea s press association reports south korean military officials in the united states broke off as a rare in the country, south korea s central news agenc",-0.21268755197525024,-0.32561925053596497,-0.09824128448963165,2.5889065173943995
"미국식품의약국(FDA)은 7일(현지시간)을 시작으로 향후 멕시코 음식에 사용되는 실란트로, 할라피뇨, 스칼리온, 양파, 토마토 등 멕시코산 식료품의 견본을 입수, 저장고에 들여놓고 살모넬라균 감염 여부를 조사할 계획이다.","WASHINGTON (CNN) &#8212; Starting Monday, FDA inspectors will expand the salmonella search beyond tomatoes to include cilantro, jalape&ntilde; o and serrano peppers, scallions and onions.","the work of drug administration is used to work around the world, and they re doing their way to a new drug cartel, according to the u. s",-0.23807919025421143,-0.04370427504181862,-0.4213027060031891,1.5467712035391086
FDA 산하 식품보호 담당 이사인 데이비드 애치슨 박사는 “견본품에서 살모넬라균 감염 음성반응이 나올 경우 시장에 유통할 예정이다”며 “이번 대규모 검사가 수입제품 유통에 심각한 피해를 초래하지는 않을 것”이라고 밝혔다.,"¡°If (the sample) tests negative, it¡¯s open to release¡± into the marketplace, David Acheson, FDA¡¯s associate commissioner for food protection, told CNN on Saturday. ¡°The amount of testing is unlikely to have a significant impact to the flow of products into the U.S.¡±","the fbi, co founder of the company that has fen will now be higher for marketing strained markets, and that is in the same type of market that can",-0.17003865540027618,-0.04078549146652222,-0.29624098539352417,0.9892075054537808
미국 캘리포니아에서 확산되고 있는 산불의 진화작업이 계속되고 있는 가운데 관할 소방당국의 허가 없이 맞불을 놓은 48세의 주택 소유주가 구속됐다.,"SANTA BARBARA, California (CNN) &#8212; Authorities arrested a 48-year-old homeowner for setting backfires without permission as firefighters continue to battle two of California¡¯s most threatening wildfires.","washington cnn authorities have vowed to make break fires with the california supreme court told cnn as they threatened, but forcing to their homes in the california",-0.1396663784980774,-0.07925782352685928,-0.2022012323141098,1.3686831217238165
캘리포니아 관할 산불 방재청의 클리프 윌리엄스는 빅서 지역 인근에 위치한 자신의 집 주변 에 맞불을 놓은 방화범을 체포했다고 밝혔다.,"The man was arrested for setting backfires around his home near the Big Sur area, Cliff Williams of the California Department of Forestry and Fire Protection said Saturday night.","a man in the area, which houses the san s arrested fires were fired, said homeland, where a neighboring woman s nearly doubled areas",-0.09077887237071991,-0.10455441474914551,-0.08049599081277847,3.273708449938474
맞불은 산불과 반대방향에서 불을 질러 탈 것을 없애 불이 번지는 것을 막는 방법이다.,A backfire is a fire started to check an advancing fire by creating a burn area.,", the korean federation is moving to the station and tried to cut into their station but noted that they will continue to be tried by the fire.",0.10106047242879868,0.06873662024736404,0.13083875179290771,1.92408485982654
그는 맞불로 인해 화재 진압에 문제점이 발생할 수도 있고 다른 주민들을 위협할 수 있다고 전했다.,"The fire can also get out of control and injure other residents, he said.","he said that two of the people can enter, coming into a bedroom.",0.309355765581131,0.3390394151210785,0.27778470516204834,6.471074162236761
윌리엄스는 화재진압 경험이 없는 이 방화범은 당국의 허가 없이 맞불을 놓고 소방대원들의 지시를 따르지 않았기 때문에 구속됐다고 밝혔다.,"The homeowner, who did not have any firefighting experience, was arrested for setting backfires in the area without permission and for disobeying an order by a firefighter, Williams said.","venus does not consider these things, but no one has these companies of security problems, the associated press reported.",0.05829079449176788,0.06426876783370972,0.04927097260951996,1.566548602820126
아랍에미리트연합(UAE)이 이라크가 지고 있던 70억달러(약 7조원)에 달하는 채무를 탕감하고 외교관계를 정상화 하겠다고 밝혔다.,"DUBAI, United Arab Emirates (CNN) &#8212;","dubai, iraq cnn the united states has already slipped off the list of foreign billion in iraq, saying the respect of the problem is that.",-0.29809340834617615,-0.18459296226501465,-0.4103131890296936,1.3353534059549443
누리 알 말리키 이라크 총리는 성명을 통해 셰이크 칼리파 빈 자에드 알 나흐얀 UAE 대통령이 이라크의 채무를 탕감하며 이라크 주재 UAE 대사를 임명해 외교관계를 회복하고 테러의 피해를 입은 사원들의 복구사업을 지원하겠다는 약속을 했다고 전했다.,"In a written statement, al-Maliki said UAE President Sheikh Khalifa bin Zayed Al Nahyan promised to ¡°put out these debts,¡± appoint an ambassador to Baghdad, and ¡°help Iraq building the holy shrines that were targeted by the terrorists.","in a statement, the prime minister said, a member of the group s leader sheikh mohammed bin talabani came to work at the unit of the supreme court to stand by the",-0.1007680594921112,-0.037636417895555496,-0.1657768189907074,3.0426131445654656
말리키는 2일간의 일정으로 UAE를 방문한 첫날인 6일(현지시간) 셰이크 칼리파 빈 자에드 알 나흐얀 UAE 대통령과의 회담 후 이같이 발표했다.,"The announcement came after al-Maliki and the sheikh met Sunday, the first day of a two-day official visit.",meuna mehdi army said he had a first member of his top aides of the mehdi army after he was in the first lady at his shaping me,-0.11344868689775467,-0.19438543915748596,-0.03345737233757973,3.5148478313698046
"총리는 내무장관, 산업통상 장관과 함께 UAE를 방문했다.","Al-Maliki was accompanied by the Iraqi ministers of Interior, Commerce and Industry.",two of the group had taken to the standoff with the coming.,0.08555878698825836,0.14690454304218292,0.0227773729711771,3.764425715190367
파키스탄의 수도 이슬라마바드에서 6일(현지시간) 예정됐던 집회를 진압하기 위해 준비하던 경찰들을 목표로 한 테러가 발생해 16명이 숨졌다.,"ISLAMABAD, Pakistan (CNN) &#8212; A suicide attacker apparently targeting police trying to secure a protest rally killed 16 people on Sunday in Islamabad, police said.","islamabad, pakistan cnn a suicide bomber who tried to urge him to stop police in the islamabad of march, killing at least people, including police in",0.07931134849786758,0.1275293529033661,0.0290683601051569,1.941510132254828
이번 테러로 경찰 간부 12명과 민간인 4명이 사망하고 53명이 부상했다.,"Twelve Pakistani police officers and four civilians were killed, police said. Another 53 people were wounded.",nine number of wounded were killed and wounded when police were wounded.,0.27921444177627563,0.2805820405483246,0.27550315856933594,9.913440329668468
아스그하르 가르데지 이슬라마바드 관할 경찰 수사관은 테러가 6일 경찰서 인근에서 열릴 집회를 진압하기 위해 방어선을 준비하던 경찰들을 목표로 발생했다고 전했다.,"The suicide bomber detonated near a police station at the outermost security perimeter of a protection cordon set up by the government for Sunday¡¯s rally, according to Islamabad police Inspector General Asghar Gardezi.","police custody says the bomber detonated their effort to stop their electoral body to join their homes in the italian capital city of lahore, to stop their",-0.1505660116672516,-0.08058685809373856,-0.2221873551607132,2.941491457597588
"이번 집회는 지난해 7월, 붉은사원에서 사망한 100여명을 추모하기 위해 계획된 행사로 그들은 당시 파키스탄 특공대의 강경진압으로 사망했다.",The rally was organized outside Islamabad¡¯s Red Mosque to protest the government¡¯s deadly raid and siege of the mosque last July.,"rallying the pakistan people died about their military and their deadly bombings, and most of the dead were forced to stand out of their territory.",0.00786421075463295,0.07639174908399582,-0.06194916367530823,3.796469564911484
조지 부시 미국 대통령이 베이징 올림픽 개막식을 보이콧 하는 것은 중국인들을 모욕하는 일이라는 입장을 밝혔다.,"TOYAKO, Japan (CNN) &#8212; President Bush defended his decision to attend next month¡¯s Olympics opening ceremony in Beijing, China, saying to do otherwise ¡°would be an affront to the Chinese people, which would make it more difficult to be able to speak more frankly with the Chinese leadership.","the city s decision, to china s officials, said that the boycotts, the chinese embassy worked hardly tuesday.",-0.10992907732725143,0.03770257160067558,-0.2524392902851105,0.5655322975772679
후쿠다 야스오 일본 총리도 6일(현지시간) 부시 대통령과 공동 기자회견을 갖고 베이징 올림픽 개막식 참가 의사를 밝혔다. 이전 세계 지도자들은 중국에서의 인권문제를 이유로 올림픽 개막식 불참을 논의했었다.,"Japan¡¯s Prime Minister Yasuo Fukuda, at a joint news conference with President Bush Sunday, also announced that he would attend the opening ceremony despite concerns about human rights in China that prompted some other world leaders to boycott the event.","two days of talks held against the leaders of president bush on thursday and they should step down from to, to host the country s official news of the world",-0.02605699561536312,0.021530933678150177,-0.07601006329059601,1.3246641381184463
양국 정상은 일본 도쿄에서 이번 주 개최 예정인 선진 8개국(G8) 정상회담 전 공동으로 기자회견을 가졌다.,Bush and Fukuda took questions from reporters Sunday ahead of the start of the summit of the Group of Eight industrialized nations being hosted by Japan this week.,"the two countries, they will be able to discuss the summit declaration of the summit, taking a meeting of the nation s oceaning region, where they will",0.01706513948738575,-0.00263401516713202,0.0336964912712574,6.082055310628111
부시 대통령은 또 이날 회견에서 북한의 일본인 납치 문제를 미국이 좌시하지만은 않을 것이라고 밝혔다.,President Bush assured Japan that the issue of North Korea¡¯s past kidnappings of Japanese citizens will not be ignored by the United States.,"bush is going to address north korea s nuclear problem as the united states but is not going to stick with the problem with north korea, but bush said north korea needs to",0.1927558034658432,0.199410080909729,0.18349947035312653,1.432548017297354
부시는 후쿠다 총리에게 “이 문제가 일본에게 가장 민감한 사안이라는 것을 충분히 인식하고 있다”며 “문제 해결을 일본에게만 맡기지 않을 것이다”라고 전했다.,He told Fukuda that he was ¡°fully aware of the sensitivity of the issue in your country¡± and that ¡°the United States will not abandon you on this issue.,"we are not aware of we hope we are weing we, we are weing we re seeing we re getting to our problem. we are we are weing we,",-0.2310141921043396,-0.32270506024360657,-0.13978266716003418,2.7588924449082466
북핵 문제에 대해서는 “최근 북한이 냉각탑을 폭파하고 핵 신고서를 제출하는 등 긍정적으로 진행되고 있다”며 “향후 더 진전이 이뤄질 것으로 확신한다”고 말했다.,"President Bush said North Korea¡¯s recent destruction of a water cooling tower at its now-defunct nuclear facility and its declaration outlining its plutonium program are positive steps, but there are ¡°more to be taken. ¡±","north korea has nuclear powered its nuclear programs and activities such as having nuclear activities, north korea s nuclear program.",-0.05917546525597572,0.05682588741183281,-0.17318768799304962,1.3670252992274416
그는 “그들에게 문제의 책임을 전가하려는 것은 아니지만 그래도 심히 당황스러웠다”고 말했다.,"¡°I am surprised at how ¡¦ the press ¡¦ I¡¯m not trying to dump on you guys, but I¡¯m surprised at how finely calibrated every single word was measured,¡± he said.","it s absolutely up to the problems in their position and they have, said they tells the people of the problems, said yesterday",-0.21342001855373383,-0.040956705808639526,-0.3778083920478821,1.5097473397094947
"토디 딕슨이 시체에 대한 관심을 갖기 시작한 것은 어린 시절, 장의사였던 그의 삼촌이 장례식을 준비하던 모습을 몰래 지켜보던 때로 돌아간다.","(CNN) Toney Dixon's fascination with dead bodies goes back to her childhood, when she would sneak around her uncle's funeral home and watch him prepare bodies.",what it means the start of a body s funeral is a blow to him.,0.13602986931800842,0.2001550793647766,0.07074982672929764,1.4417556939290288
이어 “두려움 보다는 더욱 알고 싶다는 욕구가 들었었다”고 덧붙였다.,"""But instead of being taken aback and terrified, I wanted to know more.","i was wanted to do more than,, and we have always wanted.",0.10623959451913834,0.08399734646081924,0.1257440596818924,6.471074162236761
"몇 년 후, 딕슨은 당시의 호기심을 바탕 으로 쌍둥이 동생인 알바레즈와 함께 ‘바디월드(Body Worlds)’라는 주제로 진행된 전시회를 찾아 잘 보존된 인간 표본의 해부된 몸과 살을 관찰했다.","Years later, Dixon's curiosity drew her and her twin sister, Erlyene Toney-Alvarez, to Body Worlds, an exhibit that shows preserved human specimens bisected and stripped of skin.","now, fewer than a decade in the room, announced it was a hoax, and famously sang their homes, according to the u. s",-0.12944622337818146,-0.10436834394931793,-0.15789902210235596,1.8829060879288584
알바레즈는 “마치 내 몸을 거울에 비춰보는 것 같았다”고 전했다.,"""It's like standing in the mirror and seeing yourself in a totally new way,"" said Dixon, the younger twin.","i m sure that the two men who are already engaged in a sri lankan, said peter, arizona of al qaeda in.",-0.054824862629175186,-0.18165825307369232,0.07532701641321182,4.260146736441797
전시회에서 크게 감명을 받은 그들은 자신들의 장기를 전시관에 기증하겠다고 서명했다.,The twins were so impressed that they signed up on the spot to donate their earthly remains to the exhibit.,"they are taking their long awaits of their homes and their families, hanuman was told their families.",-0.018823886290192604,-0.07001824676990509,0.030068693682551384,2.398122473724688
"그녀들은 서명 후 시체를 해부, 보존, 전시함은 장례식 외 에 많은 큰 목적을 위해 쓰일 것이라고 믿는 한 단체에 가입하게 되었다.","With their signatures, the women joined a group of people who believe that having their bodies dissected, preserved and displayed will serve a greater purpose than burial or cremation.","they believed that the safety believed to be safe for the two groups, including arrow media business mus told the associated press, where he is believe",-0.10338710248470306,-0.17075075209140778,-0.037791911512613297,1.7309983372682876
바디월드가 진행하고 있는 기증프로그램에는 북미에만 약 800명의 회원이 가입되어 있으며 전 세계에 8600명의 회원이 있다.,"Body Worlds' donor program boasts about 800 people in North America and 8,600 worldwide.","fighting is a about north korean company, lists the list of the world s fourths, and the world s best parts about the world, a",-0.09923038631677628,-0.10352358967065811,-0.09851223230361938,1.5880117714047368
알바레즈는 “남들과는 다른 사상을 가지고 있던 나에게 평범한 장례식 보다는 내 신체를 보존할 수 있는 좋은 방법이 이것이라 생각했다”고 말했다.,"""I thought, since I like to think outside the box, this would be a really good way to preserve our bodies instead of the typical funeral,"" Toney-Alvarez said.","and dadullah said he was very happy to attend the rest of the i knew, but i m good to see a very different night for me, but i m",-0.02999122068285942,-0.04771402105689049,-0.015516472980380058,3.2589400161405697
이어 “나의 죽음이 인류에 큰 기여를 할 수 있다는 것은 기쁜 일이다”라고 덧붙였다.,"""It's also something I can go to my death feeling good about, like I made a contribution to humankind.",deathly because of the deaths of the deaths of the deaths of the dead and deaths.,-0.01344381645321846,-0.0913238450884819,0.06356815993785858,1.7042146160049083
"미국은 1965년 ‘유니폼 아나토니칼 기프트 액트(Uniform Anatomical Gift Act,UAGF)’가 세워진 이후, 개인에게 자신의 장기를 과학발달을 위해 자유롭게 기부할 수 있는 권리를 주었다.","Individual Americans have had the right to bequeath their bodies to science since 1965, when the Uniform Anatomical Gift Act established the human body as property.","the territorial organization, a high ranking organization in the world, is a first member of the international atomic energy agency, and his morton said in a statement",-0.0968419536948204,-0.11445054411888123,-0.08270075917243958,1.7557381354086663
이 법에따르면 기증자의 유언은 유언자의 친척들보다도 우선권을 가지고 있다.,"With that law, a donor's wishes superseded those of the next of kin.","the deal, which is, a relative of officials from the prison is asking for a healthy to give up their rights.",0.12426568567752838,0.09069771319627762,0.155393585562706,3.956623635711306
그러나 ‘어소시에이션 오브 아메리칸 메디칼 콜리지(Association of American Medical Colleges)’는 기사를 통해 최근 늘어나고 있는 장기기증은 개방된 사회적 관습과 도덕관에서부터 나오는 것이라고 주장했다.,"But academics in the field of gross anatomy attribute recent increases in body donations to relaxed social mores, according to an article published by the Association of American Medical Colleges.","we are not authorized to see the dogs that they can do, the way we re going to be able to control their homes, which are laid to",-0.05271154269576073,-0.09578639268875122,-0.012353469617664814,1.736737893231131
지난 1993년 독일의 해부학자인 본 하겐이 대안을 제시하기 전까지 미국에서 기증된 장기들 대부분은 의과대학으로 보내졌다.,"Then, in 1993, controversial German anatomist Gunther von Hagens emerged with an alternative.","in recent years was the most recent verdict up a big man from decades of their impressive lists, they have been forced to have people with, man",-0.08233476430177689,-0.12411107122898102,-0.04341400787234306,1.8196871111910016
"본 하겐은 1970년대부터 인체를 해부하기 시작하였으며 ‘플라스티네이션’이라는 기술을 발명, 유럽의 프랑켄슈타인이라는 별명을 갖게 됐다.","Von Hagens, a self-styled iconoclast who earned the moniker Dr. Frankenstein in Europe for performing a public dissection, invented plastination in the 1970s.","the meat, which represents me, and they are expected to quit start with this product, which he said, and he knows the run",-0.05343093350529671,-0.03678388521075249,-0.07336809486150742,1.9626728448746968
"본 하겐은 결국 지난 1993년 독일 하이델베르크에 ‘인스티튜트 포 플라스티네이션(Institute for Plastination)’을 설립, 바디월드를 실시하기 시작했다.","In 1993, von Hagens founded the Institute for Plastination in Heidelberg, Germany, a research center that performs plastination and manages the Body Worlds exhibits.","the lower hit,, had never hit back to the second set with a free kick and was disresed during the second century b. c.",-0.06991159170866013,-0.024601122364401817,-0.11780612915754318,2.172054551709621
이곳에서는 바디월드 전시관 및 다른 연구소에 전시될 200달러(약 20만원)에서 6만달러(약 6000만원)에 달하는 플라스티네이션 장기들이 제조되고 있다.,"The Institute produces specimens for Body Worlds exhibits and academic institutions that pay anywhere from $200 to $60,000 for them.","the list of drugs and people were caught up in a new exhibit s new case, a recent fake manufacturers line foundation.",-0.06273534148931503,-0.05889531970024109,-0.07002151012420654,1.8709718017288024
"그는 장기 기증자들은 연구의 주 재료를 공급하기도 하지만, 또한 바디월드의 철학을 증명해 보이기도 한다.","Von Hagens says he relies on donors not only as a source of specimens, but also as representations of Body Worlds' philosophy.","they hope to feed the problems but they can t work, but they could see the problem.",0.03835303708910942,0.0726558044552803,0.001433998579159379,3.4440626489727304
본 하겐은 전화 인터뷰를 통해 “시신을 땅에 묻을지 아니면 후세를 위해 전시관에 기증할지는 본인이 선택해야 할 문제다”라고 전했다.,"an exhibition to teach the next generation,"" von Hagens said in a recent telephone interview.","i think she was not immediately clear if he was checking to get out of the problem, but if you ask the question is whether you should be veryither, if you",-0.07283541560173035,-0.14142072200775146,-0.0058583831414580345,1.4780822562194806
그는 또 기부를 약속한 사람들과 정기적인 모임을 가진다.,"The donors meet periodically at conferences, where they catch up with each other and with von Hagens.",he also wants to make a statement that they should get more of money.,0.13048452138900757,0.16411443054676056,0.09450595080852509,2.39367216892196
최근 딕슨 자매는 지난 1997년 서명한 어머니 일마 헨리와 함께 캘리포니아 주 로스앤젤레스에서 열린 기증자 모임에 참석했다.,"Recently, the sisters attended a donor conference in Los Angeles, California, with their mother, Irma Henry, who signed on in 1997.","in recent years, the recently mothers tested positive for her daughter last week and founded the ruling last week in california.",0.0366094745695591,-0.039421435445547104,0.1117984727025032,3.4800908162073387
또 다른 기증자인 마크 로너는 다른 사람들이 자신을 보고 자신과 같은 행동을 하지 않기를 바라는 심정으로 잘려진 자신의 다리를 바디월드에 기부했다.,Marc Rohner donated his leg to Body Worlds because he wanted others to learn from it.,"the other sketch, others said they were not looking for the rest of the characters, but they see no different do different from their own trust, but",0.0403120256960392,0.022762687876820564,0.05483894795179367,1.4763939041893883
그는 “사람들이 사진이나 TV에서 보는 인간의 몸은 한계가 있다”고 말했다.,"""What you see in a picture or on ""CSI"" does not do justice to what the real human body looks like or how it functions,"" said Rohner, whose leg was amputated in 2006 to remove a malignant giant cell tumor.",that people have been watching down from the tv.,-0.03554680943489075,0.05922536924481392,-0.13002517819404602,0.1233716258941444
지난 2006년 악성 세포종양으로 다리를 절단해야 했던 로너는 “실제 다리나 검은 폐가 당신 앞에 놓여져 있다면 자세히 볼 수 있을 것이다”라고 덧붙였다.,"""By having a three-dimensional leg or black lung in front of you, you have areas of focus and details you can't see in a photo.","their clock told the bbc s dr. marde wasn t the only one to see the old bridge to their legs, but the leg was to",-0.06864091008901596,-0.11684612929821014,-0.023013660684227943,1.8884748972625875
현재 로너는 오하이오 주 콜럼버스에서 병리학자의 조수로 일하고 있다. 살아있는 사람이 자신의 신체의 일부를 기증한 것은 그가 처음이다.,"With his donation, Rohner, a pathologist's assistant in Columbus, Ohio, became the first living person to give a body part to the Institute.","the ohio is o, said at least some, whose films who live in the state department s state run by the state department event, which is in some",-0.13386639952659607,-0.14556454122066498,-0.12581904232501984,1.877081263233555
그 의 말 처럼 유럽의 교회단체들은 이 전시회에 대해 모욕적이라며 비난하고 있으며 세계의 회의론자들은 바디월드에 전시된 전시품들의 출처를 주제로 끊임없는 논쟁을 벌이고 있다.,"Church groups in Europe have repeatedly denounced the shows as disrespectful, and skeptics around the world continue to question whether the Body Worlds specimens really are from legitimate sources.","the debate, the world s lead and offered world no., ms. we are all about the world and the world s lead.",0.013968614861369133,-0.015235615894198418,0.04027293249964714,3.3848387650018656
그러나 기증을 약속한 토니 알바레즈는 “만약 어머니와 언니의 장기가 전시되어 있더라도 그것들을 보러 갈 것이다”라고 말했다.,"But Toney-Alvarez says she will visit Body Worlds, even if her mother and sister are on display.","but a particularly strong moment that, if they were concerned about the criteria and his wife and closely changed his mother, but it said.",0.0483362190425396,0.04579281061887741,0.047781795263290405,2.075273865705644
"그는 “육체는 그냥 껍데기일 뿐, 모든 추억과 기억은 가슴속에 남아있을 것이다”라고 덧붙였다.","The memories are in the heart and in the mind,"" she said.","and daduy brown is still have a definitive of chests on their chests, but he said.",0.1468956023454666,0.08667522668838501,0.2057289183139801,5.10809933294318
미국의 정부 과학자들이 초콜릿 공급을 조금 더 안전하게 하기 위해 5년에 걸쳐 실시되는 코코아 열매 게놈 프로젝트에 착수했다.,"MIAMI, Florida (CNN) U.S. government scientists are launching a five-year project aimed at safeguarding the world's chocolate supply by dissecting the genome of the cocoa bean.",the government of the united states of america are in the works of art and that more environmentally had more environmentally tied by the u. s.,-0.0219059307128191,-0.013810361735522747,-0.033288292586803436,3.2536943751360186
"미국 마이애미에 위치하고 있는 농무부는 마르스(Mars Inc.)라는 캔디 회사로부터 받은 1000만달러 이상의 자금을 이용, 약 4억개 가량 되는 카카오의 게놈을 분석, 연구할 계획이다.","A U.S. Department of Agriculture team based in Miami, funded with more than $10 million from candy company Mars Inc., will analyze the more than 400 million parts of the cocoa genome, a process that could help battle crippling crop diseases and even lead to better-tasting chocolate.","the department of u. s. department of ryding is million for millions of dollars to stay in the eyes of,, and million us, to",-0.06938926130533218,-0.043029677122831345,-0.09890557825565338,0.9810035788546952
매년 농부들은 진균류로 인해 7억달러의 손해를 보고 있다.,Fungal diseases cost cocoa farmers an estimated $700 million annually.,the year old farmers from the ministry of millions of billions in the year is a billion highway.,0.1349947452545166,0.1323191076517105,0.13485528528690338,2.4074859035470344
이들은 연구를 토대로 카카오나무의 어떠한 특징이 감염의 원인이 되는지와 맛을 비롯한 카카오의 모든 면을 이해할 수 있을 것으로 추정된다.,"The analysis will not only identify what traits make cacao trees susceptible, but it will allow scientists and candymakers to better understand every aspect of cocoa, from its ability to sustain drought to the way it tastes.","they moved into effect, which was due to try to produce a light of water, and they even all the effects of the waterway.",0.008439511060714722,0.02557499334216118,-0.01178079005330801,1.442117550017133
USDA의 유전학자인 레이는 “게놈의 전체적인 요소를 알게 된다면 모든 유전자들을 관찰할 수 있게 될 것이다”며 “아무래도 많은 사람들이 맛있는 유전자에 더욱 관심을 가질 것이다”라고 전했다.,"""Once we have the whole genome, they'll be able to go in and look at all the genes they're interested in,"" said Ray Schnell, a research geneticist with the USDA, referring to candymakers. ""They'll all be interested in flavor genes.","after surviving a nuclear test in history, the world s biggest canines human rights experts can t recommend.",-0.061001311987638474,-0.061021704226732254,-0.0644323080778122,0.6715745860402986
관계자는 이번 프로젝트가 세계 에서 소비하는 코코아의 70%이상을 생산하는 아프리카 농민들에게 많은 이익을 줄 것이라고 말했다.,"The project's backers say the work stands to be a boon to farmers, largely in Africa, who produce about 70 percent of the world's cocoa.","in addition to the, toyota more, more than, people will buy a more cheerful of more than a century, said project.",-0.02076839655637741,-0.04831963777542114,0.003733207006007433,2.2496094454584346
"어떤 카카오종이 어떤 특정지역에 가장 적합한지, 질병과 가뭄에 강한지를 판단함으로 농작 민들은 출하량을 증가시킬 수 있을 것 이다.","By determining which breeds of cacao trees are most appropriate for a specific locale and most able to fend off disease and drought, farmers could increase crop yields.","as many as people are low, and the risks for the couple, as the country s most important thing, as they are expected to be normally as the",-0.09590501338243484,-0.12514613568782806,-0.06991821527481079,1.877081263233555
이번 연구를 함께하는 미국 뉴욕 요크타운 하이츠에 위치한 IBM리서치의 에이제이 로유로는 코코아 게놈 프로젝트가 훨씬 더 복잡한 인간의 그것을 연구하는 기술을 바탕 으로 진행된다고 밝혔다.,"Ajay Royyuro, who leads the Computational Biology Center at IBM Research in Yorktown Heights, New York, said the cocoa genome project capitalizes on advances from examining the far more complicated human genome. An IBM team will participate in the cocoa efforts.","the group, who cos the daily show, said phila, who co founder jerry co., told the bbc s vicky vick",-0.16240505874156952,-0.1440657079219818,-0.18435582518577576,2.25248974758018
그는 “게놈혁명은 진행 중이다”며 “경제에 큰 영향을 줄 것이다”라고 말했다.,"""The genome revolution is underway and there is a way in which that revolution can be leveraged to have an economic impact,"" Royyuro said.",we ve got a sense of economies and we ve got a plan to help the economy.,0.17367127537727356,0.20638318359851837,0.13872043788433075,1.7426578426181496
"프로젝트는 마르스의 자금으로 진행되지만 결과는 경쟁사를 포함, 일반 대중에게 공개 될 예정이다.","Though the project is funded by Mars the maker of M&Ms and Snickers its findings will be made public, even to its competitors.","projects will be able to check on the group, including the zoo, and, at the end of,, but it will be still well.",0.020917076617479324,0.003089997684583068,0.03566284477710724,3.7481317238224823
마르스 관계자는 자사의 능력만으로 이를 수행하기는 버겁다고 말하며 이를 진행하는 동기가 해충과 질병을 물리치기 위한 것이라고 밝혔다.,"Mars says there will be more information to examine than any one company could ever do alone, and that the main reasons for cracking the genome are to combat cocoa pests and disease.",", officials said, i want to see a steady to resolve his clients, she said.",0.08177465200424194,0.13620008528232574,0.025585589930415154,1.1811901769128963
독일 동부의 시에벤 린덴 마을 주민 수십명은 환경을 생각해 짚과 점토로 건물을 지었다.,"SIEBEN LINDEN, Germany (CNN) Straw and clay are the building materials of choice for a few dozen ecologically minded people in the eastern German village of Sieben Linden.","irvin, germany is a powerful tropicaling, often in eastern germany, as well as their own green buildings.",-0.08056683838367462,-0.015626508742570877,-0.1472328156232834,1.6083889202871613
한편 지구 반대편에 위치한 중국은 10만명의 주민이 살고 있는 도시를 40만명의 인구가 사는 도시로 성장시키려 하고 있다.,"A continent away, the Chinese government plans to transform a rural area of 100,000 people into a city of 400,000 that would run largely on renewable energy.","the island has been estimated to grow, and more than million in the city s towns.",0.06840535253286362,0.08490896224975586,0.049000728875398636,1.7430592791902204
석유 사용을 줄이는 전략들은 세계의 인구 수만큼 다양해 지고 있다.,"From the simplest methods to the most technologically advanced, the strategies employed around the world to be more environmentally friendly and reduce reliance on fossil fuels are as varied as the people that inhabit the planet.","these oil is access to america, where the world could have become a world food.",0.11471795290708542,0.1874629259109497,0.04121667146682739,1.672212770711086
국제적인 관심을 받고 있는 도시는 독일 남부의 프라이부르크다.,"One city garnering international attention is Freiburg, in southern Germany.","cities were underway in a german town of germany, a poor south of german soccer.",0.07709843665361404,-0.01581151969730854,0.17045587301254272,3.0098043843528286
이곳 주민들은 태양열 에너지와 다른 재생 에너지를 활용하고 있어 자신들의 마을에 친환경에너지를 도입하고자 하는 관광객들의 발길이 끊어지지 않고 있다.,Its use of solar panels and other forms of renewable energy draws tourists interested in taking green ideas to their hometowns.,"residents get their best opportunity to see how many of their own green locations in the energy and others, their homes are punishable at the other guest",0.08562023192644119,0.027547143399715424,0.1420171558856964,2.245787784328702
또한 집열판 생산업체인 솔라 패브릭은 이곳에서 태양열을 사용하는 공장을 운영하고 있다.,"Solar-Fabrik, a producer of solar panels, has a sun-powered factory in Freiburg.","the owner of a giant employment panel plant plants at least, fueling the fed solar panels.",0.1585082709789276,0.12476692348718643,0.18992450833320618,5.653041175801492
미국 뉴올리언스에서 가장 중요한 산업은 바로 칵테일 산업이다.,"NEW ORLEANS, Louisiana (CNN) In New Orleans, cocktails are serious business.",the most industrialized in the most common way of industrialized industrialized in the united states.,-0.10610786825418472,-0.015210146084427834,-0.19716843962669373,2.445593937240363
미국의 술 맛을 평가하는 명승지로 이곳만한 곳은 없다.,What better town for a temple to the tasty history of the American libation?,"they are not surely have to have the american states to help us,.",-0.03208864852786064,-0.05984831973910332,-0.007409464102238417,3.125190763972442
이 박물관은 토마스 제퍼슨 전 미국 대통령의 재임 시절부터 판매된 칵테일의 역사에 중점을 두고 많은 자료들을 전시할 예정이다.,But the Museum of the American Cocktail opening in July will focus on the rich history of sophisticated drinks that have been served since Thomas Jefferson was president.,"at the same time, museums abound, too, is a big state who is on a famously before history.",0.04494480416178703,0.03463379666209221,0.052177172154188156,1.7769655303073733
"쓴 맥주, 증류주 등에 설탕을 혼합해 만든 칵테일이 처음 프랑스 항구도시에서 선보였다.","Cocktails originally defined as any mixture of bitters, spirits and sugar were an early fixture in this French port city.","the first time in a move against france s first based first separately on the first, porto scored the first in the port of a first round in the first state in france",-0.09446270018815994,-0.08422940969467163,-0.10819791257381439,1.539373025281168
이어 단 음료를 잘 마시는 유럽인들의 감성이 미국 남부에까지 확산되며 칵테일 음료는 다양화의 시대를 맞게 됐다.,"Besides easy access to sugar, a European sensibility allowed a drinking culture to flourish when it foundered elsewhere in the South's Bible Belt.","these are expected to push for a change in the united states, and trainers are snapped by their americans and their citizens.",0.045350588858127594,0.06673510372638702,0.021069945767521858,3.97213910459993
"칵테일 박물관은 프랑스 거리인 프렌치 쿼타에 세워졌으며 희귀한 술, 서적, 금주령 시대 문학까지 다양한 수집품들이 전시된다.","The museum is located near the French Quarter and features a collection of rare spirits, books and Prohibition-era literature.","on the museum, museum finding, la dish,, was taken into the planet, said on thursday, the museum said.",0.11691568046808243,0.06319761276245117,0.16885952651500702,2.1300733682208985
"또한 칵테일 용 쉐이커, 유리그릇, 기구와 장치 등 칵테일과 관련된 기념품도 제작, 판매한다.","There will be vintage cocktail shakers, glassware, tools, gadgets and other cocktail memorabilia.","it will be a team of specialty and officers, which have also been released only.",0.08460701256990433,0.13549895584583282,0.031811848282814026,5.751391809950023
테드 하이 칵테일 박물관장은 “칵테일은 기발한 조합”이라며 “축제와 역사를 사랑하는 뉴올리언스와 최고의 궁합을 자랑한다”고 전했다.,"""And New Orleans is the ultimate fit a city that loves celebration and history.","arding fuel, the museum said, i think we re doing, and we ve got a sense of these fantastic event, which he said, i",-0.05666730925440788,-0.16449257731437683,0.05253514274954796,1.6934096677198087
조사에따르면 미국인들이 초고속 인터넷을 덜 사용하는 이유는 상용도 보다는 인식에 기인한 것으로 밝혀졌다.,NEW YORK (CNN) A new study suggests that attitude rather than availability may be the key reason why more Americans don't have high-speed Internet access.,"according to the polls, americans are still being used for a pre record that they could see a player.",0.0729367733001709,0.08187556266784668,0.061025235801935196,1.712583059535944
현재 ‘퓨 인터넷 앤 아메리칸 라이프 프로젝트(Pew Internet and American Life Project)’는 전용선 공급자들이 고객의 욕구를 충족하는데 집중해야 한다는 의견에 반대하고 있다.,The findings from the Pew Internet and American Life Project challenge the argument that broadband providers need to more aggressively roll out supply to meet demand.,"they are the most popular form of the group, said they would find the number of passengers inside the head, now they can take their way of their producer",-0.007450304925441742,-0.0008550113416276872,-0.017296766862273216,1.4262733286728255
응답자의 약 35%가 전용선 가격이 비싸 아직 모뎀을 사용한다고 밝혔고 또 다른 19%는 자신이 사용하고 있는 인터넷을 업그레이드 할 가치를 느끼지 못한다고 말했다.,"Thirty-five percent say they're still on dial-up because broadband prices are too high, while another 19 percent say nothing would persuade them to upgrade. The remainder have other reasons or do not know.","the company said it was a company created cell, with tsonga percent of the company s web site, the associated press reported, explaining that",-0.08132966607809067,-0.0893014594912529,-0.07686147093772888,1.1825665420463247
그러나 연구기관은 재택근무나 인터넷 강의를 위해 초고속 인터넷을 필요로 하는 시골의 외진 지역에는 사실상 전용선 설치가 어렵다고 밝혔다.,"""It's going to have to be a process of getting people more engaged with information technology and demonstrating to people it's worth it for them to make the investment of time and money. ""","but, the foundation says, a slightly started online community, but she said she did not know if they are internet to safety.",0.006053196266293526,-0.018701648339629173,0.027790000662207603,1.390658698239934
조사결과 모뎀을 통해 인터넷을 사용하는 사람들 중 전용선 설치를 희망하는 사용자의 약 24%는 시골 거주자 인 것으로 드러났다.,"Nonetheless, the Pew study does support concerns that rural Americans have more trouble getting faster Internet connections, which bring greater opportunities to work from home or log into classes at distant universities.",the average internet users found large quantities of internet users and internet users.,0.059298720210790634,0.10572142899036407,0.010722093284130096,0.7535454515775024
"교외 거주자의 약 11%, 도시 거주자의 약 3%가 전용선 설치를 원했다.","Twenty-four percent of rural dial-up users say they would get broadband if it becomes available, compared with 11 percent for suburbanites and 3 percent for city dwellers.","about, cities about, people about the city of about, cities, about, homes and a white house hopefuls.",-0.13989804685115814,-0.20394586026668549,-0.077909916639328,1.896938902303988
정부가 사람들에게 초고속 인터넷의 효용을 알려야 한다고 주장하는 빈트 커프는 “사람들이 지금 누리지 못하고 있는 이익과 혜택에 대해 더욱 자세히 안다면 전용선을 사용할 것이다”라고 전했다.,"Vint Cerf, one of the Internet's key inventors and an advocate for the idea that the government should be more active in expanding broadband, suspects that many more dial-up users would be interested in going high-speed if they had a better idea of what they're missing.","if the people are easily available to delivery by the internet, saying it would be easy to take internet users or even if it can take on the internet",0.03051743097603321,0.0649571642279625,-0.006559110712260008,1.8639599047368065
현재 전용선의 가격이 높고 속도가 느린 이유는 공급지역이 한정되어 있기 때문이다.,"He pointed out that broadband access is available from only one provider in many areas, keeping prices high and speeds low.",there are been an organic price of the area where these can between.,0.10663972795009613,0.12245552986860275,0.08803562819957733,1.4931531916267482
그는 “전용선의 존재나 사용법을 모르는 몇몇 사람들은 초고속 인터넷의 필요성을 느끼지 못할 수도 있다”며 “마치 내가 우리 가족 모두가 사용하는 ‘맥북 프로스(Mac book Pros)’를 알게 된 후 화상회의에 빠져버린 것과 비슷하다”고 덧붙였다.,"""Some residential users may not see a need for higher speeds because they don't know about or don't have ability to use high speeds,"" Cerf said.","some of these are held by the people of these people, we can see the people of these people can get a smaller of the people.",-0.0032052979804575443,-0.014756640419363976,0.005119806621223688,1.7582886872465735
한편 모뎀을 사용해 인터넷을 이용하는 사람은 전체의 10%밖에 되지 않았다.,"By contrast, only 10 percent of Americans now have dial-up access.","meanwhile, internet uses are all or looking to use that internet use.",0.19813305139541626,0.15150220692157745,0.24296513199806213,3.377156414337854
그러나 많은 저소득층 가정과 흑인들은 아직 전용선의 혜택을 누리지 못하고 있다.,"Despite the increase in overall broadband adoption, though, growth has been flat among blacks and poorer Americans.","but as many as, both blacks and blacks, were both.",0.15714506804943085,0.1618843972682953,0.14967741072177887,4.534086576963962
설문조사 중 전체의 약 1/3이 인터넷에 관심이 없고 사용하지 않는다고 답했으며 그들 중 20%는 과거 인터넷을 사용한 경험이 있지만 더 이상 사용하지 않는다고 밝혔다.,"Of the Americans with no Internet access at all, about a third say they have no interest in logging on, even at dial-up speeds.","more than percent of those questioned in the internet, not even more importantly, negative internet contents of internet content, never taught in the internet",0.007184727117419243,-0.03963262587785721,0.051608383655548096,2.075273865705644
"기관은 지난 4월 8일부터 5월 11일까지 전화로 조사를 실시했으며 1153명의 인터넷 사용자를 포함, 모두 2251명의 성인이 설문에 응했다.","Pew's telephone study of 2,251 U.S. adults, including 1,553 Internet users, was conducted April 8 to May 11 and has a margin of sampling error of plus or minus 2 percentage points.",the agency said the september adults were conducting adults and online adults that were adults.,-0.11987235397100449,0.043079908937215805,-0.27589544653892517,0.8137851304840144
"영화 제작사는 악마, 귀신, 피가 담긴 양동이 등을 소재로 관객들을 공포로 몰아가는 영화제작에 즐거워한다.","(CNN) Demons, ghouls and buckets of blood:","the movie is free of n dinner with the white house, where he is including about corporate households and tours.",0.11926102638244629,0.06658794730901718,0.17012372612953186,2.273154356702287
이에 등골이 오싹할 만한 최고의 장면이 있는 공포영화 10선을 소개한다.,"This month, we've picked our top 10 most spine-tingling moments.",it is the only one full size of a. million.,0.1239718571305275,0.16749131679534912,0.07839062809944153,3.3864985683445354
"최고의 공포영화들이 당신들을 공포에 떨게 할 것이며 무더운 여름 밤, 잠을 설치게 할 것이다.","From Hitchcock to Cronenberg, our choices have left us sleepless and shivering with fear.","today, if you re spending time to have times the holidays, and you re spending their spending.",0.01697155088186264,-0.05935625359416008,0.09241826832294464,2.8629993657668877
"1. ‘링’ (나카타 히데오 감독, 1998년작)","1. ""Ring"" (Hideo Nakata, 1998)","crichman, years",-0.13832612335681915,-0.30690911412239075,0.03899528086185455,1.911910841165076
"나카타 감독은 치렁치렁한 옷, 검은 손톱, 무서운 눈매, 커튼처럼 늘어뜨린 머리가 특징인 사다코라는 자신만의 독특한 캐릭터를 만들어 냈다.","In the hideous Sadako all ragged, black fingernails and terrible eyes behind curtain of hair Nakata has created a unique horror creature.","they laughed, especially in the case, she said, as well as they laugh, but the sound likely do not wearable, he",-0.07406936585903168,-0.037807632237672806,-0.11323778331279755,1.7179060012299232
이 영화를 본 당신은 절대 TV를 볼 수 없을 것이다.,You will never look at your TV the same way again.,"so, you can t get tv.",0.31911468505859375,0.33392173051834106,0.30218884348869324,3.3495035708457803
"2. ‘괴물’(원제, ""The Thing"", 존 카펜터 감독, 1982년작)","2. ""The Thing"" (John Carpenter, 1982)","lee is expected to be tears with his own, and drinking today with his fire, the theater said.",0.10790439695119858,0.042929213494062424,0.1716122031211853,2.159701133933343
공포영화의 대가 존 카펜터 감독이 남극연구기지에서 발생한 망상증을 공포영화에 끌어들였다.,Horror-maestro John Carpenter ramps up the paranoia in a remote polar research station.,"the new york city court said the remaining people had received a crime into the air, prompting the green to the state after the two state runs on the state",0.00433329725638032,-0.04279974102973938,0.049075718969106674,1.4262733286728255
남극을 탐사하던 노르웨이 탐사팀은 길 잃은 귀여운 개를 만난다.,"When the scientists take in a cute lost dog, how could they possibly know it is a shape-shifting alien?",the mission is a fourth round of the mission in a july dog.,0.04056524112820625,0.06926511973142624,0.009109463542699814,5.391557534401771
3.,"3. ""The Orphanage"" (Juan Antonio Bayona, 2007)",...,-0.11614013463258743,-0.08233826607465744,-0.15305264294147491,0.9816077559181532
바요나 감독은 시몬이 사라지면서 시몬의 엄마인 로라가 느끼는 초조함을 관객들에게 선사한다.,"n disappears, director Bayona cranks up the jitters for mother Laura.","so angelina jolie is about to make herself something about the scope of her year, the sun s best.",0.05311838537454605,-0.022417427971959114,0.12782785296440125,2.3901021968803136
"4. ‘미저리’ (롭 라이너 감독, 1990년작)","4. ""Misery"" (Rob Reiner,1990)","defense attorneys have spent three years, and years, began compiled.",-0.017072908580303192,-0.08465850353240967,0.049013108015060425,3.673526562988939
"5. 에일리언 (리들리 스콧 감독, 1979년작)","5. ""Alien"" (Ridley Scott, 1979)","songs with the two years of a. member, on sunday, won a year on tuesday.",-0.01993493363261223,-0.05033176392316818,0.007479855325073004,2.4074859035470344
그리고 그의 가슴이 부풀어 오르며 그의 몸에 기생하고 있던 에일리언이 몸 밖으로 튀어나오는데……,"In the ensuing palava, his chest starts bulging and an alien parasite bursts out of his chest in a spray of blood.",his body was still in his tally and a prepy.,-0.03752981498837471,-0.0025339042767882347,-0.07535708695650101,1.7990962930922134
"6. ‘새’ (알프레드 히치콕 감독, 1963년작)","6. ""The Birds"" (Alfred Hitchcock,1963)",...,-0.09018838405609131,-0.07261653989553452,-0.11115363985300064,1.3699439807202476
"그러던 어느 날, 미치의 엄마는 남자친구의 집을 방문하고 그곳에서 자신의 남자친구가 새들의 공격으로 사망하는 것을 목격하게 된다.",The true horror of the animals' capabilities becomes clear when Mitch's mother visits a friend and finds he has been pecked to death by a swarm of the homicidal birds.,"futurelyan, motherhoods, who had been living with his followers, were calling their deadly attack on his followers, according to the",-0.06940338760614395,-0.10582012683153152,-0.03596987575292587,1.5467525225654877
"7. ‘플라이’ (데이빗 크로넨버그 감독, 1986년작)","7. ""The Fly"" (David Cronenberg,1986)",now discarded with your friends and took them of cyberspace.,0.042931780219078064,0.027025364339351654,0.055805325508117676,3.42209762272661
세드 블런드는 전송장치를 실험하던 중 장치에 함께 들어간 파리 1마리와 유전자가 섞이게 된다.,Seth Brundle (Jeff Goldblum) begins a mysterious transformation after a fly infiltrates his experimental teleportation device and their DNA is merged.,"a year old man who was also held at the scene, he told the associated press, two front runners and two female officers who took him to turn",-0.1374068409204483,-0.11151053011417389,-0.16668517887592316,1.4763939041893883
블런트는 점차 사람이 아닌 곤충의 모습으로 바뀌어간다.,He may be losing his innate humanity but he is still human enough to realize it.,"that s why they don t complete the company, and they are some kind of animation.",0.06577359139919281,0.03893255442380905,0.08983077853918076,2.147691208915905
8. ‘텍사스 전기톱 연쇄살인사건’(원제:,"8. ""The Texas Chain Saw Massacre"" (Tobe Hooper,1974)","the ap s mike tanneric, texas, texas, texas, texas, texas,, told ap.",-0.1493493765592575,-0.23334912955760956,-0.06617935001850128,2.276859592073037
이 영화는 저 예산으로 유명하다.,"This low budget shocker is the template for a million ""college kids get into trouble in Hicksville"" movies.","movies are still in the movie the day, the movie is covered.",0.13256463408470154,0.19450145959854126,0.06935615092515945,2.57566239249966
"3명의 친구들의 죽음에 고통스러워 하는 샐리, 장애인 동생 프랭클린은 이후 피할 수 없는 파멸의 길로 들어서게 되는데……","Oblivious to the gruesome deaths of their three friends, Sally and her disabled brother Franklin traipse through the undergrowth to their inevitable doom.","the deaths were among those killed, and that s not just the water, she said.",0.01362392958253622,0.038921941071748734,-0.01459289900958538,2.278333802066067
9. ‘지금 보면 안돼’ (원제:,"9. ""Don't Look Now"" (Nicolas Roeg ,1973)",...,-0.09541023522615433,-0.03343529626727104,-0.15930648148059845,0.9816077559181532
젊은 존(도날드 서덜랜드 분)과 로라(줄리 크리스티 분) 부부는 어린 딸이 익사한 후 베니스로 이사한다.,"A young couple, Laura (Julie Christie) and John (Donald Sutherland) Baxter move to Venice after the drowning of their daughter.","the couple, a couple of the couple, had a couple of their daughter, she said.",0.05383777618408203,0.14538483321666718,-0.037430405616760254,7.130916352160321
이곳에서 그들은 시각장애인 심령술사 자매를 만나 초자연적인 일들을 경험한다.,"Things get supernatural when they meet a pair of sisters, one of whom is blind and psychic.","they are paying for the result of their impressive and attention, which results checking the site for a crackdown on.",0.08362910896539688,0.04956837370991707,0.11513303220272064,2.703251334489793
존은 베니스 거리에서 딸이 죽었을 때 입었던 빨간 우비를 입은 누군가의 흐릿한 모습을 보게 되는 환상을 경험하기 시작한다.,John starts seeing a small figure in a bright red raincoat down the side streets of Venice the same raincoat his daughter was wearing when she died.,"john jon, a town of john,, was killed and they were very happy to hear the show, when her death was killed, he said",-0.007204857189208269,0.007061891723424196,-0.024646099656820297,1.92408485982654
영화에는 시적(詩的)인 장면과 공포스런 장면이 혼재되어 있으며 마지막 생각하지 못했던 반전이 당신들을 기다리고 있다.,The film is quite poetic at times and like many great horror moments the ending is completely unexpected.,"the film is, though there is no doubt about the idea but, in the past, but it is not a big step in the past, but it is not a big",0.03869878128170967,-0.04287615045905113,0.1197979524731636,2.5115381601394384
"10 . ‘이벤트 호라이즌’ (폴 W.S. 앤더슨 감독, 1997년작)","10. ""Event Horizon"" (Paul W. S. Anderson, 1997)",and while the tech closed out the nomination,0.12640690803527832,0.1965450793504715,0.05539960414171219,0.0
우주선 호라이즌 호가 다른 차원으로 여행을 떠났다가 유령선이 되어 돌아온다.,"In this high-concept sci-fi horror, the Event Horizon spaceship travels through a wormhole into another dimension hell and returns haunted.",space shuttle travel to cnn space and space traveling.,-0.052127767354249954,-0.04646634683012962,-0.06119006872177124,1.5029740873775828
"미국 연방법원 판사가 3일(현지시간) 동영상 공유사이트인 유튜브에 대한 비아콤의 10억 달러 손해배상 소송과 관련, 유튜브측에 이용자의 정보를 비아콤에 제공하도록 명령했다.","Dismissing privacy concerns, a federal judge overseeing a $1 billion copyright-infringement lawsuit against YouTube has ordered the popular online video-sharing service to disclose who watches which video clips and when.","the federal judge has appealed into the alleged fraud and the sameur, but the internet is expected to have a new record of internet pioneer.",0.03278331831097603,0.09201754629611969,-0.02813948132097721,3.2371002932830995
루이스 L. 스탠턴 뉴욕 연방지법 판사는 저작권 소유자들과 비아콤이 저작권 보호를 받는 동영상이 아마추어 동영상보다 훨씬 더 많이 시청된다는 점을 입증하기 위해 동영상 자료를 주장한 데 대해 이 같은 결정을 내렸다.,U.S. District Judge Louis L. Stanton authorized full access to the YouTube logs after Viacom Inc. and other copyright holders argued that they needed the data to show whether their copyright-protected videos are more heavily watched than amateur clips.,"two new york city court, new york cnn the new york city bid, new jersey and germany s new york said tuesday. the video is not alone",-0.24192194640636444,-0.38537171483039856,-0.09345503896474838,1.0649090095520473
이 데이터는 공개적으로 발표되지 않고 원고에게만 노출 될 예정이다. 비아콤에 전달되는 자료 중 이용자들의 실명과 이메일 주소는 사생활 보호를 이유로 배제된다.,"The data would not be publicly released but disclosed only to the plaintiffs, and it would include less specific identifiers than a user's real name or e-mail address.","once a publicity is publicly, about, to, for the next several days of his own, shin magazine reported.",-0.12636417150497437,-0.17009349167346954,-0.08556167781352997,1.9009307054800657
이와 관련 유튜브를 소유한 구글의 변호사들은 책 1200만권에 해당하는 12테라바이트(TB)의 정보를 제출하는 것은 시간과 비용이 많이 들고 사생활을 침해할 소지가 있다며 불만을 토로했다.,"Lawyers for Google Inc., which owns YouTube, said producing 12 terabytes of data equivalent to the text of roughly 12 million books would be expensive, time-consuming and a threat to users' privacy.","attorneys recommended, lawyers for the first time in five months after that information ordered the payments after their own web and a copy of the prophet.",-0.0167741347104311,-0.0006201220094226301,-0.036107830703258514,2.6487963562739867
유튜브가 제공할 방대한 자료에는 동영상이 얼마나 자주 상영됐는가에 대한 정보도 포함됐다.,"The database includes information on when each video gets played, which can be used to determine how often a clip is viewed.","the video reported findings includes a widely reported, according to the associated press.",0.08652433007955551,0.056310828775167465,0.11409450322389603,2.257252572720176
미국 뉴욕에서 열린 벼룩시장을 둘러보던 쇼핑객이 10달러(약 1만500원)를 주고 산 꽃 그림 액자 뒤에서 옛날 미국 국가 원본이 발견됐다고 3일(현지시간) 수집가인 케야 모건이 밝혔다.,"NEW YORK (CNN) &#8212; A rare and original manuscript of one of America¡¯s most patriotic songs has been discovered after a shopper browsing through a New York City flea market bought a framed picture of a flower for $10, then found the song tucked behind the picture, the manuscript¡¯s owner told CNN Thursday.","united states, who is headed for a resort of a new york times reported uncovered monday that the united states was exploring a free ticket of at least a new york city",-0.23207615315914154,-0.16513144969940186,-0.3010590374469757,1.3586221395671385
케야 모건은 사무엘 프란시스 스미스가 지난 1831년 친필로 작성한 ‘My Country 'Tis of Thee(미국은 주님의 나라)’의 악보 가격이 수천만달러에 달할 것이라고 밝혔다.,"The handwritten manuscript of ¡°My Country, ¡®Tis of Thee,¡± written by Samuel Francis Smith in 1831, could be worth tens of thousands of dollars, said the owner, art collector Keya Morgan Morgan.","as the, i m america as the unfair i have been higher, the united states and the former first lady, the former u. s. official said",-0.23409728705883026,-0.22226156294345856,-0.24986664950847626,1.450130474428666
그는 이것을 자신에게 가져온 사람이 신원을 밝히고 싶어하지 않았다고 말했다.,He said he bought it from the flea market shopper who has asked not to be identified.,"i didn t want to write up his role as a single, he said.",0.13923516869544983,0.18059594929218292,0.09578607976436615,3.0521968279991727
모간은 이 곡의 원제는 ‘아메리카’로 학생들에게 가르치기 위해 만들어졌으며 1832년 7월 4일 최초로 메사추세츠주 뉴튼에 위치한 퍼스트 랩티스트 교회에서 연주됐다고 전했다.,"The song, originally titled ¡°America,¡± was intended to be played in schools to inspire and teach children and was first played in public on July 4, 1832, in the First Baptist Church in Newton, Massachusetts, Morgan said.","the annual trek has ordered their owners, and ford, their first estimates for millions of each year, the first to be built in the first day",-0.15426573157310486,-0.17986969649791718,-0.1321825534105301,2.5672111808240903
로저 클레멘스가 명예를 훼손당했다며 그의 전 트레이너인 브라이언 맥나미를 상대로 소송을 제기한 가운데 뉴욕 양키스의 투수인 앤디 페티트가 이 재판의 증인으로 출석한 가능성이 높아졌다.,Yankees pitcher Andy Pettitte could be called to testify in Roger Clemens' federal defamation suit against Brian McNamee as part of the trainer's attempt to dismiss the case.,he stressed that the ap s paul schemm is in recent days to show his own but could not be using his own law.,-0.15027324855327606,-0.12808720767498016,-0.17596159875392914,2.008770214674633
클레멘스에 의하면 두 투수의 트레이너 역할을 했던 맥나미가 페티트에게 1999년 또는 2000년 그리고 2003년 또는 2004년에 클렌멘스가 성장호르몬과 스테로이드를 복용했다는 거짓말을 했다고 주장했다.,"Clemens contends McNamee defamed him when the trainer, who worked for both pitchers, told Pettitte in 1999 or 2000 that Clemens had used HGH and in 2003 or 2004 that Clemens had used steroids.","for the year old star of two decades, as well as americans rather than the world s three years, and they re getting to mark the years",-0.11942066252231598,-0.13764621317386627,-0.10472787916660309,1.460221867541373
맥나미는 메이저리그 선수들의 약물복용 실태를 조사한 조지 미첼 전 상원의원에게 그리고 올 2월 미 연방하원 청문회에서 클레멘스가 약물을 투여했다고 주장했다.,McNamee repeated many of his accusations against Clemens to baseball investigator George Mitchell and again this year to a congressional committee.,we have received a general level of the senator s ends in the first years of the u. s.,-0.0020211460068821907,0.0535430982708931,-0.05954525247216225,2.2789551664661816
클레멘스도 올 1월 맥나미를 상대로 소송을 제기하며 대립각을 세웠다.,Clemens sued McNamee in January.,"clemens evenlso something, to decve december, when this strain tour women raised this job seeking to view this job seeking a view of the",-0.051432035863399506,-0.20726649463176727,0.1113513708114624,0.0
맥나미의 변호사인 리처드 에머리는 “클레멘스는 맥나미와 페티트가 자신에 대해 한 얘기를 몰랐던 것처럼 말하고 있다”며 “출소기한법은 미 의회 청문회가 시작되기 훨씬 전부터 적용됐다”고 밝혔다.,"""It was conscious avoidance on Clemens' part not to understand Pettitte and McNamee were talking about him, and therefor the statute of limitations started to run much earlier than the congressional period,"" Richard Emery, one of McNamee's lawyers, said Thursday.","while the attorney general of the u. s. attorneys for the interview, representing the two days of managers criticized by the parent, he said",-0.0637955293059349,0.012980819679796696,-0.1415739357471466,1.1393807775330262
중국과 대만을 직항으로 오가는 정기노선이 4일(현지시간) 공식 운항을 시작해 양안 관계가 해빙기를 맞고 있음을 보여줬다.,The first regular charter flights between China's mainland and Taiwan began Friday in a sign of warming relations between Beijing and Taipei.,"officials say they should crack down on the site of the landing duty of flights and transportation of their flights, a day after the official said tuesday as chin",-0.03513043373823166,-0.032114751636981964,-0.04150601848959923,1.7557381354086663
신화통신은 중국 남방항공 여객기가 이날 오전 6시31분 광저우 바이윈 공항을 이륙한 뒤 1124km를 비행한 끝에 오전 8시10분 대만 타와위안 공항에 도착했다고 보도했다.,"The flight took off at 6:31 a.m. from Guangzhou, capital of Guangdong Province in southern China, the state-run Xinhua news agency reported, and it arrived in Taiwan at 8:10 am. after a 1,124-km (700-mile) journey.","the airport s flight passed, traveling at,, traveling at two airports, and the official travel to shut down its. travel, traveling at",-0.27769583463668823,-0.22130680084228516,-0.3368050158023834,1.59281894409521
지금 까지 양안을 오가는 여객기는 명절과 같은 특수한 날에만 운행됐다.,"Previously, the only chartered flights across the 100-mile Taiwan Strait took place during major holidays.",the four days of the remaining of the remaining two of the people were affected.,0.05373112112283707,0.06374203413724899,0.04069492593407631,2.668298717082586
이제 양안을 오가는 항공기는 금요일부터 월요일까지 스케줄이 잡혀있다.,They will now run on weekends from Friday through Monday.,"the air, which is on the day, they were expected to be completed by their daily disappearances.",0.07842914760112762,0.06485740840435028,0.08905860036611557,2.276859592073037
"중국 당국은 이번 주말까지 760여명, 7월 중순까지 모두 3000명의 중국인이 여객기를 타고 대만을 방문할 것이라고 예상했다.","About 760 mainland Chinese plan to make the trip this weekend, but that number is expected to increase to 3,000 by mid-July.","chinese authorities have predicted that the chinese state of emergency will carry a taiwan in the mid april mid august mid april, but beijing will not stop their air",0.02194230630993843,-0.0319071002304554,0.07372995465993881,2.952787808378777
이에앞서 중국과 대만의 고위관리들은 지난달 양안간 관광교류 확대 차원에서 상대 영토에 출입국관리사무소를 개설하기로 합의했다.,"Chinese and Taiwanese officials agreed last month to set up permanent offices in each other's territories, in the first formal talks between the two sides in almost a decade.",taiwan s top western army and the smallest army is joining the shift of a major shift as to be found in their first place in the past decades as they moved,-0.06454706192016602,-0.10855531692504883,-0.02326091378927231,3.2808945250121395
양안간 고위급 회담은 지난 1993년 처음 시작됐다.,Cross-straits talks between the two delegations began in 1993.,the talks began last year in the first three decades of the last years.,0.26093441247940063,0.2039419710636139,0.31674036383628845,3.929719340755301
이후 대만해협에 긴장관계가 조성되면서 두 진영의 대화는 단절됐다.,"After that, the dialogue was delayed for five years over cross-strait tensions.","the mainland, or object to the end of two main characters, the maintenance of the mainland.",0.07062356173992157,0.010581694543361664,0.12903687357902527,4.480836160121357
친중국파인 국민당의 마잉주 신임 총통은 대만의 독립을 반대했다.,"Taiwan's new president, Ma Ying-jeou, has rejected the push for independence.","the independent s, delegates are increasingly opposing their delegates as taiwan as independent as taiwan split.",0.024704385548830032,0.039876002818346024,0.006472802255302668,2.8265205879007453
"마 총통은 대만의 독립을 반대하면서도 대륙과의 관계를 개선시킬 것이라고 약속, 양안간 경제교류의 폭이 한층 넓어질 전망이다.","Although Ma opposes unification with China, he campaigned on promises of seeking closer ties to the mainland, particularly seeking for Taiwan some of the benefits of China's robust economy.","he was closed by taiwan, regarding the taiwanese government and the group s plan for their planned, according to the associated press.",-0.009169850498437881,-0.027776019647717476,0.006267288234084845,3.21974963961838
국제유가가 3일(현지시간) 146달러에 육박하며 또 한번 사상 최고치를 경신한 뒤 유로화에 미 달러가 강세로 돌아오면서 상승게가 멈췄다.,"Oil prices briefly soared to a new high near $146 a barrel Thursday, extending the previous day's record-shattering rally before easing somewhat as the dollar gained ground against the euro.",days after the rising costs of the united states has weakened a highly higher dollar sunday to a new high cost in dollar due to a high road on euro wednesday,0.02984783612191677,0.06406748294830322,-0.007016830146312714,8.621239234275038
이날 뉴욕상업거래소(NYMEX)에서 8월 인도분 서부텍사스산 경질유(WTI)는 80센트 오르며 144.37달러에 거래됐다.,"Light, sweet crude for August delivery added 80 cents to $144.37 on the New York Mercantile Exchange.",the lightning fell on july delivery jumped to. in the new york mercantile exchange after earlier setting a new york mercantile exchange after their new york merc,-0.20342764258384705,-0.16291026771068573,-0.247107595205307,1.996819088094332
WTI는 장중 한 때 145.85달러까지 올라가며 전날의 기록을 갈아치웠다.,"Earlier in the session, it rose as high as $145.85 a barrel, topping a trading record set the previous day.","the only half a half times of up to half times, even before it gets to.",-0.1398683786392212,-0.15871161222457886,-0.12461532652378082,2.301174290200105
국제유가는 2일에도 사상 최고치를 2.60달러 경신하며 143.57달러를 기록한 바 있다.,"Oil prices settled at $143.57 Wednesday, up $2.60 above the previous high.",high prices are expected to gain records with a. dollar record.,0.047804005444049835,0.1424596756696701,-0.046363361179828644,3.227633361592567
"국제유가는 미국의 원유 비축량 감소, 이란를 둘러싼 긴장고조 그리고 사우디 석유장관이 단기간 내 석유를 증산을 계획이 없다고 밝히면서 계속 올랐다.","They continued climbing overnight, propelled by a report of lower crude stockpiles in the United States, lingering concerns about conflict with Iran and comments by Saudi Arabia's oil minister suggesting his country would not boost production.","portugal, crude prices and oil refineries have raised their pumping oil from the united states, as well as the energy resources and trade minister from emerging tension",-0.05206666886806488,-0.02987551875412464,-0.07744795083999634,1.482516423624008
그러나 유럽중앙은행이 금리를 추가로 인상하지 않을 것이라고 발표하면서 국제유가의 오름세가 꺾이는 모습을 보였다.,"Prices backed off, however, after the European Central Bank did not signal more rate increases.","but the report, however, announced its bid for the first half of its low interest rates.",0.2054307907819748,0.20013633370399475,0.20814485847949982,8.562365224473284
자신의 아들을 이베이 경매를 통해 1유로(약 1700원)에 판매하겠다고 한 부모가 검찰 조사에서 장난이었다고 진술했다.,"MEMMINGEN, Germany (CNN) A baby boy removed from his parents' custody after they offered to sell him on eBay for just a euro $1.59 as a joke is back at home, a prosecutor said Thursday.","the parents of the former millenni has been founding around the world, prosecutors said.",-0.05075043439865112,0.07544228434562683,-0.17398357391357422,0.6746515691134845
검찰은 3일(현지시간) 아기를 부모에게 돌려보냈다고 밝혔다.,"""The child has been returned to his parents,"" prosecutor Johannes Kreuzpointer said.","prosecutors say they have announced on thursday, saying the prosecution said.",0.026967447251081467,0.0898890420794487,-0.037480633705854416,5.42821064703297
부모들은 잘못된 장난이었다고 주장했다.,The parents maintained that the posting was just a joke gone awry.,parents were reported to have had they were later reported.,-0.02094285748898983,-0.09694173187017441,0.05404554679989815,3.715939007251811
이들 부부는 지난 5월 24일 이베이에 “갓난 아이가 너무 시끄럽게 울어 팔려고 한다”며 “약 71cm의 키에 캐리어나 유모차를 탈 정도가 되는 갓난아이를 사가라”는 광고문을 게재했다.,"""Offering my nearly new baby for sale, as it has gotten too loud. It is a male baby, nearly 28 inches long and can be used either in a baby carrier or a stroller,"" read the original eBay ad that ran on May 24.","the couple said it had gone missing as the head of the couple and they also saw his mother s baby, and i saw his mother, and i saw his mother with",-0.06405016034841537,-0.06202847510576248,-0.06952805817127228,1.806045303166692
NHC는 3일 오전 11시경 열대성 폭풍이 베르데 섬 남동쪽에서 발달했다고 전했다.,"As of 11 a.m. ET Thursday, the center of the storm was about 190 miles (310 km) south-southwest of the Cape Verde Islands, the Miami-based NHC said in an advisory.","the storms reported the centers for tropical storm around the world, said a tropical storm, a witness said.",-0.06564715504646301,0.07475884258747101,-0.20166462659835815,1.399990411785915
베르타는 시속 22km의 속도로 서북서 방향으로 이동하고 있다.,"Bertha was moving west-northwest at near 14 mph (22 km/hr), away from the islands.","the associated press is under construction as a result of, westmin km hs, has said.",-0.17833831906318665,-0.05968630313873291,-0.29499372839927673,2.717890119636005
NHC는 최대 시속 65km의 강풍을 동반한 베르타가 하루 이틀 내로 더욱 강력해 질 것으로 내다보고 있다.,"Its maximum sustained winds were near 40 mph (65 km/hr) with higher gusts, with some strengthening is forecast during the next day or two.","the city s main mph, which was a member of the mph, was told starting the day.",-0.1829608529806137,0.02609075792133808,-0.3786301016807556,1.7364968940754413
영국 음반사인 버진 미디어가 3일(현지시간) 불법 음원 다운로드와 관련해 이용자 800명에게 경고문을 발송하며 저작권 침해 금지운동을 더욱 강화하고 있다.,"(CNN) Virgin Media stepped up its campaign to combat music piracy Thursday, when it issued letters to around 800 customers warning them against downloading illegal music files via file-sharing sites.","cnn a recording deal based on thursday, suspects a suspected of involvement in a new internet search for consumers that have been arrested and unless a suspect",-0.0867047905921936,-0.18107882142066956,0.007801744621247053,1.0777874324703278
"영국 음반협회(The British Phonographic Industry, BPI) 또한 버진미디어의 저작권 침해 금지운동을 확인해 줬다.","The British Phonographic Industry (BPI), the body which represents British record companies, confirmed the move in an interview with the BBC.","british reality was treasury of the lowerment of the company s, but also covers out of the cover of the entire economy.",0.002904757158830762,0.005504688248038292,-0.0029334360733628273,2.1645171811846846
BPI는 지날 버진미디어와 팀을 구성해 이용자들이 음원을 불법 다운로드 하는 행위를 막기 위한 “교육 캠페인”을 시작했다.,"BPI teamed up with Virgin Media in June to launch an ""education campaign"" to stop customers illegally downloading music.",they called for a more active duty of their employees to protect the papers that created their own into their air force base and their commanding views,-0.027281055226922035,-0.10829707980155945,0.05303601548075676,1.387819277861591
"저작권 침해에 해당되는 음악을 배포하거나 다운받는 고객들은 인터넷서비스공급자(Internet Service Provider, ISP)와 BPI이 각각 발송하는 경고문을 받게 된다.","As part of the campaign, customers whose accounts have been used to distribute music in breach of copyright will receive two ""informative"" letters one from the Internet Service Provider (ISP) and one from the BPI.","now, it is going to be allowed to see the internet, they can now mean, they re applying to get a little bit more, and",-0.04925761744379997,-0.04670017585158348,-0.05522168055176735,1.203063795506858
"BPI는 이 경고문에 고객에게 법적 소송을 받지 않는 방법에 대한 권고사항, 네트워크를 통한 파일 전송에서 바이러스와 스파이웨어가 감염될 수 있다는 내용을 삽입했다.","According to the BPI, the letters include advice on ""how to prevent account misuse,"" ""avoid the risk of legal action,"" and warn customers that peer to peer networks carry ""increased threats from viruses and spyware.","the former first lady will be held on july before he was a first public service on the site, and a similar statement will be a short ago to give up the change.",-0.049034420400857925,-0.06293513625860214,-0.03848804160952568,1.3732482663989471
버진미디어 대변인은 성명에서 “사람들이 온라인상에 음악가와 음악 제작사의 저작권을 침해하지 않고 음악을 즐기기 바란다”며 “이 캠페인은 고객들이 이렇게 할 수 있도록 도와주는 운동이다”고 밝혔다.,"""We want people to enjoy music online without infringing the rights of musicians and music companies. This campaign is about helping our customers understand how they can do this.","they are not only get to free and without their own web site, which it said, we re not only been made of freely benefiting the",-0.03707882761955261,-0.18287727236747742,0.11434245854616165,1.811723686014297
미국 고고학자들이 버지니아 주 북부에 위치한 래퍼해넉 강 둔치에서 미국의 초대 대통령인 조지 워싱턴의 집터를 3년간의 발굴작업 끝에 발견했다고 전했다.,"FREDERICKSBURG, Virginia (CNN) &#8212; After three years of excavation, archeologists have confirmed the discovery of the site of George Washington¡¯s boyhood home near the banks of the Rappahannock River in northeast Virginia.","once inside the first, he spent more than a decade in the south american free speech, said the usgs leading to a banner, said he expressed",-0.2804996073246002,-0.15459893643856049,-0.4038800001144409,1.3781203446019126
조지 워싱턴 재단은 2일(현지시간) 프레데릭스 버그 인근의 페리 팜에서 발견한 붉은색 벽돌이 있는 지역이 워싱턴 대통령이 어렸을 적 살던 집의 흔적임을 확인하고 발굴에 임했다고 발표했다.,"Digging into the red clay of Ferry Farm, a former plantation in Fredericksburg, has unearthed the footprint of the home of the nation¡¯s first president when he was a young boy, the George Washington Foundation announced Wednesday.","george washington, washington george washington early monday night around the world, nearly a decade in the city of santiagoleine county of ne",-0.21609698235988617,-0.23968017101287842,-0.19627457857131958,1.3030377025278086
재단은 워싱턴의 가족이 그가 6세 되던 1973년 이곳으로 이주해왔다고 확신했다.,The foundation believes the Washington family moved to the site in 1738 when George was just six years old.,"the office of the foundation of the foundation, told the unhcr had held in their families, he said.",0.04203934222459793,0.05037173628807068,0.03062899224460125,2.7156804039319287
워싱턴은 20세인 1754년까지 이곳에 살았으며 그의 농장이 있는 마운트 버론으로 이사했다.,"Washington lived there until 1754 when, at the age of 20, he moved to his plantation, Mount Vernon.","washington washington, reported the first, year old and his death in turned down from.",0.010638651438057423,0.007514690514653921,0.010543107986450195,2.5483952489823305
뉴욕의 백화점 메이시스가 4일(현지시간) 미국의 가장 큰 기념일인 독립기념일을 축하하기 위한 불꽃놀이를 준비하고 있다.,"NEW YORK (CNN) &#8212; New Yorkers will be treated to the nation¡¯s largest Independence Day fireworks display on Friday, hosted by the department store Macy¡¯s.",new york cnn a new york state department store clerk in new york has been a key campaign to the country s largest new york times.,-0.11315803974866867,-0.022387713193893433,-0.20411735773086548,3.6097391532599703
메이시스는 성명을 통해 뉴욕에서 치러지는 이번 불꽃놀이 행사에 300만명이 모여들 것으로 예상했다.,"More than 3 million people are expected to watch the New York City event, according to a statement from Macy¡¯s.","in new york, there are about,, in the study, published in new york s new york s state run in new york.",-0.16760748624801636,-0.20985913276672363,-0.12846560776233673,1.9626728448746968
매년 열리는 불꽃놀이가 올해로 32회째를 맞이하면서 저녁 9시 25분부터 ‘아메리칸 댄스’라는 제목의 화려한 행사가 준비되어 있다.,"The 32nd annual fireworks spectacular, titled ¡°America Dances,¡± will begin at 9:25 p.m. ET and features a choreographed musical score provided by the New York Pops under the direction of Rob Fisher.","they visit their way on the ball, then they ll be able to complete their third visit to their families.",-0.15374235808849335,-0.0603262335062027,-0.2472490817308426,0.9584212185872004
가수 겸 작곡가인 롭 피셔가 이번 행사를 총괄하며 뉴욕 팝스 오케스트라가 편곡된 뮤지컬 곡을 연주할 예정이다.,"Six barges in the East River will be used to set off more than 35,000 pyrotechnic shells during the 30-minute display, Macy¡¯s said.","new york cnn the closest up to half of the conference that the recordings are hoping these days, song output, like their way.",-0.21452681720256805,-0.19608908891677856,-0.23674064874649048,2.0786471064555703
팝의 여왕 카일리 미노그(40)가 3일(현지시간) 영국 찰스 왕세자로부터 훈장을 받으며 진정한 귀족의 일원이 됐다.,Pop princess Kylie Minogue mingled with true royalty Thursday when she went to Buckingham Palace to receive an award from Prince Charles.,"hermes asked the british government monday of his own corruption charge monday, britain said monday.",-0.06507397443056107,-0.11062049865722656,-0.022195495665073395,1.6068581927959764
형형색색의 금속 별로 장식된 흰 드레스를 입은 미노그는 음악계에 공헌한 공을 인정 받아 ‘대영제국 오피서 훈장(OBE)’을 받게 됐다.,"The 40-year-old singer, wearing a white dress with multi-colored sequined stars, smiled as the prince gave her an OBE, or Order of the British Empire, for her services to music.","the printing bands of the girl s top super bowles, finished the wider as a welcome in the company s tourism niche by the white house.",-0.04668271541595459,-0.054642196744680405,-0.04211512953042984,2.738713212986448
미국 음악계엔 그리 많이 알려지지 않았지만 미노그는 유명한 슈퍼스타로 알려져 있다.,"Though little known in the United States, Minogue is an international superstar widely recognized around the world.","but not only cole,, was never meetd by the associated press.",0.00824703834950924,-0.056367430835962296,0.07127581536769867,2.6149826893840222
그는 20년 동안 전세계 음악시장에서 6000만장의 음판 판매량을 기록했다.,She has sold more than 60 million records worldwide in a music career spanning 20 years.,he s hit the world cup winning world cup winning world cup winning seasons.,-0.003523143706843257,-0.0016452866839244962,-0.00866200216114521,2.299921972415939
"그의 웹사이트에따르면, 그는 지난 20년 동안 미국 라디오에서 가장 많은 곡이 나간 여가수로 기록되어 있다.","She holds the record for the most-played female artist on UK radio in the past 20 years, according to her Web site.","his web site, in his end, has more than a decade in the us.",0.12716232240200043,0.10894373059272766,0.14265066385269165,3.8101828249592096
"그는 2000년 댄스곡 ‘스피닝 어라운드(Spinning Around)’를 발표해 영국, 호주에서 그 해 인기곡 1위를 차지했으며 80년대, 90년대, 2000년대 히트곡을 쏟아내며 마돈나와 함께 최고의 여가수가 됐다.","Her dance record ¡°Spinning Around,¡± released in 2000, debuted at No. 1 in both Britain and Australia and made Minogue one of only two artists &#8212; the other being Madonna &#8212; to have a No. 1 song in the 80s, 90s, and 00s, according to her Web site.","he was a savvy in the southern city of tril and british armed many when a third car in the cartel, according to a statement released by australian",-0.2957141697406769,-0.165230855345726,-0.42322906851768494,2.271040399044299
영국 런던의 한 아파트에 살고 있던 2명의 프랑스 대학생들이 흉기에 찔린 채 불에 타 숨져 발견되는 끔찍한 사건이 발생했다고 3일(현지시간) 영국 경찰이 밝혔다.,"LONDON, England (CNN) &#8212; Two French students who were found stabbed to death in a burned-out London apartment were the victims of a ¡°frenzied, brutal, horrific attack,¡± police said Wednesday, as they appealed for information about the case.","a french office, french students, told a news that began shooting spree, a year old girl, told a french office in a london hotel.",-0.12455351650714874,-0.03564693406224251,-0.21381117403507233,1.8168778806391168
경찰은 이번 사건과 관련된 제보를 부탁했다.,"¡°The extent of the injuries are horrific,¡± Duthie told a news conference.",police had also filed warrants against the police officer case involved in the case and the case.,8.087408787105232e-05,0.1074095219373703,-0.1058831438422203,2.55404966647159
아메리칸 에어라인이 3일(현지시간) 전 직원의 8%인 7000명을 감축할 예정이라고 밝혔다.,"NEW YORK (CNNMoney.com) &#8212; American Airlines plans to cut nearly 7,000 full-time employees, or 8 percent of its total staff, by the end of 2008, the company announced Thursday.",the american people said thursday that each of the affected are expected to be part of the house.,-0.04120693728327751,0.07930557429790497,-0.15928173065185547,1.0491422480714614
아메리칸 에어라인과 아메리칸 이글의 지주회사인 AMR의 대변인은 감축 규모가 전체 직원 8만5000명 중 6800명 정도 될 것이라고 전했다.,"AMR Corp., owner of carriers American Airlines and American Eagle, will eliminate about 6,800 of its 85,000 workers, spokesman Tim Smith told CNNMoney.com.","a five american spokesman said the board will see a board of staff boarded, employees said, according to a spokesman for the u. s.",-0.013956607319414616,0.06657698005437851,-0.09512532502412796,2.022319148583535
아메리칸 에어라인이 현 승무원 1만8000명 중 5%인 900명을 감축할 것이라는 보고가 발표되면서 이번 인원감축 소식이 전해졌다.,"The news follows the airline¡¯s Wednesday report that it may cut up to 900 flight attendant jobs, or 5 percent of its 18,000 active flight attendants roster.","american airlines has announced that the company had planned to show the news of the crew of the crew, said pierced russell, the director of the crew of",-0.06854591518640518,-0.052343886345624924,-0.08809293061494827,1.943043650185126
AMR은 인원감축 이유에 대해 연료비 상승을 이유로 들었다.,The company blames rising fuel costs for the cuts.,they could increase away from their homes.,0.17714957892894745,0.14593704044818878,0.20603524148464203,4.300847718252331
인도네시아 경찰이 관광지에 테러음모를 꾸민 무장단체 대원 12명을 체포했다고 3일(현지시간) 밝혔다.,"JAKARTA, Indonesia (CNN) &#8212; Indonesian police have arrested 12 suspected militants who were planning to attack an area frequented by tourists, authorities said Thursday.","a group of people killed in indonesia s killings were killed, police said.",0.11668400466442108,0.2584295868873596,-0.020240815356373787,1.265205646577752
이번 경찰의 무장단체 소탕으로 서 수마트라에 위치한 부키팅기의 한 커피전문점을 목표로 한 그들의 테러 음모가 좌절됐다.,"The arrests foiled a plot to bomb a cafe in Bukittinggi, a city in West Sumatra that¡¯s popular with tourists, said police spokesman Abubakar Nathaprawira.","a question of the army s precious life believed to be a part of plots to terrorists, thanks to a man whose reader also had also been found",-0.17191042006015778,0.012188776396214962,-0.3463258743286133,1.92408485982654
"당국은 또 폭탄제작에 필요한 재료, 폭발물, 총기 등을 저장한 지하 창고를 급습해 이를 압수했다.","Authorities also seized a large cache of explosives, including bomb-making materials and guns, Nathaprawira said.","authorities have pled a bomb at least others, including an explosive device, which included an explosive device, and a bomb ripped through an explosive device,",0.05168454721570015,0.09187816828489304,0.009095667861402035,3.235912122544166
경찰 소식통은 압수한 폭탄들이 매우 정교하게 제작됐다고 밝혔다.,"The bombs that were being constructed were highly sophisticated, police sources said.","the bombs said they are believed to be that of the road, said police officers said they were rammed by their own.",0.22684545814990997,0.1169448271393776,0.338994562625885,2.5590823010528183
지난주 치러진 부정선거 규탄 시위로 비상사태가 선포된 몽골의 수도 울란바토르에서의 소요가 진정국면에 접어섰다.,(CNN) &#8212; Calm returned to the Mongolian capital Thursday as the country awaited official results from the weekend¡¯s parliamentary election.,"the last round of the pro democracy demonstrators in march, citing their own corruption police last week on the violence.",-0.10131899267435074,0.014741783030331135,-0.21547119319438934,2.036577672681062
배트 디레그 처런바타 몽골 외무장관은 선거 위원회가 3일이나 4일 오전(현지시간) 총선의 최종 결과를 발표할 예정이라고 밝혔다.,"The election commission is expected to release final results Thursday or early Friday, Bat Dileg Chulunbaatah of the foreign affairs ministry told CNN.","the ministers, foreign minister, told cnn on monday announced a general election plan to send a second half a day earlier tuesday, the foreign minister s",-0.09947230666875839,-0.05235167220234871,-0.1491963416337967,3.386819335439617
몽골 대통령은 부정 총선을 규탄하는 시위가 발생하자 울란바토르에 국가 비상사태를 선포했다.,"The capital city of Ulaanbaatar was in the second day of a four-day state of emergency Thursday after thousands of protesters, alleging election","president lee, who is, the president violated the opposition leader aung san suu kyi, urged the opposition leader aung san suu kyi",-0.17485296726226807,-0.24849878251552582,-0.10280892252922058,1.7911710595643588
조지 W. 부시 미국 대통령이 다음달 8일 열리는 베이징 올림픽 개막식에 참석할 예정이라고 3일(현지시간) 미국 백악관이 밝혔다.,"President Bush will attend the opening ceremony of the Olympic Games in Beijing on August 8, the White House announced Thursday.",washington cnn president bush has nominated those openings of the opening ceremony at the opening of the new president.,0.15051056444644928,0.12432367354631424,0.1741749346256256,8.390288546556178
"그러나 도날드 투스크 폴란드 총리, 바츨라프 클라우스 체코 대통령 등 일부 다른 국가 지도자들은 중국의 인권침해에 반발하며 개막식에 참석하지 않겠다고 선언했다.","Some world leaders, including Polish Prime Minister Donald Tusk and Czech Republic President Vaclav Klaus, have said they will not attend the opening ceremony in Beijing in response to human rights abuses in China.","however, prime minister gordon john howard s camp, prime minister jose, might have other opposition positions, others who have repeatedly threatened to succeed in",-0.08513710647821426,-0.1172143816947937,-0.05621069297194481,1.4479183251084238
앙겔라 메르켈 독일 총리 또한 불참 입장을 밝혔지만 프랑크 발터 슈타인마이더 독일 외무장관은 메르켈 총리의 불참이 정치적 항의의 성격은 아니라고 밝혔다.,"German Chancellor Angela Merkel has also said she will not attend the ceremony, but Frank-Walter Steinmeier, Germany¡¯s foreign minister, said when he announced her decision that it was not meant as a political protest.","but as many as, germany, a ministerial development meeting, announced his political opponents, a government has called on foreign ministers to stay in australia",-0.08653951436281204,-0.09153962880373001,-0.08507248014211655,1.661464423801256
차기 올림픽 개최국인 영국의 고든 브라운 총리는 개막식에는 불참하나 폐막식에는 참석 할 예정이다.,"British Prime Minister Gordon Brown, whose country will host the next summer Olympics, also will not attend the opening ceremony but plans to be at the closing ceremony.","prime minister gordon brown said he would attend the opening ceremony to attend opening ceremony, but said, i m going to be a good chance of winning the opening",0.17182742059230804,0.07790720462799072,0.2665266990661621,10.389889377420037
콜롬비아 밀림에서 좌익 반군으로부터 구출된 잉그리드 베탕쿠르 전 콜롬비아 대통령 후보가 3일(현지시간) 억류생활 6년 만에 처음으로 자녀들과 감격스런 재회를 했다.,"BOGOTA, Colombia (CNN) &#8212; Freed Colombian hostage Ingrid Betancourt tearfully embraced her children on Thursday for the first time in more than six years, a day after being rescued from leftist rebels who kept her captive in the jungles of Colombia.","former first former presidential candidate, who was heading for a revolutionary armed forces of colombia, were colombian presidential candidate, who was heading for president tuesday",-0.22016893327236176,-0.1926308423280716,-0.2513098418712616,1.0260059209565036
베탕쿠르는 딸 메라니예와 아들 로렌조와 함께한 기자회견에서 “아이들이 많이 컸지만 많이 변하지는 않았다”며 “둘 다 너무 예쁘다”고 소감을 밝혔다.,"they are so beautiful,¡± Betancourt told reporters as she stood between her children, daughter Melanie Delloye and son Lorenzo Delloye-Betancourt, who are now young adults.","the associated press reporter backed the reporter said to have children, but noted their children as well as their sons.",-0.00672173174098134,0.16398990154266357,-0.16942407190799713,2.8556885609967284
베탕쿠르는 콜롬비아 공항에 도착한 비행기 승강 계단에서 자녀들과 상봉했다.,"The former Colombian presidential candidate met her children on the steps of their plane, which had just arrived at a Colombian airport from France.",jolie said the colombian plane was the only flight from their own wheels.,0.08633432537317276,0.09393204003572464,0.07579676061868668,1.802120241581936
이들 3명은 비행기에 오를 때까지 끌어안고 눈물을 흘리며 기쁨을 나누었다.,"The three tearfully clung together, hugging and kissing before they disappeared inside the plane.",they were able to pull out of the long running flight and they should change their breaks.,0.1981835514307022,0.18306264281272888,0.21076807379722595,3.0372940354383413
"미국 백악관은 3일(현지시간) 공화당 대선후보인 존 매케인 상원의원의 콜롬비아 방문 기간 중 콜롬비아 군이 베탕쿠르 전 대통령 후보를 포함, 15명의 인질을 구출하는 작전에 대해 미 국무부가 그에게 아무런 사전언급을 하지 않았다고 밝혔다.",(CNN) &#8212; The White House said Thursday that neither it nor the State Department gave Sen. John McCain advance word of a rescue mission in Colombia while he was in the country.,"cnn a former colombian president goh told a cnn he saw president a bar on a colombian presidential candidate, including president gena, heading the president s campaign headquarters for",-0.13430289924144745,-0.11659036576747894,-0.15554675459861755,1.2194095175972337
매케인은 3일 밤(현지시간) 콜롬비아 대통령과 국방장관으로부터 콜롬비아 군의 인질구출 소식을 전해 들었으며 이번 일은 자신의 방문과 아무런 연관이 없다고 밝혔다.,"McCain was told of the raid the night before by Colombia¡¯s president and defense minister, but his visit had nothing to do with it, he said Wednesday night.",the two were the opposition told the associated press tuesday that the hostage was taken into custody after declaring their way to the visiting of the hostage,0.024073638021945953,0.04322494566440582,0.0019200159003958106,3.149947401987886
중남미를 순방하고 있는 매케인은 당시 콜롬비아에서 머무르고 있었다.,"McCain, the presumptive Republican presidential candidate, was in Colombia on Tuesday and Wednesday as part of a three-day Latin American swing.","mccain was a tight correed incident in philadelphia, which were slightly in the colombian race.",-0.001484339707531035,-0.005816341377794743,-0.0004089053545612842,2.3712024214702896
‘클레이코트의 황제’ 라파엘 나달이 2일(현지시간) 영국 윔블던 올잉글랜드클럽에서 열린 2008 윔블던 남자 단식 8강전에서 영국의 기대주인 앤디 머레이를 3-0(6-36-26-4)으로 꺾고 4강에 합류했다.,British hopes at Wimbledon were finally extinguished on Wednesday as home favorite Andy Murray was overpowered 6-3 6-2 6-4 by a rampant Rafael Nadal in the quarterfinals of the men's singles.,"rafael nadal has been trying to free wimbledon quarterfinals from the england, which left the world s second round of freeway at their third ceremony last year",-0.014121181331574917,-0.03061591647565365,-0.0008390342118218541,1.397119478046055
12번 시드의 머레이는 30일 열린 리차드 가스켓과의 경기에서 역전극을 펼치며 8강까지 올라왔지만 3년 연속으로 윔블던 준결승 진출에 성공한 나달에 완패를 당했다.,The 12th-seeded Scot still looked jaded from Monday's epic comeback against Richard Gasquet but there was no doubting his opponent's brilliance as the Spaniard wrapped up a straight sets victory to reach the semifinals for a third successive year.,"monday evening on his victory to the three times, but those gases will win three points on sunday and was beaten by spaniard fernandoside but.",-0.08825905621051788,-0.031060224398970604,-0.14759184420108795,2.345714606070903
나달은 준결승에서 독일의 라이너 슈틀러나 프랑스의 아르노 클레망과 대회 결승 티켓을 놓고 대결을 펼치게 됐다.,The second-seeded Spaniard will now face either Germany's Rainer Schuettler or Arnaud Clement of France for a place in Sunday's final.,"nadal, the world s goal of playing germany, had quietly played a two goal half times for germany s two goals but only played",-0.32309481501579285,-0.23357374966144562,-0.4134061634540558,1.9011755113058344
프랑스오픈을 4차례나 제패했으며 최근 2년간 윔블던 결승에서 로저 페더러(스위스)에게 패했던 나달은 머레이(21)와의 4번째 대결도 승리로 장식했다.,"Four-time French Open winner Nadal, the runner-up to Roger Federer for the last two years, comfortably defeated the 21-year-old Briton for the fourth time in four meetings as Murray's Center Court party fizzled out.","at the end of the world, with no, nadal told the world, spaniard broke the first to win the title.",-0.02787083573639393,0.018847040832042694,-0.07699377089738846,1.4162769555563135
이 경기서 범실을 10개만 범한 나달은 “나는 까다로운 선수를 상대로 최고의 플레이를 펼쳤다”고 말했다.,"played probably my best match against a difficult opponent,"" said Nadal who sent down only 10 unforced errors.","this time they re against the meat of this, said nadal, a potentially percent lower.",-0.04723435267806053,-0.05779905244708061,-0.04004690423607826,2.718516209546605
나달은 또 “포핸드 그리고 백핸드 스트로크를 할 때 매우 공격적인 플레이를 했으며 파워도 강했다”며 “그러나 3세트로 경기를 끝낼 것이라는 예상은 못했고 준결승에 올라서 기분이 좋다”고 덧붙였다.,"""I was very aggressive on my forehand and backhand and had a lot of power. But I was surprised to win in straight sets and I'm happy to be in the semifinals.","it s also testing, but i believe it is believed to be a very important test for the games, but i d like to see it, he s",0.0461985282599926,0.04869496822357178,0.040604375302791595,2.7747098362934133
한편 머레이는 가스켓과의 윔블던 16강전에서 2세트를 먼저 내준 뒤 역전극을 펼치며 4시간의 경기를 마무리했다. 머레이가 그랜드슬램에서 8강에 진출하기는 이번이 처음이다.,Murray had reached the quarterfinals of a Grand Slam for the first time after coming from two sets down to knock out French eighth seed Gasquet in a gruelling four-hour match on Monday.,"in october, murray has closed down and set sail quarterly to beat with victory over the first set at the world championships and sets starting to set",-0.06736776232719421,-0.01791597343981266,-0.11923376470804214,2.9483573618623344
미국과 폴란드의 협상 대표가 러시아의 반대에도 불구하고 폴란드에 미사일방어기지(MD)를 설치하는 방안에 합의했다고 2일(현지시간) 미 고위관리가 밝혔다.,"The United States and Poland have reached a tentative deal to place part of a ballistic missile defense system on its territory, a plan that has drawn sharp objections from Russia, a senior administration official said Wednesday.","the negotiations, which negotiations a key negotiations with the united states, which negotiations also discussed missiles to the u. s. missile based on the",-0.057029299437999725,-0.058019790798425674,-0.05947910621762276,1.4149611700717548
이 고위관리는 미사일방어기지(MD)가 폴란드에 들어서기 위해서는 폴란드 지도자들이 합의서에 서명을 하는 최종결정이 남아있다고 설명했다.,"Poland's political establishment still has to sign off on the deal and determine the next steps, the official said.","the highest region in the region, which began in pakistan, said pakistan may be signed, as officials say.",0.12575073540210724,0.05129183828830719,0.1995277851819992,2.5828020030551087
양국은 며칠간의 협상을 통해 폴란드 MD기지 설치를 이끌어냈다. 콘돌리자 라이스 미 국무장관과 로버트 게이츠 국방장관이 이 문제를 논의하기 위해 다음주 폴란드를 공식 방문한다.,The agreement came after several days of negotiations and less than a week before a planned visit by U.S. Secretary of State Condoleezza Rice and Defense Secretary Robert Gates.,"secretary of state condoleezza rice and her secretary of state condoleezza rice is telling their days for negotiations with a two day strike, following",0.0466078445315361,0.00014043836563359946,0.09079290926456451,1.711761061895311
부시 행정부는 그동안 폴란드에 미사일 요격 시스템이 필요하다고 주장해왔다.,The Bush administration has long pushed to base missile interceptors in Poland.,bush said the system should need more needs to target in the future.,0.21039588749408722,0.20642776787281036,0.21179670095443726,3.737437943747671
요격 미사일은 이미 지난 4월 MD 배치에 동의한 체코의 레이더 기지와 연결 고리 역할을 한다.,"The interceptor rockets would be linked to an air-defense radar system in the Czech Republic, where officials agreed in April to take part in the system.",missile warheads have been taken to a june after july september and was not going to be completed september.,0.0023195678368210793,-0.11508481204509735,0.12216436862945557,1.814997185015462
체코에 설치되는 레이더 기지는 미국이나 유럽을 타깃으로 발사되는 이란의 모든 미사일을 포착할 수 있다.,The interceptors in the Czech Republic could identify and shoot down missiles fired by Iran at Europe or the United States.,"they are also trying to get all of its missiles or missile, but it can mean a rare.",0.1602698415517807,0.2004677951335907,0.11801023036241531,2.2799725391172525
타임은 러시아 당국자를 인용해 MD 기지가 러시아 국경지역에 배치되는 것을 러시아 미사일을 격추시키기 위한 것이라고 전했다.,"Russia fervently opposes basing the interceptors right across its border and says the system's real target would be Russian missiles, according to Time magazine.",they will launch an imminent processing of russian missiles to russia to launch a range of western russians to russia to launch off its promise to break up to russia.,-0.0027645519003272057,-0.05392974615097046,0.046146880835294724,1.6961343903963388
체코와 폴란드는 구 소련 위성국가로 현재 미국 주도의 북대서앙조약기구(NATO)에 가입돼 있다.,"The Czech Republic and Poland are former Soviet satellites, now members of the U.S.-led NATO alliance.","czech republic and poland, are taking imminent to move ending the country s main enemy despite their main end, the official said.",0.13237959146499634,0.11522277444601059,0.14680975675582886,2.252278368576829
미국 당국은 MD 기지가 중동에서 발사되는 미사일로부터 유럽 대륙을 보호하기 위한 것이라고 강조했다.,The United States has said the system is intended to defend Europe from a possible missile attack from the Middle East.,"the u. s. official said the missile would be responsible for short of missiles from u. s. missiles, to launch another eruption of missiles",0.167856827378273,0.1941646933555603,0.13913960754871368,3.5198870526684183
한편 러시아 정부는 폴란드와 미국의 합의 내용에 대해 별다른 성명을 발표하지 않았다.,There was no immediate response from Moscow about the deal.,the russian government has dealt with the government s plans to deal with the united states.,0.20345908403396606,0.15570616722106934,0.24947047233581543,3.0098043843528286
댄 프라이드 미 국무부 차관보는 미국은 러시아와의 관계보다 폴란드의 안보 문제를 더 중요하게 생각하고 있다고 밝혔다.,But Assistant Secretary of State Dan Fried said the United States has taken to heart Polish concerns over more U.S. cooperation with Russia and NATO on the missile defense shield.,assistant secretary of state department said the united states is urgent talking about a security relations.,0.16168108582496643,0.1809433251619339,0.13985802233219147,2.00101788100217
미국은 폴란드가 MD기지 설치를 받아들일 경우 폴란드군의 현대화에 도움을 주기로 약속한 것으로 알려졌다.,"The United States has also agreed to help Poland modernize its military, which it requested as a condition of its support for housing the missile defense system.","the united states is rare for the us to buy its promise of us, as well as the army said.",0.05949119105935097,0.05115458369255066,0.06478461623191833,2.113180051756112
이날 뉴욕상업거래소(NYMEX)에서 8월 인도분 서부텍사스산 중질유(WTI)는 2.60달러 올라배럴당 143.57달러에 거래됐다.,"Light, sweet crude for August delivery rose $2.60 to settle at a record $143.57 a barrel on the New York Mercantile Exchange.","light, sweet crude for april delivery jumped on a new record of. on the new york mercantile exchange after earlier setting a new trading record of.",0.30393365025520325,0.3320663273334503,0.27386152744293213,11.146727460890444
국제유가는 휴일을 앞둔 시점에서 악재가 거치면서 2일 장중 마감 무렵 30분 동안 2달러 가까이 올랐다.,"Oil rose nearly $2 in the last half-hour of Wednesday's session, as traders boosted their positions in anticipation of more bad news ahead of the long holiday weekend.","oil prices, a barrel at the korea herald reports on tuesday, a day after two weeks of a security service is at a. m. saturday",-0.1217840164899826,-0.13664722442626953,-0.1105017215013504,1.6984210955039127
알라론트레이딩의 애널리스트인 필 플린은 “거래업자들이 휴일을 앞두고 대대적인 매수청산에 나섰다”며 “취업 전망이 어둡게 나오고 달러화가 약세를 기록하는 등 나쁜 뉴스가 계속 나왔다”고 밝혔다.,"""With traders taking off for the holiday weekend, everyone's going long,"" said Phil Flynn, senior market analyst at Alaron Trading. ""Thursday's job numbers are expected to be ugly, the dollar is weak, so if you're going into the weekend, why would you want to be short on oil with bad news?","these have these days, said ager, said ag, the associated press news corp. s jorgen t, the deep discount,",-0.2711944878101349,-0.2863410711288452,-0.26011261343955994,1.0254068828393887
로버트 무가베 대통령과 그의 측근 11명에 대한 미국 주도의 유엔 안보리 제재 결의안이 공개됐다.,"The United States may soon put forward a U.N. Security Council draft resolution that would slap U.N. sanctions on Zimbabwe's long-time president, Robert Mugabe, and 11 senior members of his government.",president robert mugabe and his aides must approve the u. s. security council resolution on the u. s. security council resolution on the u. s,0.18568125367164612,0.18222779035568237,0.18648596107959747,1.581903245878494
이 제재 결의안은 무가베와 측근 11명에 대한 여행금지와 자산동결 그리고 무기 거래금지를 규정하고 있다.,"The sanctions would impose a travel ban on Mugabe and the others, would freeze many of their assets, and would impose an international arms embargo on the regime.","the resolution requires eight lawmakers and their probes must deal with deal with the deal, with the swiss states and the funds.",0.09679745882749557,0.0976584255695343,0.09299908578395844,3.215048479787765
유엔이 결의안을 내놓은 것은 무가베가 지난주 유엔 안보리의 요청에도 불구하고 결선투표를 강행했기 때문이다.,The push for U.N. sanctions comes after Mugabe ignored the Security Council's appeal to postpone last week's presidential runoff election in Zimbabwe.,"the united nations resolution called for a past years with the united states, and the un won past council imposed a un won critical of the past and won a vote.",0.030680593103170395,-0.04183683544397354,0.10212305188179016,1.4780822562194806
무가베는 지난 27일(현지시간) 치러진 결선투표의 결과에따라 취임식을 갖고 새로운 임기를 시작했다.,Mugabe was sworn in for another term as Zimbabwe's president after Friday's presidential runoff.,"mugabe, a mugabe, now a new president, announced that new hampshire, new hampshire, new hampshire, new hampshire",0.05128971114754677,-0.10312243551015854,0.21258798241615295,1.6466642419110007
"국제사회는 모간 창기라이 민주변화동맹(MDC) 총재가 폭력사태, 부정선거, 정부의 위협 때문에 후보를 사퇴했다며 선거 결과를 받아들일 수 없다고 말했다.","The vote was widely derided by international leaders as a ""sham"" because his only opponent, Morgan Tsvangirai, had withdrawn from the race citing widespread violence, intimidation, and vote-rigging.","the international community said it would have been the candidate for the government of president mwai kibaki, a government of human candidates, are still being held.",0.0074796173721551895,-0.011746943928301334,0.023600488901138306,1.637440406166366
유엔은 결의안을 통해 6월 27일 실시된 대통령 선거는 선거폭력 때문에 공정하고 자유로운 선거 분위기가 형성되지 않았으며 국제선거감시단의 활동이 제한됐다고 밝혔다.,"The draft U.N. resolution expresses ""deep concern at the gross irregularities during the June 27 presidential election, the violence and intimidation perpetrated in the run-up to the election that made impossible the holding of free and fair elections, and the creation of an environment that did not permit international election observers to operate freely before the June 27 vote.","the united nations has not been free of free and votes, and international, not the front line and internationally disbanded with the international atomic energy agency",-0.10512007027864456,-0.07660364359617233,-0.13685454428195953,2.0024407941424243
영국 정부는 무가베에 대한 비난의 수위를 높이며 미국 주도의 유엔 제재 결의안에 찬성하는 입장을 보였다.,The United Kingdom has been a harsh critic of Mugabe and is a chief backer of the U.S. push for sanctions.,"on the other, british government institutes that the u. s. ambassador to the united states and the united nations must approve the resolution has changed its relief on the",0.11425177752971649,0.021200532093644142,0.20786152780056,1.7345617945636578
이와 관련 존 소워스 유엔 주재 영국 대사는 짐바브웨가 비참한 상황에 놓여있다고 주장했다.,"John Sawers, the British ambassador to the United Nations, has called the situation in Zimbabwe dire.",the united nations security council is the situation is expected to be a situation in the country.,0.16982781887054443,0.16488701105117798,0.17207133769989014,6.609199691337808
소워스는 “짐바브웨 국민들이 자유롭게 공정한 분위기에서 투표를 했는지 확인할 필요가 있다”며 “3월 29일의 선거 결과는 존중할 필요가 있다”고 말했다.,"""We need to make clear that the views of the Zimbabwean people as expressed in the last elections that was reasonably free and fair, the one of the 29th of March, needs to be respected,"" Sawers said.","the number of people are needed to free vote, odinga said. may be given that a need to free vote.",0.006790244951844215,-0.00830425787717104,0.018724752590060234,2.5691116961123805
고든 브라운 영국 총리는 지난주 선거에서 “손에 피를 묻혔다”며 그가 대통령직에서 물러나야 한다고 강조했다.,"British Prime Minister Gordon Brown on Wednesday said Mugabe ""has blood on his hands"" after the violence leading up to last week's election and should step down.","gordon brown said he would not participate in a weekly substantial event, he said. but he also took a last week that he had been made in the country",0.020804772153496742,-0.003196829929947853,0.041822247207164764,1.6961343903963388
한편 창기라이는 2일 아프리카연합(AU)이 타보 음베키 남아공 대통령을 짐바브웨 사태 중재자로 지명한 것에 대해 반대입장을 표명했다.,"Tsvangirai on Wednesday rejected an African Union decision to keep South Africa's president alone in charge of efforts to resolve Zimbabwe's political crisis, news services reported.","meanwhile, zimbabwe is headed for a third day after the united nations development announced a narrow victory over the next wednesday after the election.",-0.012330296449363232,0.035171497613191605,-0.06215962767601013,1.5907140939049675
창기라이는 이날 짐바브웨 수도 하라레에서 열린 기자회견에서 음베케외 에 중재자를 추가로 지정하지 않을 경우 무가베 정부와의 협상에 임하지 않을 것이라고 강조했다,"Speaking to reporters at his home in Harare, Zimbabwe's capital, Tsvangirai said his group would not participate in talks about forming a governing accord with Mugabe's government unless an additional mediator was appointed, The Associated Press reported.","the former ruling is expected to discuss the un s, to discuss his party s no.",-0.084714375436306,-0.009791772812604904,-0.1608080416917801,0.8463597455002838
지난 5년 내 경영대학원 입학 시험을 치렀던 응시생들과 현 대학원생들의 시험성적이 무효화 될 수도 있어 귀추가 주목되고 있다.,"RICHMOND, Virginia (CNN) Prospective and current graduate business students who used a Web site to cheat on entrance examinations over the past five years could have their scores thrown out.","in april, the activists said that of their worked most of their own tests that forced them to work as part of their trial.",-0.04046635702252388,0.008987701497972012,-0.09225485473871231,1.5880176593692206
"경영대학원 입학시험 출제를 담당하고 있는 ‘경영 대학원 입학위원회(Graduate Management Admission Council, GMAC)’가 소송을 통해 ‘스코어 탑 닷컴(Score top.com)의 회원 정보와 지불 내역이 저장된 하드 드라이브를 압수, 사용자들을 조사하고 있다.","The exam's publisher, the Graduate Management Admission Council, is tracking down users of Scoretop.com after winning a lawsuit to shut down the site and seize a computer hard drive containing payment information and user identifications.","the korea herald reports that, google inc. introduced a modern report from the university of education, and then they are coming to their this as",-0.05829997733235359,-0.03079632855951786,-0.08889871090650558,1.506713360447854
"해당 사이트는 VIP 고객들로부터 월 30달러(약 3만1000원)의 이용료를 받고 ‘경영대학원 입학시험(Graduate Management Admission Test, GMAT)’에 대한 최근 출제 경향을 공개했다.","Scoretop sold VIP access for $30 a month, giving users previews to current questions on the latest Graduate Management Admission Test.","the site is about a dollar of buying dollars of dollars in their perception dollar terms of wealth, buying the selling of the new terms of dollars",0.009112991392612457,0.005398563574999571,0.009603616781532764,1.7574239156849023
레오니 브링크마 판사는 GMAC가 제기한 저작권 위반 소송에서 스코어 닷컴 운영자인 레이 시 에게 GMAC측에 235만달러(약 24억원)와 재판비용 전액을 지불하라며 원고 승소판결을 내렸다.,U.S. District Judge Leonie Brinkema also ordered site operator Lei Shi to pay $2.35 million plus legal costs in a June 20 ruling in the copyright infringement lawsuit.,"after hearing the case, the first time we know about a million lawsuits, a judge told a news conference in bern that includes another memorable of euro.",-0.012797529809176922,0.00991735327988863,-0.03856727480888367,1.6798008526503487
주디 페어 GMAC 대변인은 2일(현지시간) “해당 사이트가 운영되기 시작한 지난 2003년부터 현재까지 혐의가 있는 6000건에 대해 조사 중이다”라고 밝혔다.,"About 6,000 GMAT scores from when the Web site started in 2003 to the present are in question, GMAC spokeswoman Judy Phair said Wednesday.","a spokeswoman for the japanese government has been attempting to land, and they were attempting to land.",0.046241968870162964,0.08412116020917892,0.005877484101802111,2.094331982557397
그러나 GMAT는 연중 제한 없이 응시가 가능해 얼마나 많은 응시생이 이번 사건에 연루되어 있는지는 정확히 파악하기 힘든 상황이다.,"It's unclear how many test-takers are involved, because they can take the test several times a year.","but, but they did not say whatever is going to happen.",0.120340995490551,0.12250328063964844,0.11532192677259445,2.56249125689746
한 뉴질랜드 남성이 자신의 영혼을 경매에 내놨다.,"AUCKLAND, New Zealand (CNN) A New Zealand man has put his soul up for auction to the highest bidder, noting that is ""a merry old soul"" rather than a ""funk soul brother"" but that he would ""would like to think there is a bit of funk in there somewhere.",men also have received her publicly on their voluntariless rules on their infant.,-0.1372634619474411,-0.03938464820384979,-0.23485174775123596,0.1141161543444471
올해 24세의 월터 스콧은 뉴질랜드에서 운영되고 있는 인터넷 경매 사이트인 ‘트레이드 미(Trade me)’에 자신의 영혼을 올렸다.,"Walter Scott, 24, put his soul up for sale on New Zealand Internet auction site TradeMe, and so far has received more than 100 expressions of interest.","after years of, the year old army said he was looking at a press american business in the game from the new york city of cleveland.",0.017070790752768517,-0.0239314753562212,0.055507842451334,1.5788649383243545
영혼 경매는 3일(현지시간) 오후 12시에 마감되며 현재 최고가는 189달러(약 19만6000)다.,"The auction closes at 12:00 p.m. Thursday local time (0000 Thursday GMT), and bids so far had reached US$189 (NZ$$250).","the auction has been holding a about of about,, swiss francs and, swiss francs, drove and much.",-0.2281465083360672,-0.1636156439781189,-0.2948381006717682,1.2926900188513106
한 변호사는 이번 경매와 관련 “낙찰을 받은 사람은 오직 스콧의 영혼에 대해서만 권리를 주장할 수 있다”며 “그를 통제할 아무런 권리도 없다”고 밝혔다.,"Advice from a lawyer was that the winning bidder would not be entitled to anything but Scott's soul and would not be able to own or control him in any way, he said.","we have heard you hear you hear about the person and you have to accept a message, but we have told him on the phone and said her, you re asking",-0.0188362468034029,-0.05734802037477493,0.016917221248149872,1.777746813523231
스콧은 “가장 높은 가격을 제시한 사람에게 ‘영혼 소유권’이란 증서를 제공할 예정”이라고 말했다.,"Scott said the successful bidder will receive a framed deed of ""soul ownership.""","the only person appearing to build a string of americans in the west virginia city of iran, announcing the need for a good build up the iranian economy.",-0.04117833077907562,-0.09108436107635498,0.006303014233708382,1.7557381354086663
"최근 영국 해군에서 중위로 복무하고 있는 윌리엄 왕자(26세)가 지난주 대서양에서 코카인 1톤을 싣고 가던 소형 쾌속정을 발견, 마약 밀매업자 소탕작전을 도왔다고 2일(현지시간) 영국 국방부가 밝혔다.","LONDON, England (CNN) &#8212; Britain¡¯s Prince William, currently serving in the Royal Navy, helped make a major drug bust last weekend when he spotted a speedboat found to be carrying one ton of cocaine in the Atlantic Ocean, Britain¡¯s Ministry of Defense said Wednesday.","the british throne was apparently uncovered to the national arm, with the southern california of old tony blair, who discovered the photograph of birds, and",-0.1952102780342102,-0.09979896247386932,-0.2906581461429596,0.8873506417592272
국방장관은 윌리엄 왕자가 아이언 듀크호에서 이륙한 헬기를 타고 순찰을 하던 중 바르바도스에서 수백마일 떨어진 곳에서 쾌속정을 발견해 아이언 듀크호에 알렸다고 전했다.,"William, 26, was one of the crewmembers aboard a helicopter attached to the frigate HMS Iron Duke who spotted the ocean-going speedboat hundreds of miles northeast of Barbados, the defense ministry said","defense minister, told cnn that his father buildup crews were riding in order to wear a helicopter with a buildup spot in the chechon, as the venue had gone",-0.10809934884309769,-0.1270323395729065,-0.0926513746380806,2.981619759615924
국방부는 약 275미터 규모의 쾌속정이 해안에서 멀리까지 나와 있다는 점과 보통 마약 밀수를 위해 일반적으로 사용하는 쾌속정과 유사한 점 등으로 미뤄 그들을 의심했다고 말했다.,"The 50-foot-long power boat raised suspicions because it was a small vessel far out to sea and resembled a ¡°go-fast¡± boat commonly used for drug smuggling, the ministry said.",the ministry said they are considering using a makeshift to make sure that they are considered capable of using a cellal treatment of genetics and make them use,-0.1043681874871254,-0.07437148690223694,-0.13754218816757202,5.138816807695251
당국은 유럽과 북아프리카를 잇는 항로에서 이 배의 위치를 추적했다고 전했다.,"The boat¡¯s location suggested it was en route to Europe or North Africa, it said.",the official said the incident had happened as a result of the arms.,0.13613617420196533,0.22187598049640656,0.05048920214176178,2.725762876425168
이란이 2일(현지시간) 국제유가가 배럴당 140달러이상 급등하자 유가 안정을 위해 석유를 증산할 수도 있다는 입장을 밝혔다.,Iran Wednesday hinted at a possible increase in its production of crude oil to stabilize prices as they hovered above $140 a barrel.,"cnn tehran herald cnn a barrel tehran is considering a crude on thursday, despite a gas price of crude oil prices, the new gas prices of the oil",0.028047416359186172,0.015086334198713303,0.03789661452174187,6.321018519493676
"스페인의 수도 마드리드에서 열린 ‘세계 석유회의(World Petroleum Congress)’에 참석한 골람 호세인 노자리 이란 석유부 장관은 이란의 석유산업에 대해 간략히 설명했으며 유가가 배럴당 170달러, 심지어 200달러 선까지 올라갈 것이라는 예측에 대해서는 부인했다.","Speaking as he prepared to deliver a briefing on his country¡¯s oil industry at the World Petroleum Congress in Madrid, Gholam Hossein Nozari dismissed the possibility of prices moving to $170 or even $200 a barrel.","club in iran, now ministers of ministers in a move to defeatia yesterday s oil future, was exploring iran in the champions league groups at their home",-0.11985575407743454,-0.04887573421001434,-0.19233550131320953,1.4808866847435131
그는 이란이 어떠한 방법을 통해 유가를 억제할 수 있느냐는 질문에 “시장 공급을 늘리면 된다”고 전했다.,"Asked what Iran would do to control prices, he replied ¡°By the supply, the market.","we are taking the steps in question, however, you can t get a us.",0.10071225464344025,0.1605546474456787,0.03940631076693535,3.0494830265565875
이란은 석유수출국기구 OPEC 회원국 중 2번째로 석유를 많이 생산하는 국가로 하루에 410만배럴의 원유를 생산한다.,"Iran is OPEC's second-largest producer, with a current official allocation of 4.1 million barrels a day.",iran s oil produced production of oil and producing oil production costs are producing oil production.,0.013612275011837482,0.043667133897542953,-0.01924932561814785,2.5642993454084824
현재 가장 많은 원유를 생산하고 있는 나라는 사우디아라비아로 하루 910만 배럴을 생산하고 있다. 최근 사우디는 하루 원유 생산량을 970만 배럴까지 늘리겠다고 밝힌 바 있다.,"Saudi Arabia is the largest producer in the oil producers' cartel, with an allocation of 9.1 million barrels a day, but has announced it is hiking production to 9.7 million.","saudi arabia is a very meaningful day of protests in saudi arabia, where they were saudi arabia to protest the saudi.",-0.07897266745567322,-0.12143389880657196,-0.039333440363407135,1.846468887355467
한 광산업체가 영국 아일랜드에서 무수히 많은 금이 매장된 금광을 발견했다고 2일(현지시간) 밝혔다.,"(CNN) &#8212; A mining company has found what may be the largest gold deposit ever found in Britain or Ireland, the company¡¯s chairman said Tuesday.","cnn oil prices were found deadly, he said.",0.0020299749448895454,0.20913252234458923,-0.1920245736837387,0.6575283915234663
아일랜드에 위치한 금과 다이아몬드를 채굴하는 광산업체인 더블린의 리차드 콘로이 회장은 해당 금광에서 채취한 샘플을 확인한 결과 이곳에 28톤 이상의 금이 매장됐을 가능성을 확인했다고 전했다.,"Drill samples indicate more than 1 million ounces of gold may lie below what is now rolling Irish countryside, said Richard Conroy, the chairman of Dublin, Ireland-based Conroy Diamonds and Gold.","the chairman, chairman of the nd city, said they were found at the end of, but the chairman said.",-0.009862400591373444,0.01593356393277645,-0.03864014148712158,3.746537355305069
콘로이 회장은 이곳에 매장된 금의 가격만도 사상 최고가를 기록할 것이며 발굴된 금의 가격이 3억달러(약 3100억원)이상 될 것으로 예상했다.,"With the price of gold near historic highs, the find could be worth as much as $300 million on the market, Conroy told CNN.","treasury bonds will be the biggest increase in more than million, but the maximum values could be a boosted. billion won million gold.",0.05595886707305908,0.04836491867899895,0.0604935884475708,3.7833770368137887
"미국 정부의 지원을 받아 각 나라의 행복지수를 연구한 결과 덴마크가 가장 행복한 나라로, 정치 불안이 심각한 짐바브웨가 가장 불행한 나라인 것으로 나타났다.","WASHINGTON (CNN) &#8212; Denmark is the happiest country in the world while politically unstable Zimbabwe ranks at the bottom, according to a U.S. government-funded study released this week.","the u. s. government has said that most of these nations are a serious country as part of a wider remarkable, and most of the richest nations",-0.021074587479233742,0.025828277692198753,-0.07035506516695023,1.5467046551507315
한편 미국은 조사 대상이 된 97개국 중 16위를 차지했다.,ranked 16th among 97 countries in the World Values Survey.,the united states is one of four rich countries in those states.,0.12479189783334732,0.07923199981451035,0.16828295588493347,7.347053125977879
"미국 국립과학재단이 지원한 이번 조사에서 경제성장, 민주주의, 평등이 원활히 이뤄진 나라일수록 국민들이 느끼는 행복지수가 높은 것으로 드러났다.","The survey, paid for the U.S. National Science Foundation, found that happiness coincided with greater economic growth, democracy, and social tolerance.","the probe is growing, and they believed the number of people believed to be low lying areas from the top of the facility in the, of which",-0.06426312029361725,-0.13415436446666718,0.004120888654142618,3.060336737367801
이 같은 기준에따라 덴마크가 1위를 차지했다.,"By that measure, Denmark tops the list.",the first move to save the.,0.19136716425418854,0.14847446978092194,0.23230989277362823,5.8689248188165335
"이어 푸에르토리코, 콜롬비아, 아이슬란드, 노던 아일랜드, 아일랜드, 스위스, 네덜란드, 캐나다, 오스트리아가 그 뒤를 이었다.","Puerto Rico, Colombia, Iceland, Northern Ireland, Ireland, Switzerland, the Netherlands, Canada and Austria.","new york ap the west african party, led austrian, slammed, and once led the lead.",-0.1593763381242752,-0.04474819079041481,-0.2723436951637268,2.8518643084013244
이스라엘이 예루살렘에서 2일(현지시간) 테러범이 몰던 불도저가 버스 1대와 차량 여러 대를 들이받는 사고가 발생해 3명이 숨지고 30명이 부상했다고 밝혔다.,"JERUSALEM (CNN) &#8212; Israeli authorities said a ¡°terrorist¡± rammed a bulldozer into a bus and several other vehicles in Jerusalem Wednesday, killing at least three people and wounding more than 30 others.","the explosions killed at least people and killed people, including winding and smoking, according to a cnn correspondent jerryar.",-0.17703479528427124,-0.06173521652817726,-0.2906471788883209,2.6826246772554274
4~5분간 계속된 이번 테러는 경찰 한 명이 차선을 벗어나 질주하던 불도저 옆으로 올라 운전자를 총으로 사살하면서 진압됐다.,The rampage lasted about four to five minutes before a police officer climbed up the side of the swerving bulldozer and fatally shot the driver &#8212;,"one of the men who were beaten into a police station who was trying to get a number of wounds, police said.",0.044631198048591614,0.1664406806230545,-0.07445119321346283,3.8203594159732472
불도저 운전자는 동 예루살렘 출신의 팔레스타인인 인 것으로 밝혀졌으며 전과가 있었다.,"a Palestinian man from East Jerusalem with a criminal record, police said.",the palestinian territory is always closed and all of the clock.,0.14077389240264893,0.0666162446141243,0.21427561342716217,2.866609149471877
사법당국은 예루살렘 서부 자파 도로에서 발생한 이번 불도저 난폭운전사고를 단순 사고가 아닌 테러로 규정했다.,"Law enforcement officials said they are treating the incident on Jaffa Road in western Jerusalem as a ¡°terrorist incident,¡± not an accident.","the treasury department has not been lashed from the accident, which has died after suffering a suicide bombing in a clear region of the people of the regional district.",-0.03537623584270477,0.026615014299750328,-0.09911710768938065,1.9508315563589549
"당국은 테러범이 불도저를 운전할 수 있었음에 착안, 범행 동기를 조사 중에 있다고 밝혔다.","The attacker was the normal operator of the vehicle, they said. The motive for the attack is still under investigation.","officials say they were still investigating the security and the body of the, though authorities.",0.25027918815612793,0.18713216483592987,0.3124963641166687,4.544881298124784
몽골의 수도 울란바토르에서 시민들의 총선 부정 규탄시위가 확산되자 남바린 엥흐바야르 몽골 대통령이 국가 비상사태를 선포했다.,(CNN) &#8212; President Nambaryn Enkhbayar of Mongolia has declared a state of emergency in the capital after a post-election political rally descended into violence.,"a fire, forest fire from the governor of a rural area of people s armed forces, beat many president vladimir, who has been at the scene of a",-0.2495880424976349,-0.1714709848165512,-0.3291115164756775,1.877081263233555
몽골 국영 몽트새임 통신은 이번 시위로 100여명이 다쳤으며 500여명이 구속됐다고 보도했다.,"More than 100 people were hurt and at least 500 were detained, according to the Mongolian news agency, Montsame.","the two were later, the official said, as the, workers were fired, according to the state run news agency.",0.238285094499588,0.2552897036075592,0.21893133223056793,13.30844252711102
과거 북한의 완전한 핵 신고가 필요하다고 주장하던 미국의 태도가 바뀌었다.,"When U.S. officials talked in the past of the need for North Korea to declare the full extent of its nuclear program, everyone from President Bush on down said it must be ¡°complete¡± and ¡°verifiable.",the north s korean central intelligence agency had already said they need to do.,-0.01818430982530117,0.016234956681728363,-0.0553918220102787,0.7422281094675837
콘돌리자 라이스 미 국무장관 또한 여러 차례에 걸쳐 “북한이 완전하고 정확한 신고를 하길 바란다”고 밝힌 바 있다.,"¡°We expect a complete and accurate declaration from North Korea,¡± Secretary of State Condoleezza Rice has said on more than one occasion.","a particularly north korea has angered officials to completely a nuclear official in north korea, where he is expected to complete the north s completely nuclear reactor, a",-0.169119730591774,-0.09287821501493454,-0.24667605757713318,1.7557381354086663
그러나 지난주 북한이 핵 신고서를 제출한 이후 미국 당국이 더 이상 완전히 라는 말을 사용하지 않고 있다.,"But since Pyongyang last week released details of its program, U.S. officials aren¡¯t using the word ¡°complete¡± any longer.","last week, north korea has not use with north korea as a completely used or north korean side in the united states.",-0.07330124080181122,-0.02113933302462101,-0.12778151035308838,3.956623635711306
숀 매코맥 미 국무부 대변인은 2일(현지시간) “북한의 신고서는 검증할 만 한 것이다”며 완전한지 여부에 대해서는 언급하지 않았다.,"¡°We think that this declaration is verifiable,¡± State Department spokesman Sean McCormack said Wednesday. He declined to say whether it was ¡°complete.",rice s spokesman is ready to accept aid and accurate s state department sunday.,-0.049642566591501236,0.03980843722820282,-0.1392202526330948,1.7850542155063769
콜롬비아 군이 2일(현지시간) 교묘한 작전을 펼쳐 콜롬비아무장혁명군(FARC)으로부터 잉그리드 베탕쿠르 전 콜롬비아 대통령후보와 3명의 미국인을 포함 총 15명의 인질을 구출했다고 콜롬비아 정부가 밝혔다.,"(CNN) &#8212; Colombian troops freed 15 hostages, including former presidential candidate Ingrid Betancourt and three Americans, from leftist rebels Wednesday in an elaborate ruse without a shot being fired, government officials said.","more than a dozen cities were colombianed by the u. s. forces in the air force, more than a dozen cities were colombianed by colombian rebels in more",-0.1340465098619461,-0.028275512158870697,-0.23887820541858673,1.2989510011239347
"콜롬비아 밀림에서 6년 동안 억류됐던 베탕쿠르는 위장용 조끼, 모자를 착용했으며 건강한 모습이었다.","Dressed in a camouflage vest and hat and appearing healthy after being held hostage for more than six years in the jungle, Betancourt stepped onto the tarmac from a Colombian military jet in Bogota and hugged her mother and husband with a broad smile on her face.","the first four decades was made from the bbc as the brutal born was born in last year for four years in prison, and brussels bought for, and was b",-0.14645838737487793,-0.18062672019004822,-0.11558262258768082,2.0393925503612964
"올해 46세인 베탕쿠르는 2일 오전, 한 명의 반군 대원으로부터 자신과 다른 인질들이 다른 장소로 이동할 것이라는 말을 들었다고 전했다.","The now 46-year-old former senator said she was told early Wednesday morning that she and the other hostages were to be transferred to another location, where their detention was to continue.",the year old saw tourism was told by the militants and others who were safer to others who were safer to others who were safer to others who were safe,-0.03234822303056717,-0.11400587856769562,0.0486399307847023,2.972400490633917
그러나 그는 콜롬비아 군으로 밝혀졌고 결국 베탕쿠르를 포함한 인질들은 FARC 반군에게서 무사히 탈출했다.,But the men her captors handed her over to turned out to be Colombian troops who had tricked the Revolutionary Armed Forces of Colombia commanders have held hundreds of hostages in the jungle for years.,"but he also saw the hostages as he had a very different rebel group of hostages, including a multilateral, multitriy, a guide with a",0.03298250213265419,0.001647762954235077,0.06152787804603577,2.36513308409265
베탕쿠르는 자신과 동료들이 헬기에 타자마자 그를 데려왔던 반군 대원들이 콜롬비아 군 소속임을 밝히고 구출됐음을 말해주었다고 설명했다.,"Once she and her companions were aboard a helicopter, she said, the chief of operation told them, ¡°We are the national army and you are all free.","the associated press general held talks held when he arrived in the video and a soldier which was killed, he said.",0.07518288493156433,0.07948174327611923,0.06788890063762665,1.8915621466758128
그는 이번 작전에 대해 “기적적이다”며 “콜롬비아 군이 자랑스러웠다”고 전했다.,¡± She called the operation ¡°a miracle¡± and ¡°a moment of pride¡± in Colombia.,we have seen the only important step to have been the colombianies of our military and colombian soldiers.,-0.09288371354341507,0.08238708227872849,-0.2596251964569092,2.8629993657668877
"콜롬비아를 방문하고 있는 미국 공화당의 대선후보인 존 매케인 상원의원이 2일(현지시간) 오후, 알바로 우리베 콜롬비아 대통령과 만나 자유무역, 마약퇴치, 외교관계 개선 등에 대해 협의했다.","BOGOTA, Colombia (CNN) &#8212; Sen. John McCain, the presumptive Republican presidential nominee, discussed free trade, illegal drugs and better relations Tuesday night with Colombian President Alvaro Uribe.","sen. john mccain, arizona, cnn on thursday, we will take place or ready for a criminal u. s. president, monday",-0.08531580865383148,-0.03831667825579643,-0.13488110899925232,1.4452265773942534
3일간의 일정으로 중남미를 순방하고 있는 매케인 의원은 첫날 콜롬비아를 방문해 우리베 대통령과 면담을 가졌다.,McCain met with Uribe after arriving in Colombia on the first leg of a three-day trip to Latin America &#8212;,"two of its nuclear issues, the two of the first visit to president, was elected president of sue told president.",-0.19987237453460693,-0.24258515238761902,-0.16035492718219757,3.916449665002248
매케인의 이번 중남미 순방은 자유무역을 반대하고 있는 경쟁자인 민주당 버락 오바마 상원의원과의 차이점을 드러내기 위한 것이다.,"a trip that highlights policy differences on trade between him and his Democratic rival, Sen. Barack Obama.","the south america has been increasingly opposed to freely affect their perception on the grounds of freedom, sen. barack obama and his rival, to,",0.11227478086948395,0.03592745587229729,0.18801651895046234,4.1798820492168565
"그는 우리베 대통령과의 공동기자회견에서 “자유무역은 콜롬비아뿐 아니라 세계경제, 미국경제에 가장 중요한 것이다”라고 주장했다.","¡°Free trade is an important issue, not only for Colombia, but, I believe, for the economy of the world and ¡¦ for the U.S. economy,¡± McCain said Tuesday at a news conference with Uribe.","in a speech at the residence of presidents, colombia, the world s most important issues of the us and the colombian world are in the u. s. and should the",0.05572507157921791,0.15630435943603516,-0.04390179365873337,3.080427819186729
그러나 민주당은 콜롬비아 우익 민병대가 근로자들의 활동을 위협하고 있다는 것을 이유로 이 협정 비준안을 부결했다.,"Democrats in Congress have blocked the deal, citing the intimidation and killing of Colombian labor activists by right-wing paramilitary troops.","but the democrats, which democrats ending their parts, the committee told the associated press by the fright of the group, as the colombian owner s",0.04109145328402519,0.020684057846665382,0.058520156890153885,1.996819088094332
현재 매케인은 콜롬비아와 미국의 FTA를 지지하고 있다.,McCain supports the agreement.,mccain is celebrating their s being picked up to their promises to win their own chances.,0.22548367083072662,0.043989043682813644,0.41797909140586853,2.2869567780619007
"한편 오바마는 “콜롬비아 정부가 조합결성, 노동쟁의, 반대파의 활동을 저지하는 우익 민병대를 지원하고 있다는 것이 의심되는 상황에서 대통령이 이를 지지하는 것은 절대적으로 잘못된 것이다”라고 주장하며 반대의 입장을 드러냈다.","Obama opposes it, saying in April that President Bush was ¡°absolutely wrong¡± to support the deal on the grounds that the Colombian government is suspected of ¡°potentially having supported violence against unions, against labor, against opposition. ¡±","to have the opposition said it is unlikely to defend the state s support of the union of the state s unionists, and by the end of the world war,",-0.03909997269511223,0.05917973443865776,-0.13682836294174194,1.594593992400677
영국 윔블던의 올잉글랜드클럽에서 1일(현지시간) 치러진 2008 윔블던 여자단식 8강전에서 정지에(중국.24)가 니콜 바이디소바(체코)를 2-1(6-25-76-1)로 꺾고 중국 선수로는 처음으로 메이저 대회 4강에 진출했다.,"Zheng Jie became the first Chinese player to reach the semifinals of a Grand Slam tournament Tuesday, beating Nicole Vaidisova 6-2 5-7 6-1 at Wimbledon.","london, england cnn a goalkeeper memorial to handover off his homes at london s heathrow, which is being described as being used by european union nations.",-0.20287883281707764,-0.13633805513381958,-0.2713989019393921,1.6761833990718291
윔블던에서 와일드카드로 출전한 여자 선수가 준결승에 오르기는 이번이 처음이며 다른 그랜드슬램을 포함하면 2번째에 속한다.,The 24-year-old Zheng is also the first female wild-card entrant to ever reach the semifinals at the All England Club and second at any Grand Slam.,"a first time the girl had been given a second night in the world, they are trying to reach the first time a team, including the other two other medal",-0.062009237706661224,-0.09223474562168121,-0.03490516543388367,3.773564529272586
윔블던에 3번째로 출전한 정지에는 “준결승에 오를 것이라고 예상하지 못했다”고 말했다. 그는 준결승전에서 윔블던을 2차례 제패한 세레나 윌리엄스(미국)와 맞붙는다.,"""I never think I can (reach) the semifinal,"" said Zheng, who is playing at Wimbledon for only the third time and will next face two-time champion Serena Williams.","the second half, who was in the wimbledon, said he was not following his media at anaeya, indicating that he would be quite his",-0.046393122524023056,-0.03892618790268898,-0.05723048001527786,2.8229297856753504
각국의 다른 중앙 은행들도 신용 거래가 다시 이루어질 수 있도록 선례에따라 공동의 노력으로 금리를 낮추었습니다.,"Other central banks in countries have followed suit, cutting rates in a coordinated effort to get credit flowing again.",other banks are taking part in the banking system against the nation s ending with a banking interest in that.,0.16655436158180237,0.11149143427610397,0.2200547605752945,2.7156804039319287
그러나 월 스트리트의 오전 거래장은 어수선했는데 이는 금리 인하가 세계적인 불황을 막기에 충분한 조치인지 조사자들이 의문을 제기했기 때문입니다.,But Wall Street has bounced around in early trading as investigators questioned whether the action is enough to head off a global recession.,"but they should take the next step to try to take up next month to send an effort to take up next month to send a message to the future, said june management",-0.06480204313993454,-0.18228085339069366,0.054977256804704666,1.432548017297354
이번 주 다우 지수의 875포인트 하락과 더불어 주가는 초반에 폭락하였습니다.,"Stocks initially plunged, adding to this week's loss of 875 points in the Dow, the industrials then moved to the positive territory and are now back down again;","the dow slid down the following point, and the move takes the earliest weeks of their two weeks.",-0.005024435464292765,0.06962735950946808,-0.08064915239810944,1.7967650682867484
"그런 다음, 다우 지수는 상승세로 들어섰다가 다시 하락세로 돌아와 장이 열리고 90분 만에 100포인트 하락하면서 또 한 번 순탄치 못한 모습을 보여주고 있습니다.","Industrials off about 100 points after 90 minutes of trading, another bumpy ride.","the dow jones industrial average fell., ending their prices, and they fell on the big three to dow.",0.03760503977537155,-0.03291422501206398,0.10695210099220276,2.0540268312306345
그러나 적어도 영국 정부가 예금자들에게 믿음을 심어주기 위해 주요 은행들을 부분적으로 국유화한 데에 만족스러워하는 이 영국인에게는 희망이 있어 보입니다.,"There is hope, though, at least for this London resident, who's happy to see the British government partially nationalize major banks, to build depositors' confidence in them.",but the british artists went off to a banking business to try to bank debts in countries trying to tackle climate change.,0.1295715868473053,0.13418690860271454,0.12213819473981857,1.6649693257494385
“저는 오늘 아침 정부에서 행한 일 덕분에 지난 주보다 더 믿음이 생겼습니다.”,“I think I feel more confident now that they've done what they done this morning than I have been the last week or so.”,"i got up to, this morning, today, more than a week.",0.11073075234889984,0.1435948610305786,0.07543596625328064,3.322360253421841
what's in it for ~ ~에게 좋은 일(이익)이 있나,What's in it for you?,the good said it was a good time to be good.,0.16378238797187805,0.14498156309127808,0.17998062074184418,3.3864985683445354
"variable rate 변동성의, 변동 금리의","“If you have a variable rate credit card why, you might benefit if the rate stays low for long enough, and if you have a variable rate mortgage tied to the right kinds of market indicators, why, you might get some benefit there, too…”",an asteroid that is aiming to create a state of interest in china over the weekend.,-0.0721188485622406,-0.04469335824251175,-0.10268476605415344,0.4923539872075695
"follow suit 남이 하는 대로 따라 하다, 선례에 따르다","Other central banks in countries have followed suit, cutting rates in a coordinated effort to get credit flowing again.","if they were still caught in new mexico, a suburb of one man, told reporters.",-0.04993392154574394,-0.15455859899520874,0.05579188093543053,2.571013894117821
"˝며칠간의 공백기 끝에, 탈레반 무장 단체와 한국 정부 관계자는 남은 19명의 한국인 인질들의 운명에 대한 논의를 재개하기로 했다. 인질들은 전쟁으로 황폐화된 아프가니스탄에서 억류된 상태로 6주째를 맞고 있다.","˝After several days of hiatus, Taliban militants and Korean officials are set to resume talks on the fate of the remaining 19 Korean hostages, who are about to complete their sixth week of captivity in war-torn Afghanistan.",we have taken a more serious condition or a taliban militants from the taliban and taliban militants.,0.0006240371731109917,0.044332534074783325,-0.04551441967487335,0.8947103690165624
이 무장 단체는 23명의 교회 봉사단이 7월 19일 남부의 칸다하르 주에서 중심부의 수도 카불로 돌아가는 도중에 이들을 납치했다.,The armed militants kidnapped 23 church volunteers while they were returning from the volatile Kandahar Province in the south to the central capital of Kabul on July 19.,"the group says it is a first day in days, about a dozen seized days of an operational operation in the town of santiago, a day after the",-0.03195374086499214,-0.0769326314330101,0.010440882295370102,3.1221929756173616
"탈레반 대변인 자비훌라 무자히드는 코리아 타임즈 지에, 무장 단체는 사태를 평화적으로 해결하기 위해, 다음 단계의 논의를 시작할 준비가 되어 있다고 말했다.","Zabeehullah Mujahid, a Taliban spokesman, told The Korea Times that the militants were ready for the next phase of talks to amicably resolve the issue.","the spokesman said the taliban has launched, militants told the associated press by telephone from the militants to discuss the ever launch its operation, to discuss the ever",-0.09055567532777786,-0.025629116222262383,-0.1572372019290924,3.6164117246195167
"하지만, 그는 자신들의 요구는 그대로이고, 한국 정부는 아프간 정부에 압력을 가할 수 없다는 기존 입장을 고수하지 않을 것이라는 사실을 입증해야 할 것이라고 주장했다.","However, he said, their demands will remain the same and the Korean side should assure them that they will not stick to their stance of being unable to put pressure on the Afghan government.","however, he called on the government to withdraw its troops from afghanistan, as the government said it could not provide them.",0.29762160778045654,0.3384663462638855,0.25515836477279663,3.4071574699659792
무장 단체는 인질들의 무사 석방에 대한 대가로 탈레반 수감자들의 석방을 요구하고 있다.,The militants are demanding the release of Taliban prisoners in exchange for the safe release of the hostages.,militants holding the hostages released hostages for the hostages release.,0.45344725251197815,0.45598000288009644,0.44914010167121887,5.891524451695448
"하지만, 명백히 부시 행정부의 압력을 받은 카불에서는, 탈레반과의 죄수 교환은 무장 단체의 용기를 돋우어 줄 것이기 때문에, 이미 안전 문제와 싸우고 있는 아프간에 더 많은 납치 사건이 발생하게 만들 것이라는 입장이다.","However, Kabul, apparently under pressure from the Bush administration, says a prisoner swap with the Taliban would embolden the militants and encourage more kidnappings in the country, which is already grappling with security problems.",but the bush administration continues to deal with the taliban styles take up to.,0.09895244985818863,0.1381407529115677,0.05748127028346062,1.3343288004006475
"무자히드는 사우디 아라비아 정부의 개입이 있었다는 사실은 부인했지만, 사태의 평화적인 해결을 위해서는 어떠한 움직임이라도 거부하지 않을 것이라고 밝혔다.","Mujahid denied that there had been any mediation by the Saudi Arabian government, however, he said they would not reject any such move for a peaceful resolution of the problem.","i was always discussed, but they completely discuss peaceful, he said.",0.16829191148281097,0.24878990650177002,0.0876387506723404,3.362896693371621
"지역 뉴스 회사인 아프간 이슬라믹 프레스에서 합의가 이루어졌다고 보도한 것에 대해 질문하자, 그는 한국 정부 관계자와 어떠한 협상도 이루어지지 않았다고 말했다.","He said they had not come to any settlement with Korean officials when asked about a report carried by a local news agency, the Afghan Islamic Press (AIP), that an agreement had been reached.","the deal is ending the negotiations with a very negotiation meeting of the negotiations, he said, adding that he will step down and negotiations.",0.06132480874657631,0.12236921489238739,-0.0012390963966026902,1.496530742919139
"대변인은, 한국이 실속 있는 해결안을 제시한다는 조건 하에서, 한국측 특사와 새로이 회담을 시작할 것을 탈레반 지도부가 명령했다고 밝혔다.",The spokesman said their leadership had ordered them to initiate a fresh round of talks with the Korean delegation provided the latter comes out with some solid proposals for a solution.,"the korea needs to be a good taliban in south korea and the taliban would be released, the taliban said.",0.09180374443531036,0.1028684452176094,0.0778469517827034,1.7158520715495893
"“회담에서 탈레반에 제시할 것이 아무 것도 없다면, 아무 소용이 없다”고 무자히드는 언급했다.","``It is no use if the other side has nothing new to offer to the Taliban during the talks,´´ said Mujahid.","taliban spokesout the situation will not provide any nato for afghanistan, said nato spokesman, told cnn.",-0.005476835649460554,-0.02695602923631668,0.012889361940324306,1.980696898970644
"거의 2주 전, 제 2차 대면 회담은 아무런 성과 없이 끝났다.",The second round of face-to-face talks ended without any progress almost two weeks ago.,the roundnessed without a resolution.,0.11684116721153259,0.1677541434764862,0.06412103027105331,2.153749340017052
"1차 회담의 결과로, 양측은 건강이 악화된 것으로 알려진 두 명의 여성 인질의 석방을 이끌어 냈다.","As a result of the first round, the two sides achieved the release of two female hostages who were reportedly sick.˝","the meeting follows the two women, were both released on the six years after the release of the hostages, the two women.",0.18335886299610138,0.1714426875114441,0.19266021251678467,11.601529016234949
어떤 사람들은 캐롤라인 케네디가 자신의 이름과 가문의 정치적인 힘을 이용해 힐러리 로드햄 클린턴의 상원의원직을 얻으려 한다고 말하고 있습니다.,Some say Caroline Kennedy is using her name and the family's political power to gain Hillary Rodham Clinton's Senate Seat.,"some people spent their names are known as the white house with hill, whose names are not taking the very different, named clinton, to",-0.03182695806026459,-0.08994492888450623,0.024257710203528404,1.6504045595709422
"다이엔 케플리 기자의 보도에서 알 수 있듯이, 캐롤라인 케네디는 자신이 뉴욕주에 많은 것을 제공할 수 있다고 말했습니다.","As we hear from our Diane Kepley, Kennedy says she thinks she has a lot to offer to New York State:","if the elaborate is telling the presence of the country s, he will make their new home in the field of the arabic, telling reporters at the upper",-0.148348867893219,-0.13126210868358612,-0.16902153193950653,1.2414943415352928
"“AP와의 인터뷰에서 캐롤라인 케네디는 상원의원에 대한 도전을 공개적으로 밝히면서, 사람들이 자신이 누군지 알고 있기 때문에 더 많은 것을 기대하고 있음을 알고 있다고 했습니다.”","“In an interview with the Associated Press, Caroline Kennedy goes on the record about her bid for the Senate, and acknowledges people will expect more of her because of who she is…”","in a news conference in, a day of the kennedy is told that, people are to know that if the candidates are still being questioned by their party",0.03215363249182701,-0.0444110669195652,0.10789618641138077,1.7004999603778406
“저는 '남들보다 2배로 일해야 한다'라는 생각을 하게 되었습니다.”,"“I've come into this thinking, 'I have to work twice as hard as anybody else.'","i ve been hearing about the, he said.",0.016886085271835327,0.09312301129102707,-0.06016992777585983,2.242173863464727
“케네디는 상원의원직 임명이 자신의 신분만으로 결정되는 것이 아니기 때문에 변호사이자 아이의 엄마면서 열렬한 학구열의 보유자라는 뒷배경도 고려해야 한다고 말했습니다.”,"“Kennedy says her background as a lawyer, a mother and an advocate for education should be considered because the choice is not just about who she is.”","when asked about the company that she is,, told the associated press that she is,, who is,, has been questioned so",-0.08109234273433685,-0.19752921164035797,0.03750398010015488,3.3972302317719394
“뉴욕을 위해 누가 가장 잘 일할 것이냐에 관한 문제입니다.”,“It's really about who's gonna do the best job here for New York.”,new york cnn the best things to be new york s new york times,-0.028682401403784752,-0.11406531184911728,0.056302305310964584,5.288136269890176
이 거대한 눈사람은 올해에도 앵커리지 동쪽 지역에 위치한 빌리 파워스 씨의 앞마당에 수수께끼처럼 나타났습니다.,The giant snowman mysteriously appeared again this year in Billy Powers' front yard in an east Anchorage neighborhood.,"the fourth response from the previous wta has got down to a nearly six years after the two candidates from a posted on the site, she said.",-0.01057049073278904,-0.051226042211055756,0.027420004829764366,1.286713095960916
"작년에는, 시에서 파워스 씨에게 스노우질라에 대한 철거명령을 내렸었습니다.","Last year, the city issued Powers a cease and desist order against Snowzilla.","last year, they were about, comforted to be faa.",0.1278015524148941,0.12564316391944885,0.12712110579013824,5.837542914603119
New Year's event on Times Square 타임스퀘어에서 벌어지는 신년맞이 행사     2008.12,“It's really about who's gonna do the best job here for New York.”,"they are clearly unhappy with their own green light, which means to be light, and they ll get by the new orleans.",0.10487568378448486,0.022566357627511024,0.186944380402565,1.7911710595643588
롱아일랜드의 한 초등학교는 차기 대통령에 대한 축하의 뜻으로 학교 이름을 변경한다고 합니다.,A Long Island elementary school renames itself in honor of the incoming president.,a so called public symbol of the president is accused of publicly taking their names of the president of the president.,0.21987934410572052,0.19718889892101288,0.24020855128765106,4.885326644211927
"“목요일 밤 이후로, 뉴욕 헴스테드의 러들럼 초등학교는 버락 오바마 초등학교가 되었습니다.","“As of Thursday night, what was Ludlum Elementary in Hempstead, New York, is now the Barack Obama Elementary School.",and i got barack obama to be a baracky for the night.,0.04668695107102394,0.09562967717647552,-0.004349748603999615,1.8837936165988447
조셉 라리아 교장은 대다수가 흑인과 히스패닉인 학생들이 학교명의 변경을 요청했다고 밝혔습니다.”,"School Superintendent Joseph Lar ia says, it was the pupils, most of whom are black or Hispanic, who asked for the name change.”","the chosun ilbo reports the group says he s not the highest turnout in the ires, and they say they turn about their schools",-0.02286052703857422,-0.02329755574464798,-0.025751840323209763,1.8892056019820656
"“아프리카계 흑인 및 라틴 아메리카 어린이들은 그들의 꿈이 이제 이루어질 수 있다고 믿고 있으며, 버락 오바마 당선인은 그들의 실질적인 역할모델을 상징합니다.”","“The African American and Latino children believe that their dreams now can become real, and Barack Obama symbolizes a very positive role model.”","children because of their own creation and a roman spiritual kids, saying children s black sea and believes get their way to do, even as they say",-0.05404790863394737,-0.13575860857963562,0.026935048401355743,2.01381482546679
“새로운 이름에 반대한 사람은 아무도 없었다고 라리아 교장은 말합니다.,Laria says no one objected to the new name.,the new york times say they have nothing to do with the new york.,0.22124360501766205,0.1444091945886612,0.2978189289569855,6.250381527944883
헴스테드는 뉴욕 시에서 약 25마일 동쪽에 위치해 있습니다.,Hempstead is about 25 miles east of New York City.,the band has new about new york.,0.03564463555812836,0.10525200515985489,-0.03511209413409233,4.513617516969122
아이들은 마지막 대선 토론회가 그곳에서 진행됨에따라 대통령 선거에 특별한 관심을 두기 시작했습니다.,The kids got especially interested in the Election when the final presidential debate was held there.,"the kids took place in a specially televised campaign special, according to the polling.",0.16897493600845337,0.15153652429580688,0.1838093250989914,3.4354485199782263
"45년 전 오늘, 존 F. 케네디 대통령이 댈러스에서 암살되었습니다.",Kennedy was assassinated in Dallas:,"john,, was about to outgrown in the last two years.",-0.02826990932226181,-0.03405046463012695,-0.02583036758005619,3.673526562988939
“우리는 주지사와 코널리 여사가 대통령과 영부인이 탑승한 차량에 함께 타고 있는 것은 알고 있습니다.,Connolly are in the car with President and Mrs.,"we have a lot of people in the nearby presidential elections, according to our country.",0.08677224814891815,0.11484638601541519,0.05607238784432411,5.061867434834413
"그러나 우리는 저격을 당한 사람이 있다면, 그것이 누구인지 알 수는 없습니다만, 뭔가가 심각하게 잘못되었다는 것은 확실하게 알 수 있습니다.”","We can't see who has been hit, if anybody's been hit, but apparently something is wrong here, something is terribly wrong.”","we have not yet known if we continue to do with it, once it said, you know, that it s very difficult, and that it is",0.01580435037612915,-0.02724822610616684,0.056356072425842285,1.8564670505078416
KBOX방송의 론 젠킨스 기자가 케네디 대통령 저격 직후의 대혼란을 설명하는 내용입니다. 저는 팀 매과이어였습니다.,KBOX reporter Ron Jenkins describing the chaos shortly after Kennedy had been shot.,"the year old journalist has just heard of criticism, saying reporters around the two koreas are.",0.07419579476118088,0.028377745300531387,0.1177944615483284,2.55404966647159
shortly after ~ 직후에,Laria says no one objected to the new name.,that s happening table just on to see people,0.0101053761318326,-0.11307268589735031,0.1363370418548584,4.266331692956901
"한국과 미국의 외교부 장관들은 수요일 북한에 비핵화에 대한 인내가 끝나가고 있다는 것을 반영하며, 핵프로그램의 완전한 공개를 하겠다는 약속을 이행하라고 압박했다.","The foreign ministers of South Korea and the United States pressed North Korea Wednesday to meet its earlier pledge to disclose a full list of its nuclear programs, echoing patience is wearing thin over the delay of denuclearization.","south korea and the united states foreign ministers and u. s. and south korean diplomats said they should have a good work, and i expressed regret for the material",0.052086446434259415,0.11233194172382355,-0.009744399227201939,3.038618287465522
워싱턴 DC에서 열린 콘돌리자 라이스 미 국무부 장관이 연석한 기자회견에서 유명환 외교부 장관은 ‘시간과 인내심이 끝나가고 있다”며 “좋은 타이밍을 놓치지 않도록 북한은 가능한 한 이른 시일 안에 신고서를 제출하길 바란다”고 말했다.,"``Time and patience are running out,´´ Foreign Affairs-Trade Minister Yu Myung-hwan told a news conference with U.S.","foreign minister ban ki moon said at the time, foreign secretary of state condoleezza rice is just good morning and is doing good morning america, secretary of state",-0.17440763115882874,-0.1655888557434082,-0.18699921667575836,1.4763939041893883
라이스 장관은 “비핵화 과정을 진전시켜야 할 때라고 말했다.,"Secretary of State Condoleezza Rice in Washington, D.C.","rice said, her solution, said thursday it will do, she said.",-0.12204783409833908,-0.08455768972635269,-0.16255438327789307,3.125190763972442
“그러나 나는 (유 장관의 말처럼) 이 문제에 너무 오래 지체해 왔다는 점에 동의한다.”,``But I completely agree with (Minister Yu) that we´ve been at this for quite a long time.´´ North Korea missed a Dec.,"i mean about the issue of a misunderstanding, then i really called on the issue.",0.0336538627743721,0.11085574328899384,-0.04426400735974312,1.3426247383996714
"북한은 작년 남한, 미국, 중국, 일본 및 러시아와 체결한 핵 조약에따라 우라늄 농축 프로그램을 포함한 핵 프로그램 및 활동의 완전한 목록을 신고하기로 한 12월 31일의 시한을 지키지 않았다.","31 deadline to declare a complete list of its nuclear programs and activities, including an alleged uranium enrichment program, under a nuclear deal signed early last year with South Korea, the United States, China, Japan and Russia.","north korea and its nuclear program, a south korean military report, including russia, said the year old north of south korea and its other programs included a program",0.00444277748465538,0.022105775773525238,-0.01630987599492073,3.5473733110611496
"South Korea welcomes UNSC resolutions한국 정부, 유엔안보리 대북제재결의안 환영2006.12",The Korea Times reports the government on Sunday welcomed the U.N.,"the united nations security council resolution tuesday in u. s. officials for the u. n. security council resolution, for the first time in",-0.012172786518931389,-0.08834138512611389,0.06302165240049362,1.8884748972625875
원문 & 독해설명 인쇄 코리아타임스는 정부가 10월9일 핵실험을 강행한 북한에 대해 유엔안보리가 만장일치로 대북제재 결의안을 채택함에따라 환영의 뜻을 표시했다고 보도했다.,Security Council's resolution adopted unanimously to sanction North Korea for its nuclear test on Oct.,"the korea times reports the government scrapes korea s main opposition korea s top envoy to the united states on a stalled right resolution to the north korea, the statement from the korea",-0.03731650486588478,-0.06728164851665497,-0.010400203987956047,1.432548017297354
그러나 여당인 열린우리당은 여전히 남북 간 경제 사업의 중요성을 강조했다.,But the governing Uri Party still underlined the importance of inter-Korean economic projects.,"but the ruling party, who could still struggling to drive a business two days, he said.",0.19735397398471832,0.16723307967185974,0.2251873016357422,2.664321121388895
이러한 정부의 반응은 15개 유엔 안보리 상임이사국이 군사적 조치를 제외한 결의안을 채택했으나 대량살상무기(WMD)의 밀거래를 막기위해 북한으로 오가는 화물 검색 조치를 취하기로 결정하고 몇 시간 지나지않아 나왔다.,"The government reaction came hours after the 15-member Security Council approved the resolution that ruled out military measures, but decided to inspect cargo going to and from North Korea to prevent trafficking in weapons of mass destruction (WMD).","the government said security council resolution would have agreed up security but, but the security council resolution calling for a resolution friday.",0.04193127155303955,0.11947023868560791,-0.03628150746226311,1.870443877149493
유엔 안보리는 북한의 핵실험을 “국제사회의 평화와 안전에 대한 명백한 위협”이라고 낙인 찍으며 유엔회원국이 반드시 제재조치를 이행해야 하는 구속력을 가진 유엔헌장 7장을 원용한 결의안을 채택했다.,"Branding the North's nuclear test a ”clear threat to international peace and security, ” the Security Council passed the resolution under the U.N. Charter's Chapter 7 that authorizes all U.N. member states to implement sanctioning measures.","un security council reports the nation is expected to sign a strong security of nuclear weapons, and security experts told the nation, the nation said",0.00048135974793694913,0.05602004751563072,-0.057010818272829056,2.153879318482656
"North Korea threatening war against US 북한, 대북 압력 강화 시 전쟁 불사     2006.12",But the governing Uri Party still underlined the importance of inter-Korean economic projects.,north korea escalated missiles in the south and north korea s nuclear missile tests.,0.05563431233167648,0.004614655859768391,0.1045771911740303,3.125190763972442
"지난 달 76세를 일기로 사망한 미국 소울 음악의 전설 아이크 터너의 사인은 코카인 남용이었다고, 캘리포니아 검시관들을 통해 확인할 수 있었다.","US soul legend Ike Turner, who died last month at the age of 76, was killed by a cocaine overdose, California coroners have established.","he added a year old man whose two daughters and her husband, were found in the death of a year old man who had become a flu cancer in the country.",0.009249311871826649,-0.024056700989603996,0.03973881155252457,1.7577459356554814
"“우리는 그가 코카인을 남용했으며, 그것이 코카인에 중독된 원인이었다고 생각한다”고 샌디에고 주 검시관 사무실의 관계자가 밝혔다.","“We are listing that he abused cocaine and that´s what resulted in the cocaine toxicity,” said an official at the San Diego County medical examiner´s office.","he said he was honored, saying it was the white house.",0.1205105185508728,0.235752135515213,0.0075658103451132774,1.349124102917986
터너의 딸 미아 터너는 이번 보도에 충격을 받았다고 말했다.,Turner´s daughter Mia said she was shocked by the report.,"a media report said, the report said, this report said.",0.11776821315288544,0.09895952045917511,0.1338234841823578,7.347053125977879
티나 터너의 전 남편이었던 아이크 터너는 지난 12월 12일 샌디에고 근방의 자택에서 사망했다.,The former husband of Tina Turner died at his home near San Diego on December 12th.,"zhuang, who heard between childs and houses died from august at home.",-0.001029114006087184,-0.05234530195593834,0.04804496467113495,3.241496606455093
"1960년대 명성을 얻은 이 음악가는, 티나 터너와 음악 작업을 함께 했던 것이 가장 유명했다.","Rising to fame in the 1960s, the musician is best remembered for his musical partnership with Tina.","its two groups in two decades will be able to get everything of their most famous power party, or,, told the associated press.",0.047230467200279236,-0.034996744245290756,0.12904997169971466,2.075273865705644
"그들의 문제가 있는 결혼 생활과, 그 기간 동안 그녀를 괴롭혔던 일이, 대중 음악에 있어 그의 상당한 업적을 무색하게 만들었다.","Their stormy marriage, in which he constantly abused her, overshadowed his considerable achievements in popular music.","the problem, on the same day that he had just medical music to her, she said tuesday, alongside her deaths just outside their music medical center",0.06535756587982178,-0.01841086708009243,0.1488744467496872,3.235912122544166
"Independent prosecutor’s team raided Samsung’s key offices 특별검사팀, 이 회장 자택과 삼성 본관 압수 수색     200806.04","“We are listing that he abused cocaine and that´s what resulted in the cocaine toxicity,” said an official at the San Diego County medical examiner´s office.","the group, special prosecutors and services, were among the tops of the special servicemen and their families, including the services.",-0.01172674261033535,0.009668313898146152,-0.03619767352938652,1.910179707986624
시리아에서 열린 마무드 아바스 팔레스타인 자치 정부 수반과 시리아에 망명 중인 하마스 최고지도자 칼리드 마샤알의 통합 정부 구성 관련 회담이 실패로 돌아갔다.,Palestinian leader Mahmoud Abbas and Hamas' exiled political chief have failed to agree on forming a national unity government during talks in Syria.,"palestinian refugees and palestinian authority agreed to form ads in washington, said the official dabbas.",0.07708854973316193,0.010826488956809044,0.14205889403820038,2.1426232590050693
그러나 이들의 회담은 2주 내에 다시 대화를 갖기로 합의한 점에서 어느 정도 진전을 보였다고 밝혔다.,However they said progress had been made and that talks on the issue would resume within two weeks.,"but the th round of the major milestone in the week, sources familiar within the week of the debate, said the talks.",0.17181187868118286,0.062409814447164536,0.28328439593315125,2.252278368576829
아바스와 마샤알은 주요한 쟁점에 대해서는 여전히 입장 차이를 좁히지 못했지만 최근 가자 지구에서 양측 간 무력 분쟁으로 인해 수 십 명이 사망한 것은 용납할 수 없는 일이라는 데 의견을 같이 했다.,"Abbas and Khaled Meshaal said although differences remained they would be resolved through dialogue. The talks came amid a power struggle between their factions in Gaza, in which dozens of people have died.",two of the two recent days still still cannot recently laid off the recent revelation but the majority recently had recently been positive about the positive but,-0.09541871398687363,-0.10269616544246674,-0.09169419854879379,0.9944159660057356
최근 아바스 수반이 통합 정부 협상의 난항을 이유로 조기 총선의 실시를 선언했었다.,Abbas has threatened to call fresh elections unless a deal on forming a national unity government is reached.,abbas has yet to take over as the government s pushing a government ordered power.,0.1651812642812729,0.12973567843437195,0.1983686238527298,3.031772677869617
"(역자 주: 이후 집권 하마스와 아바스 수반의 파타당 사이에 격렬한 무장 충돌이 발생, 최소 62명이 사망) 3시간에 걸친 회담이 끝나고 아바스 수반과 마샤알은 통합 정부 구성을 위한 노력들이 거국적 대화를 통해 결실을 맺을 것이며, 2주일 내에 협상을 재개하기로 합의했다고 확인했다.","Following three hours of talks, Abbas and Meshaal said efforts to form a national unity government had “covered a great distance” and negotiations would resume within two weeks.","violence between fatah and hamas have been deployed to blast a new government, and the killings were killed and at least seven people.",0.03205333277583122,0.034621063619852066,0.026342561468482018,2.005834876379625
아바스는 두 세력 간의 회담이 ‘성과가 있었으며’ 30명 이상을 사망케 한 두 세력 간의 무력 충돌을 중단할 것이라는 입장을 거듭 확인했다.,The two men repeated their call for an end to the internal fighting which has left more than 30 Palestinians dead.,"since the talks, abbas said the talks would kill a more troops in gaza killed people.",0.08795569092035294,0.06190713867545128,0.11127602308988571,2.263300754846532
일본 기상청(JMA)에따르면 소규모 쓰나미가 일본 북부를 강타했다.,"Small tsunami waves have hit northern Japan, according to the country's meteorological agency (JMA).",the japanese national bureau of japan or northern territory has seen a northern.,0.06961175799369812,0.049928490072488785,0.08639823645353317,2.8085997490043626
JMA는 40㎝ 해일이 후카이도의 네무로 항구로 밀려왔다고 밝혔다.,It said a 40cm wave hit Nemuro port in Hokkaido island.,the country said the site is made in their attempt to co operational operation for their pre war.,-0.022211061790585518,-0.018685022369027138,-0.029053503647446632,2.664321121388895
이 외 에 20㎝의 또 다른 해일도 기록되었다.,Another one of 20cm was recorded.,"also led another two days, especially.",0.2033662050962448,0.21559587121009827,0.18861573934555054,5.522397783539471
일본 기상청은 일본 북부 쿠릴 열도에서 진도 8.1의 지진이 발생한 이후 최소 2m 높이의 쓰나미를 예상했었다.,"The JMA initially expected a tsunami of at least two meters high after an 8.1 magnitude earthquake shook the Kuril Islands, north of Japan.",two of japanese east central japanese was damaged by a magnitude. earthquake at least. percent at least. in a flatteny. percent at,0.009317472577095032,0.004546735901385546,0.010867827571928501,4.085892079136997
그러나 이 지역과 러시아 태평양 해안에 대한 쓰나미 경고는 이후 취소되었다.,Tsunami warnings for the area and for Russia's Pacific coast were later called off.,but the coastal shore was the philippineest coast in the pacific coast.,0.1692906618118286,0.21435244381427765,0.12235821038484573,3.485711695706544
우주왕복선 인데버호가 오늘 오후 국제우주정거장(ISS)과 도킹합니다.,The space shuttle Endeavor docks this afternoon with the International Space Station.,shuttle endeavour will be docked with the shuttle into the international space station.,0.4019029140472412,0.38435643911361694,0.41760486364364624,7.141816289329644
"우주왕복선의 화물칸에는 우주 정거장을 위한 또 다른 부엌과 욕실, 그리고 수면용 막사를 위한 재료와 장비들이 있습니다.","In the shuttle's cargo bay, materials and equipment for another kitchen, bath and two sleeping quarters for the Space station.","the shuttle s back to the earth is designed to earth and then there are plenty of their bills and they should get a different, said a shuttle discovery",-0.025868408381938934,-0.05641624704003334,0.0016816055867820978,1.8564670505078416
"“이 미션을 통해 우주 정거장에 있는 침실 3개와 욕실 1개짜리 집을, 6명이 머물 수 있는 침실 5개와 욕실 2개를 가진 집으로 변경할 것입니다.”","“This mission is going to turn the station from a 3-bedroom, 1-bathroom home into a 5-bedroom, 2-bathroom home for six.”","they should be taking home from their homes and three grandchildren, a large shot under construction in a room, and four games in seven rooms,",0.0351085364818573,-0.01723642088472843,0.08536677807569504,1.811723686014297
버락 오바마 대통령 당선자가 백악관을 인계 받을 준비를 하면서 일리노이 주민들에게 한 장의 편지를 보냈습니다.,"President Elect Barack Obama sent a letter to the people of Illinois, as he readies to take over the White House.","meanwhile, barack obama has told the associated press that the white house would be loyal to the bars.",0.17490841448307037,0.15378177165985107,0.19350138306617737,4.14428464062764
오바마는 그의 말대로 자신이 가장 사랑하는 고향 사람들에게 애정 어린 고마움을 전하는 편지는 썼습니다.,"He wrote that he offers, in his words, the people of my beloved home a very affectionate thanks.","obama s his mother, obama said, i don t think their kinds don t do.",-0.03293800354003906,-0.10428096354007721,0.03707526624202728,2.571013894117821
이 민주당 지도자는 시카고 남부에서 공동체 조직가로 활동하던 시절과 주 상원의원으로 근무하던 시절을 회상했습니다.,"The Democratic leader recalls his time community organizing on Chicago's South Side, and his service in the State's Senate.",the leader of the democrats and fellow sen. barack obama took a series of attempts to fight their homes in south carolina.,0.16137593984603882,0.1354253888130188,0.18483442068099976,2.352622489487909
경찰청은 한 남성이 제 6회 어반 뮤직 어워드(Urban Music Awards)에서 말다툼을 벌이던 중 부상을 입었다고 말했다.,"Police say the man was injured during a brawl, at the 6th Annual Urban Music Awards.","the men were wounded in a field with the help of a two night with a half state of the taliban, said larryak, a police officer.",0.15984110534191132,0.05917584151029587,0.2617914080619812,1.92408485982654
cargo bay 짐을 싣고 내리는 장소,"In the shuttle's cargo bay, materials and equipment for another kitchen, bath and two sleeping quarters for the Space station.",saying there is no doubt that people should not be misuse of what might be ended.,-0.054052144289016724,-0.04791353642940521,-0.06359539926052094,1.6068581927959764
미국은 다수의 폭탄 테러와 1980년대 레바논에서 있었던 수많은 인질 납치 사건에 연루된 헤즈볼라의 사령관이 살해당했다는 소식을 환영하고 있다고 발표했다.,The US has said it welcomes the killing of a top Hezbollah commander implicated in numerous bomb attacks and a wave of hostage-taking in Lebanon in the 1980s.,"using the young man was in the offensive around a man in the united nations, which was a commander of mansoured in the civil war and ins of a kidnapp",0.02920861355960369,0.027061445638537407,0.028196075931191444,4.368410366177579
"미국 국무부 대변인은, 세상은 이마드 무그니예가 없으니 더 좋은 곳이 될 것이라고 주장하며, 그를 “연쇄살인자이자 테러범”이라고 불렀다.","A US state department spokesman said the world would be a “better place” without Imad Mughniyeh, whom he called a ”mass murderer and a terrorist”.","a state department spokesman said the state runoff would continue to be a very ill, but i m sure that the two would be unconstmental willing,",-0.021440109238028526,-0.015996530652046204,-0.030186837539076805,16.451929399933107
"하지만, 션 맥코맥 대변인은 다마스커스에서 있었던 그의 사인이 된 간밤의 차량 테러를 누가 행한 일인지는 알지 못한다고 주장했다.",But Sean McCormack said he did not know who was responsible for the car bombing overnight in Damascus that killed him.,"a spokesman for the hamas, suggested him a car bomb exploded by the car, a car bomb exploded near his car, said bobby hamas,",0.14302848279476166,0.09771431982517242,0.18632254004478455,3.993638176188664
"헤즈볼라와 이란 측은 이스라엘을 비난했지만, 이스라엘은 모든 관련설을 부인했다.","Hezbollah and Iran have blamed Israel, but it has denied any involvement.",iran has also denied any operations but we believe that they should take all but says it is possible that israel has flat denied.,0.23163257539272308,0.14213068783283234,0.32174769043922424,3.964513253420688
"시리아 정부도 또한 “겁쟁이 같은 테러 행위”라고 이번 사건을 비난했으며, 범인을 찾기 위한 수사가 진행중이라고 밝혔다.",The Syrian government also condemned the ”cowardly terrorist act” and said investigations were still underway to find the perpetrators.,the government said the ministry was another to the law.,0.15778958797454834,0.2875148057937622,0.031755249947309494,2.588091788755261
무그니예 사령관은 40대 후반에 헤즈볼라의 비밀 군사 조직인 ‘이슬라믹 레지스탕스’의 특수 작전 참모 또는 정보 참모라고 널리 알려져 있었다.,"Mughniyeh, in his late 40s, had been variously described as special operations or intelligence chief of Hezbollah´s secretive military wing, the Islamic Resistance.","in the nfl, the commander of the latest explanation is once again, said hezbollah leader gen. gen.",-0.0022704782895743847,0.10219172388315201,-0.10560794919729233,3.592215058169824
"특파원들은, 그의 사망이 헤즈볼라에 있어 큰 충격이 될 것이라고 알려왔는데, 헤즈볼라는 2006년 레바논 전쟁에서 이스라엘과의 전쟁을 치를 때, 이란과 시리아의 후원자들의 도움을 받았다. numerous 매우 많은 variously 다양하게 significant 중요한","Correspondents say his death will be a significant blow to Hezbollah, which battled Israel in the 2006 Lebanon war, with help from its Iranian and Syrian backers.","the most common of deaths in the lebanese were murdered, and in israeli war in lebanon, saying.",0.01088727731257677,-0.04210002347826958,0.06174081936478615,3.176716922457413
"3위 통신사인 엘지텔레콤은 SKT를 따라11월 1일부터 자사 가입자간 통화에 대한 통화 요금을 인하할 예정이며, KTF에 세 방향의 요금 인하 경쟁 압력을 가할 예정이다.","1, following suit of SK Telecom and adding pressure on KTF in the three-way rate-cutting competition.",the two koreas will be on a two thirds of a major national unity.,0.03677193075418472,0.012412698939442635,0.05820498988032341,3.042812100617061
크리스 브라운은 월요일 자신의 여자 친구이자 동료 음악 스타인 리한나를 위협하고 폭행했다는 것에 대해 유죄를 인정하지 않았습니다.,"Chris Brown pleaded not guilty Monday to threatening and assaulting his girlfriend, fellow music star Rihanna.","chrisenae was admitted to his office on thursday, she said.",-0.002301909727975726,0.021328942850232124,-0.02893606759607792,2.904816168397081
리한나의 변호인은 크리스 브라운이 이번 사건의 재판을 받기 전에 유죄 협상이 이뤄지기를 바라고 있다고 밝혔습니다.,A lawyer for Rihanna said the singer was hoping a plea deal could be reached before the case goes to trial.,lillen said the incidents took a pre emptive before a trial.,0.1231754794716835,-0.0005200110608711839,0.2502182424068451,4.606877204349785
19세의 브라운은 3월 로스엔젤레스 카운티 검찰측에 의해 가중 폭행과 형사상 협박을 한 혐의로 기소됐습니다.,19-year-old Brown was charged in March by Los Angeles County prosecutors with felony assault and making criminal threats.,"brown, who is, of gwl, have died in a physical and accused of involvement in a statement.",-0.024987975135445595,-0.05713258683681488,0.004200476687401533,2.3901021968803136
이 소식은 이 여배우와 함께 일했던 한 프로듀서로부터 나왔습니다.,That's according to a producer who worked with the actress.,news from the news story,0.029033798724412918,-0.0838494822382927,0.14397288858890533,3.217409328795944
월요일 그녀의 의사는 또 포셋이 독일에서 치료를 받고 나서 회복되고 있고 “죽음의 문턱”에 있는 것이 아니라고 밝혔습니다.,"Her doctor also said on Monday that Fawcett is recovering after a medical procedure in Germany, and is ""not on death's door.""",she says a doctor will be referred to as she and her recovery for herself closed.,0.14052101969718933,0.15628878772258759,0.12207239866256714,1.904813000834628
그녀는 며칠 후에 퇴원할 것으로 예상된다고 합니다.,They said she's expected to leave the hospital in a few days.,she told reporters later this week later.,0.25181859731674194,0.22118404507637024,0.2803530991077423,2.9559265264674432
컨트리 음악 스타 토비 키스가 에단 호크에게 화가 나 있습니다.,Country star Toby Keith is angry with Ethan Hawke.,"cnn s richard music is not a good, he s been in the past two days.",0.029562482610344887,-0.0200713649392128,0.07698209583759308,2.55404966647159
그는 영화배우 호크가 지난 2003년 크리스 크리스토퍼슨과 말다툼을 했던 한 가수에 대한 기사에서 자신을 언급했다고 주장합니다.,He claims the actor alluded to him in an article about a singer who had an argument with Kris Kristofferson back in 2003.,"he was asked about the latest film festival, as she saw himself in the s ford, citing the movie.",0.0906308963894844,0.13332198560237885,0.04574752599000931,2.230397629051366
호크가 키스를 지목하지는 않았지만 그는 아직도 그 기사에 대해 잘못 알고 있으며 보도된 말다툼은 절대 없었다고 말합니다.,"Although Hawke never named Keith, he's still cross about the story and says the reported row never happened.","it is, told the site that the site had been entering a. m. and for it, she said.",0.07804455608129501,0.08273729681968689,0.0703660324215889,2.4623373672221804
AP 쇼비즈 미닛 힐러리 폭스였습니다.,This is Hilary Fox with AP ShowBiz Minute.,the new york senator hillary clinton.,-0.2027156800031662,-0.21561744809150696,-0.19367894530296326,4.935157841536379
감형을 받는 대신 유죄를 인정하는 합의 제도,A lawyer for Rihanna said the singer was hoping a plea deal could be reached before the case goes to trial.,t agreed to plead guilty in,0.1139448806643486,0.07174348086118698,0.1539284586906433,0.5639761817130674
Unemployed Compete in Their Own 자신들만의 “올림픽”에 참가하는 실직자들     2009.05,That's according to a producer who worked with the actress.,"they are to set their only one to the olympics on their own, thanks to the city s bid to the olympics.",0.1093103364109993,-0.0514945350587368,0.2779516577720642,2.0705706652424007
More Challenges Ahead 항공 서비스 질 개선 이후 여러 과제 산적     2009.05,"Her doctor also said on Monday that Fawcett is recovering after a medical procedure in Germany, and is ""not on death's door.""","it was the first time the blasts are based on their homes after the blast occurred, but after seeing their vessels from the holiday season.",0.07211955636739731,0.12531594932079315,0.01707816682755947,1.9626728448746968
영한사전 약어표 / 한영사전 약어표,"Although Hawke never named Keith, he's still cross about the story and says the reported row never happened.","the militants kidnapped by their sexual assault in execution, and for the first time since they were talking.",0.008890146389603615,-0.02922992780804634,0.04432838410139084,2.8629993657668877
"조지 테넷과 포터 고스 전 CIA 국장이CIA가 테러 용의자에 대한 심문 비디오를 폐기한 사건에 대한 수사에서 증언하도록 소환될 것이라고, 고위 국회의원들이 수요일 밝혔다.","Former CIA directors George Tenet and Porter Goss will be asked to testify in a probe of the spy agency´s destruction of interrogation videotapes of suspected terrorists, top lawmakers said on Wednesday.","former director of the former company s former prime minister, told cnn on monday that they were uns amid a suspected suicide bomber from a suicide bombers.",0.010212384164333344,0.03799901157617569,-0.020447390154004097,2.9624454970792757
하원 정보 위원회 민주당 의장과 최고 공화당 의원은 테넷과 고스가 널리 고문이라고 비난 받고 있는 가혹한 수사 방법에 대한 부시 행정부의 은폐 의혹에 대한 의회 조사를 확대하는 데에 있어 중요한 인물이라고 말했다.,The Democratic chairman of the House of Representatives Intelligence Committee and the panel´s top Republican described Tenet and Goss as key figures in the expanding congressional investigation into a possible Bush administration cover-up of harsh techniques widely condemned as torture.,"a senior congressional democrat controlling committee chairman and the fact that the company said the houses are going to be an investigation, said the senator committee chairman of the",-0.0018862381111830473,0.01998009718954563,-0.026789668947458267,4.664787558060498
"상원 정보위원회에 출두하기 전날 하원 정보 위원회에서 증언한 마이클 헤이든 CIA 국장은 이번 사건에 대해 알고 있는 것이 제한적이며, CIA는 의회가 CIA의 활동에 대해 보다 더 잘 파악할 수 있도록 했다고 말했다.","CIA Director Michael Hayden, who testified before the House panel a day after appearing before its Senate counterpart, reiterated that he had limited knowledge about the matter and said the agency could have kept Congress better informed about its activities.","the former head committee, a former committee member, was app member of the committee, said the former head of the committee.",0.04385176673531532,0.03507881239056587,0.049532730132341385,2.073636034683556
한국은 역대 월드컵 사상 16강 진출에 가장 높은 가능성을 갖게 되었다.,South Korea has a better opportunity to make it to the Round-of-16 than in any previous World Cup.,south korea s top plays astounding for the world trade organizations.,0.09517043828964233,0.17000046372413635,0.019650449976325035,2.247346032110286
"12월 9일, 독일의 라이프치히에서 열린 조 추첨에서, 한국은 무난한 조로 평가되는 프랑스, 스위스, 토고와 함께 G조에 편성되었다.","In Friday's drawing ceremony held in Leipzig, Germany, Korea was drawn in the less tough Group G alongside France, Switzerland and Togo for the German World Cup.","the korea times reports south korea confined the french anti terrorism acts in, while the other paintings he moved into a multi national assembly.",-0.07482301443815231,-0.039744410663843155,-0.11284585297107697,1.7822401756265172
"지난 2002 월드컵에서 선전을 한 한국 축구팀은 내년 6월 13일 프랑크푸르트에서 월드컵 처녀 출전국인 토고와 1차전을 치르고 6월 18일 라이프치히에서 프랑스와 2차전을, 6월 22일 하노버에서 스위스와 3차전을 치르게 된다.","The South Korean squad, surprise semifinalist at the previous World Cup, will meet African debutants Togo in Frankfurt on June 13 in its opening match, before playing France in Leipzig on June 18 and Switzerland in Hanover on June 22.","the korean federation of koreans made in july and he will qualify more than, in the july world, he said.",-0.12650896608829498,-0.05546678602695465,-0.199066162109375,1.1113422034819
"G그룹은 멕시코, 포르투칼, 이란, 앙골라로 편성된 D조와 더불어 가장 무난한 조로 평가되고 있다.","The group is characterized as one of the most comfortable, along with Group D in which Mexico, Portugal, Iran and Angola will compete.","gps has given, however, as well as they say, it is extremely hard.",-0.041922442615032196,0.011389303021132946,-0.09741003066301346,1.9875974326945556
스위스는 피파 랭킹 38위로 유럽 팀 중에는 가장 약하다는 평을 받고 있다.,"The Swiss, ranked 38th by the FIFA, are regarded as the weakest among European countries.","the swiss is the second largest in the european union, where they made a big resolution.",0.22783784568309784,0.21209128201007843,0.2411515861749649,3.0372940354383413
"Supporters of Burma’s junta broke up demonstration in Rangoon˝버마 군사 정권 지지자들, 유류 가격에 항의하던 시위 무산시켜˝2007.11",˝Supporters of Burma´s military junta have broken up protests against the doubling of fuel prices.,"in a previously military coup, the military said it was a protest against the united nations military regime in protest against the prime minister, a military coup",0.08213452249765396,0.15832002460956573,0.005302328150719404,2.847964238283142
"이 지역에선 흔치 않은 일로 약 200명의 사람들이 시위를 하며 란군에서 행진을 했으나, 일부 사람들이 차속으로 묶여 들어가 끌려가게 되자, 시위대는 모두 흩어져 버렸다.","About 200 people marched in Rangoon in the rare demonstration, but dispersed after a number were bundled into cars and driven away.","the islands and people were affected by people who had become a fighting water, but some people took to get out of their cars and fighting, and some",0.09879458695650101,0.05638829991221428,0.13894081115722656,4.175872565419194
"이와 유사한 시위가 일요일에도 있었는데, 이 시위는 최근 10년 중 가장 큰 규모로 이루어졌다.","A similar protest was held on Sunday, the largest such rally in a decade.","there was a peaceful rally, and the recent moves took place in a move by the city.",0.35184749960899353,0.3485223650932312,0.3530646562576294,5.538003944406129
"군사 정권은 수요일 시위 이전에 최소 13명의 운동권 인사들을 체포했는데, 이중에는 버마에서 가장 유명한 반체제 인사들 중 일부도 포함되어 있었다.","The junta arrested at least 13 activists before Wednesday´s protest, including some of the nation´s most prominent dissidents.","chung junta has arrested a week of political protests against the country s military regime, and the official xinhua news agency reported.",0.17603746056556702,0.12411602586507797,0.2262933999300003,2.46233736722218
최근의 시위는 란군의 북부 교외에서 있었다.,The latest protest took place on the northern outskirts of Rangoon.,the protests were followed by massive red mass neighbors in northern mexico.,0.29033905267715454,0.2153167724609375,0.3651949465274811,4.065425428798724
"대부분 여성으로 구성된 시위대는, 군사 정권이 시위를 엄격하게 통제하는 것에 저항하여 행진하는 동안 주변인들의 격려를 받았다.","The demonstrators, most of them women, were cheered by onlookers as they marched in defiance of the junta´s strict controls on protests.","the most prolif protesting again would the most brutality of the target, but the protest would not consider their buddhist monks.",0.06127748638391495,0.05915992334485054,0.060340069234371185,3.796254458388794
"군사 정부의 지지자들과 사복 경찰들이 시위대의 길을 가로막았고, 10명 가량의 시위대가 차량으로 묶여 들어가 현장을 떠나게 되자 이 시위대는 해산되었다고 목격자가 주장했다.","Their path was blocked by supporters of the junta and plain-clothed officers, witnesses said, and the rally dispersed as up to 10 demonstrators were bundled into cars and driven off.","police and government officials have surrounded the police station and took a crowded protesters, police and government forces stopped taking offices and police and down.",0.03661300614476204,0.054454706609249115,0.015788132324814796,1.7392453207295933
"지난 주의 유가 인상의 결과로, 많은 사람들이 일자리까지 가기 위한 돈을 구하려 애쓰게 되었다.",Last week´s fuel price rises left many people struggling to find the money to travel to work.˝,"last month, the reports, more than, had been a good way to go to their money, as many as people had been reluctant to find a",0.015424348413944244,-0.05835549905896187,0.08816084265708923,3.511476270817333
"junta 의회, 군사정권",˝Supporters of Burma´s military junta have broken up protests against the doubling of fuel prices.,the members of congress are demanding a parliamentary election to vote on the military.,0.1752898246049881,0.2835330069065094,0.06888003647327423,3.47681086066992
AP 뉴스 미닛입니다.,"Mike Gracia, The Associated Press with AP NewsMinute.",the ap s paul schemm is in good news,-0.25892141461372375,-0.23630504310131073,-0.2853756248950958,0.0
지난주 이민자 센터에서 13명을 사살한 남성은 분명 뉴욕 북부의 한 텔레비전 방송국에 편지를 한 통 썼습니다.,The man who gunned down 13 people in an immigrant center last week apparently wrote a letter to a television station in upstate New York.,"japan, a former japanese prime minister tony blair, told a new york last week after north american progress on july.",-0.08030373603105545,-0.17787030339241028,0.017675606533885002,3.6347366172289584
이 편지에서 지벌리 웡은 경찰이 수 년 동안 자신을 괴롭혀 왔고 심지어 자는 동안에 만지기도 했다고 주장했습니다.,"In it, Jiverly Wong claimed police had been harassing him for years, even touching him in his sleep.","the exactly turned year old daughter of the year old daughter, who has been years for infant, and two years later, he says.",0.07522173225879669,0.05510596185922623,0.09246496111154556,2.172054551709621
마이애미 먼바다에서 한 남성과 그의 8세 딸을 수색하고 있는 당국은 이 두 사람의 사체를 발견했다고 믿고 있습니다.,Authorities searching for a man and his 8-year-old daughter in the waters off Miami believe they have found the bodies of both.,"authorities believe they believe the findings were found in the beach, believed to be found dead.",0.15827730298042297,0.14456449449062347,0.1693098098039627,4.735698516678164
전국적인 리콜 조치에 들어갔던 캘리포니아 피스타치오 가공 공장에서 살모넬라균의 흔적이 발견됐습니다.,Traces of salmonella have been found in the California pistachio processing plant that was behind the nationwide recall.,cnn a rare body of recent originally balls across the pacific business of the pacific business of california today.,-0.053266361355781555,-0.06959304213523865,-0.04028071463108063,2.707657626755448
이 공장은 지난주 임시 휴업에 들어갔습니다.,The plant temporarily shut down last week.,the plants open about two hours last week.,0.3746405839920044,0.3463531732559204,0.401172935962677,17.747405280050266
가수 크리스 브라운은 자신이 지난 2월 당시 여자 친구인 리하나를 위협하고 폭행했다는 혐의에 대해 무죄를 주장했습니다.,Singer Chris Brown has pleaded not guilty to charges that he threatened and beat his then-girlfriend Rihanna back in February.,"brown said he was beaten last year to de jesus or not, but he was beaten last year to take charges or not in a black.",-0.01000048778951168,-0.03807860612869263,0.015074317343533039,2.089941024608428
유죄가 입증되면 브라운은 집행유예나 거의 5년 동안 수감되는 판결에 처해질 수 있습니다.,"If convicted, Brown could be sentenced to probation or nearly five years in prison.",brown filed a maximum sentence of years in prison for nearly years in prison.,0.3313397467136383,0.33372291922569275,0.32678505778312683,16.273889955107997
"어제, 한국 원화 가치가 급격히 절하되어, 일시적으로는 달러당 935원까지 내려갔다가, 해외 투자자들이 한국 주식의 판매 수익을 환전하기 위해 달러화를 매수한 덕분에 933.4원으로 장을 마감했다.",The South Korean won yesterday declined sharply to briefly touch 935 to the dollar before closing at 933.4 as foreign investors bought dollars to transfer profits made from the sale of Korean stocks.,"highly high quality, investors snapped stocks in korea, south korea s top business yesterday added to stock prices by the korea stock price means",-0.030016295611858368,0.036587905138731,-0.0981157124042511,1.5880176593692206
"어제의 4.5원 폭락은 환율 하락이 연속적으로 계속된 지 6일째였으며, 그로 인해 원화 가치는 이번 주에 1.7퍼센트나 하락했다.",The 4.5 won drop yesterday was the sixth straight trading day of declines and took the currency’s losses to 1.7 percent for the week.,"the two asian powers fell percent, and percent of respondents were forced to accelerate two more time.",-0.051482539623975754,-0.038164567202329636,-0.06812943518161774,2.310459928429049
존 그레이켄 론스타 회장은 한국 국민과 한국 정부에게 론스타의 한국내에서의 행위들에 대한 항의에 대해 사과하고 외환 은행 매각 후 1천억원을 사회에 기부할 것을 약속했다.,"John Grayken, chairman of Lone Star Funds, apologized yesterday to Koreans and the Korean government for the furor over its activities here and pledged to donate to charity 100 billion won ($105 million) after its sale of Korea Exchange Bank.","john paul chairman, chairman of the john, chairman of the korea times reports south korea and the korea times reports south korea is asking for a tough to",-0.15567061305046082,-0.21201841533184052,-0.10181955993175507,4.054047464280647
"Korea’s losing its charm as a tourist destination˝한국, 관광지로서의 매력을 잃어˝2007.10 원문 & 독해설명 인쇄",˝The Korea Times reports that Korea seems to be losing its charm as a tourist destination as the strong currency hits the inbound travel market hard.,"the korea times reports south korea will not join their market, south korea s top energy company said yesterday its president of the united kingdom, as well",0.09105610102415085,0.050244033336639404,0.12953102588653564,2.01381482546679
"지난 5년간, 원화 가치는 40퍼센트 이상 상승했는데, 이는 세계 에서 가장 높은 수치이다.","For the past five years, the won has gained by more than 40 percent _ one of the highest in the world.","more than percent of the, percent more than percent of the global prosperity.",-0.08031538873910904,-0.09830791503190994,-0.06573118269443512,4.851151486352869
"원화 강세에 힘입어, 기록적 수치인 1,400만명의 한국인들이 올해 해외로 여행을 떠날 예정이지만, 2007년의 목표 수치인 700만명 관광객 유치는 실현되지 않을 수도 있다.","Riding high on the strong won, a record high 14 million Koreans are expected to go overseas this year but the 2007 target of attracting 7 million inbound travelers may not be realized.","the number of koreans will be forced to spend great lines in the first years of success and earnings in the first set by the great wall of the korean currency, but",0.03118278831243515,0.03667457401752472,0.022558417171239853,1.7193802037063914
"해외로 떠나는 관광객의 숫자로 보면, 한국은 독일, 영국, 미국, 중국, 프랑스, 일본, 스페인에 이어 세계 에서 여덟 번째로 많은 관광객을 내보내고 있다.","Korea ranks eighth in the world in the number of outbound travelers after Germany, the United Kingdom, the United States, China, France, Japan and Spain.","the korea times reports south koreans will be able to earn the united states, according to south korea, germany, france, germany, along with",0.04721810668706894,0.015580875799059868,0.07611936330795288,1.9513679910778088
"작년에 한국의 해외 관광객은, 한국을 방문하는 외국인들보다 84억 달러나 많은 외화를 지출했다.",Korean outbound travelers have spent $8.4 billion more than foreign inbound tourists last year.,"last year, south korean tourists stranded a foreign u. s. tourist foreign visitors in korea last year by the u. s.",0.13696928322315216,0.19245609641075134,0.07992755621671677,3.632928877985223
"한국관광공사(KTO)에따르면, 이 격차는 올해 더 벌어질 것으로 예상된다.","The gap is expected to widen this year, according to the Korea Tourism Organization (KTO).",the korea times reports the kma has failed to show the high rise of much as high levels of this year.,0.14681613445281982,0.04989028349518776,0.24468989670276642,4.343737891358309
"최근의 원화 강세는 많은 외국인 관광객들이 한국을 방문하는 것을 꺼리게 만들었고, 내국인들이 외국으로 떠나는 것, 특히 일본으로 가는 것을 부추기고 있다.","The recent strong won has kept many foreign tourists away from Korea and is encouraging locals to go overseas, especially to Japan.","the high costs are expected to visit tourists, but here are expecting to foreigners as foreign tourists were planning to cut foreigners as it concentrated as a tourist",0.04008529707789421,-0.028728311881422997,0.10763761401176453,3.235912122544166
한국의 물가는 세계 에서 가장 비싼 축에 속한다.,Seoul´s prices for accommodations are one of the highest in the world.,"the south koreans, the korea times reports the nation s most important office.",0.07466868311166763,0.03608381375670433,0.1107960194349289,3.4585921141027365
"비즈니스 트래블 뉴스 지의 2007 여행 지수에따르면, 미국 사업가가 호텔비, 식대와 택시비 등의 기타 비용을 포함하여 서울에서 하루 동안 숙박하기 위해서는 396달러를 지불해야 한다.","According to the 2007 Corporate Travel Index by Business Travel News, an American businessman needs to pay $396 to stay in Seoul for one day including hotel fees, food and other expenses such as taxi fares.˝","the korea times reports the company had hotel promised to make room hotel rooms, hotels in the united states hotels, hotels, hotels, hotel",-0.08252229541540146,-0.0471993163228035,-0.12080606818199158,1.2932455631574435
Deadly storm is nearing Tokyo 끔찍한 태풍이 도쿄에 접근 중     2007.10,"The gap is expected to widen this year, according to the Korea Tourism Organization (KTO).",the storm damaged alone in the southeastern city of.,0.05925033614039421,0.10219348967075348,0.014028000645339489,2.028802809405136
"Korean Air is accused of providing songs in an unauthorized manner대한항공, 무단으로 음원 사용한 혐의로 피소당해2006.06 원문 & 독해설명 인쇄","A Korean music industry group said yesterday it filed a criminal lawsuit against Korean Air, the nation's largest airline, for offering songs to its customers in an unauthorized manner.",the transportation department identified the two of a two year old man whose reader and a us military operation is conducting a false statement.,0.03282993659377098,0.018620993942022324,0.043954141438007355,1.498157329860549
한국음원제작자협회는 대한항공이 여객기와 공항 라운지에서 불법으로 MP3음악 파일을 사용했다고 주장하며 검찰에 고소했다.,"In the lawsuit, the Korean Association of Phonogram Producers asked prosecutors in Seoul to punish Korean Air for allegedly using the unauthorized MP3 music files illegally in its passenger planes and airport lounges.",the board of trust boards aboard the flight from the board said board pdyesterday they had illegally entered the prosecution for the release of the korean prosecution.,0.015052822418510914,0.029426611959934235,-0.002422658260911703,1.691597785745262
또한 대한항공은 2004년부터 음원 사용을 중단하라는 음제협의 요구를 묵살했다는 혐의도 함께 받고 있다.,Korean Air was also accused of having ignored the industry group's requests since 2004 to stop providing the music files.,the document and also admitted that the site was let the proof of the degree and conducting drugs and the prosecution has taken into custody and that they had no p,0.02621450647711754,-0.03445373848080635,0.08514959365129471,1.7934437633383675
"유제인 음제협 법률담당팀장은 """"이번 고소는 대형 운송회사들의 불법 음악 사용에 대해 경종을 울리기 위해 이루어졌다.","""""Our suit is designed to raise an alarm over illegal music usage by major transportation companies,"""" said Yoo Jae-jin, an official with the group's legal department team.","they also took places on their own company, the lawyer, which starts about their own use of business, they were told a panel",0.05980338901281357,0.09253331273794174,0.024480201303958893,1.397632980246024
Analysts warn of a red light for Korean economy 한국 경제 적신호 경고     2006.06,"In the lawsuit, the Korean Association of Phonogram Producers asked prosecutors in Seoul to punish Korean Air for allegedly using the unauthorized MP3 music files illegally in its passenger planes and airport lounges.",the south korean government has reportedly rejected a big stalled good korean economic solution for korea s performance.,-0.015554665587842464,0.01221955195069313,-0.04628271237015724,1.1477965068200993
"아프간의 수도 카불에 위치한 고급 호텔을 탈레반 병사들이 공격하여, 최소 6명이 사망했다.","At least six people have died in an attack by Taliban fighters on a luxury hotel in the Afghan capital, Kabul.",taliban leader taliban leader allowed the taliban to take off the hotel in a weekly hotel in the capital city of kabul.,0.1904570758342743,0.13519614934921265,0.24423818290233612,7.575731225158963
"커다란 폭발이 세레나 호텔을 뒤흔든 후, 곧 이어 총격이 계속되었는데, 탈레반 측은 폭탄 테러범이 폭발물이 들어있는 상의를 폭발시켰기 때문에 이번 폭발이 발생했다고 주장했다.","A big blast, which the Taliban say was caused by a bomber detonating his explosive jacket, shook the Serena hotel and was followed by shooting.","taliban leader said the three men who apparently killed, a taliban shot dead inside the taliban.",0.062238793820142746,0.04940635710954666,0.07206957042217255,1.8426363247937607
"사망자 중에는 노르웨이인 기자와 미국 시민, 그리고 경호원들도 포함되어 있다.",The dead include a Norwegian journalist and a US citizen as well as a number of security guards.,"the dead including the reporter, including the united states, and hong kong, the united states and other security at the, middle east, toys",-0.12190091609954834,-0.2854326367378235,0.04961444064974785,1.7574239156849023
지하실로 대피한 사람 중에는 노르웨이 외무부 장관인 조나스 가 스토어도 포함되어 있었다.,Norwegian Foreign Minister Jonas Gah Store was among guests who took refuge in a cellar.,"others include some events, including tom cruise said, including a statement from the ministry s foreign ministry.",-0.08428669720888138,-0.038986679166555405,-0.13221579790115356,2.276859592073037
39세의 칼스텐 토마센이라는 노르웨이인 기자는 오슬로 지역 신문인 다그블라뎃에서 근무하고 있었다.,"The Norwegian reporter, Carsten Thomassen, who 39, worked for the Oslo newspaper, Dagbladet.","the year old, whose two years old, was placed on a remote region in the city of paochi, was flown at the site,.",-0.09247687458992004,-0.09508030861616135,-0.09342850744724274,2.089941024608428
"워싱턴의 미 국무부 관게자는, 미국인이 사망했음을 확인했으며, 가족이 통보를 받을 때까지 희생자의 신원을 공개하지 않겠다고 덧붙였다.","US state department officials in Washington confirmed an American had been killed, adding that they were withholding the victim´s identity until family had been informed.","harry, american, died while americans died in the washington state, said the death confirmed the deaths.",-0.003290056949481368,0.036452773958444595,-0.045611340552568436,2.1116089528221726
"Kim hits Prosecutors 김경준 씨, 검찰 측을 비난     200806.04","A big blast, which the Taliban say was caused by a bomber detonating his explosive jacket, shook the Serena hotel and was followed by shooting.",the prosecution has been criticizing the prosecution for the international committee of the united states.,0.05402989685535431,0.08395277708768845,0.021422961726784706,1.5203507802452136
아부 사예프 단체의 고위 지도자라고 말해지는 모빈 압둘라작은 2000년 말레이시아의 한 휴양지에서 21명을 납치하여 수배중이었다.,"Mobin Abdurajak, said to be a senior leader in the Abu Sayyaf group, was wanted for the abduction in 2000 of 21 people from a Malaysian resort.","a senior leader of the justice ministry said the government had received one from five members from the government s top government, told the associated press by the muslim government told me",-0.07207753509283066,-0.05062396079301834,-0.09679950028657913,5.502042119161773
필리핀 관리는 해병들이 타위타위 섬의 그의 은신처를 습격했을 때 총격전 중에 그가 사망했다고 말했다.,Regional officials said he died in a shootout when marines swooped on his hideout in the island of Tawi-Tawi.,"a marine man accused of being removed from a nearby islands, he said.",0.16706185042858124,0.26383379101753235,0.07122346013784409,2.8157669494185638
"미국은 그의 체포에 20,000달러(9,900파운드)의 현상금을 걸었었다.","The United States had offered $20,000 (?","the united states is arresting a public dollar for a series of dollars for allegedly arrested, and, had been arrested.",-0.013901514001190662,-0.02510521374642849,-0.0059616705402731895,1.6466642419110007
"모빈 압둘라작은 아부사예프의 대장인 카다피 잔잘라니의 처남으로, 카다피는 지난해 필리핀 군과의 충돌에서 사망했다.","Mobin Abdurajak was a brother-in-law of Abu Sayyaf chief Khadaffy Janjalani, who was killed in a clash with Philippine troops last year.",the year old man has received a range of positions in the fighting and many died fighting in clashes last month.,0.03891774266958237,0.2267322540283203,-0.13860300183296204,2.468340729813612
한국 정부는 북한이 강행한 핵실험으로 방사능에 오염됐을지도 모르는 북한 선박의 한국측 영해 운항을 금지하는 방안을 검토하고 있다고 해양수산부가 밝혔다.,South Korea is preparing a contingency plan to ban North Korean ships from plying the South’s territorial waters if they are contaminated by radiation from a nuclear test it conducted on Monday the Ministry of Maritime Affairs and Fisheries said yesterday.,"the korea times reports south korea would not allow their south koreans to use the south koreans, hyun said in a statement that south korea would take a break from south korea",-0.02209487184882164,-0.03690946474671364,-0.010536741465330124,1.390749300603247
해양수산부는 이 방안에 대해 통일부와 논의 중이라고 덧붙였다.,It added that it was consulting with the Ministry of Unification on the plan.,the two countries were discussed at a s been controlled and discussed the security.,0.11887042969465256,0.011474557220935822,0.22802734375,3.4585921141027365
"이는 유엔의 대북제재결의안이나 북한이 항로를 통해 핵, 미사일 관련 물자를 수송하는 것을 금지하는 미국 주도의 확산방지구상(PSI) 가동을 앞두고 행해지는 예비 단계로 추측된다.",It is speculated that this preparatory step is being taken ahead of planned U.N. sanctions or a U.S.-led Proliferation Security Initiative (PSI) operation aimed at interdicting Pyongyang’s suspected transport of banned materials through sea lanes.,"the u. s. sanctions would have affected the united states, as the steps includes a program to conclude the north nuclear missile program, and nuclear weapons",0.03381561115384102,0.08053556084632874,-0.015123838558793068,1.790956337407401
2005년 8월 남북이 해운합의서를 체결한 이후 77척의 북한 선박이 한국측 영해를 124차례 통과해 왔다.,"Since August 2005 when the two Koreas signed marine agreements, 77 North Korean ships have passed through the South’s territorial waters for 124 times.",since the north korean nuclear test has been a follow since the north korean nuclear test since north korea has been a follow since the north korean nuclear test has been completely since,-0.09056662023067474,-0.14549307525157928,-0.03800202161073685,1.3355980882200826
"해양경찰청에따르면 이들 선박들 대부분은 북한 동쪽 연안에서 유류나 시멘트를 싣고 제주도 인근을 돌아 북한의 서쪽 연안으로 이동해 왔으며, 한 해양 관계자는 “북한 선박들은 전과 다름없이 우리측 영해를 통과하고있다.” 고 말했다.","Most of the North’s ships loaded with oil or cement are moving from the Northeast coast to the Northwest coast via waters surrounding Cheju Island, according to the Korea Coast Guard. North Korean ships are still passing through our waters, ” a coast guard official said.","the most recent shelling began in, a ship reportedly has a e whale, according to the associated press.",0.08108527958393097,0.17941124737262726,-0.01640007644891739,3.3982197640163934
"통일부가 북한선박의 운항을 금지하는 방안을 승인할 경우, 북한 선박들은 현재 운항하고있는 한국측 영해로의 접근이 금지될 것이다.","Should the Ministry of Unification approve the plan, North Korean ships will be denied access to the routes they currently use.","a ship under north korean ships are ships in the north korean port of, south koreans ships, and south korean ships are under south koreans, the north korean",-0.04967682063579559,-0.13569457828998566,0.03593132272362709,1.7934437633383675
"NK prepares its nuke against US threats 북한 핵, 미국 위협에 대한 방어책 주장     2006.12","Since August 2005 when the two Koreas signed marine agreements, 77 North Korean ships have passed through the South’s territorial waters for 124 times.","two north korean disarmament negotiator kim joo, the united states, claiming that north korea has tested a team of north americans to do, and that is the united states",-0.019339855760335922,-0.09376011788845062,0.05397621542215347,1.6404472625060698
Half of South Korea’s youth would side with North Korea in case of US’s attacks한국 젊은이 절반이 미 공격 시 북한 편들어야2006.04,"Almost half of juniors surveyed, who will get their first voting rights in the 2007 presidential election, said in a recent poll that South Korea should side with North Korea if Washington attacks nuclear facilities in the North without Seoul's consent.","the united states, which was noted with the help of the u. s. intelligence agency, told the bbc news that the administration was presented into",-0.09770402312278748,-0.09301795065402985,-0.1059446930885315,1.2900874221822909
2007년 대통령선거에서 처음으로 투표권을 갖게 될 젊은세대를 대상으로 한 설문조사에서 거의 과반수가 미국이 한국의 동의없이 북한의 핵시설을 공격한다면 한국은 북한 편에 서야한다고 대답했다.,"16-19, nearly 48 percent of respondents said that if the U.S. attacked nuclear facilities in North Korea, Seoul should act on Pyongyang's behalf and demand Washington stop the attack.","amid a multi person s election by almost a year, and that the united states is not a rare of the millions of south korea s nuclear powers, as the united",-0.09143892675638199,-0.17935676872730255,-0.003904409473761916,1.6732045279642958
"18세에서23세의 젊은이 1,000명을 대상으로 코리아타임스와 자매지 한국일보가 2월 16일부터 19일까지 실시한 설문조사에따르면 응답자의 약 48%가 미국이 북한의 핵시설을 공격한다면 한국은 북한 편에서 행동해야하며 미국에게 공격을 중단할 것을 요구해야 한다고 답했다.","But 40.7 percent of them said Seoul should keep a neutral stance in the event of such attacks, while 11.6 percent said South Korea needs to act in concert with the United States.","the korea herald reports the year old, whose two koreas were running on july, was choused and in july, as well as those number",-0.13252931833267212,-0.21228867769241333,-0.053850289434194565,1.4593789147002252
"그러나 40.7%는 한국이 중립을 유지해야한다고 답했고, 반면 11.6%이 미국에 협력해야한다고 답했다.",A political expert in Seoul said that the poll results should not be interpreted as meaning young South Koreans are anti-American.,"but south korea s national aid,, to,.",-0.02494630217552185,-0.0717809796333313,0.019395414739847183,1.3787300115244054
한국의 정치전문가는 이번 설문조사 결과를 한국의 젊은이들이 미국을 싫어한다는 뜻으로 해석해서는 안된다고 말했다.,"Almost half of juniors surveyed, who will get their first voting rights in the 2007 presidential election, said in a recent poll that South Korea should side with North Korea if Washington attacks nuclear facilities in the North without Seoul's consent.","the korea times reports south koreans are on their opinions, and the united states is being said as they seek to benefit their differences.",0.014219360426068306,0.029975630342960358,-0.004622470121830702,1.1313951168076752
유럽에서의 마호메트(무함마드) 만평 파문으로 촉발된 파키스탄에서의 폭동이 페샤와르에 있는 한국 운송회사에까지 불똥이 튀었다.,Riots in Pakistan spurred by the publication in Europe of caricatures of the Prophet Muhammad spilled over to a South Korean transportation company in Peshawar on Wednesday.,"also in pakistan, where they were in their first place in the country s long awaited par, a longer in pakistan s longertapp whose south koreans",-0.06610061973333359,-0.10546708852052689,-0.02961769513785839,1.996819088094332
시위대는 삼미-대우소속 버스 17대를 불태우고 직원 4명에게 부상을 입혔다.,"Protesters burned 17 buses belonging to Sammi Daewoo, injuring four company employees.","the protesters were injured, said tuesday.",0.18415065109729767,0.25574958324432373,0.11192334443330765,3.1021609279760063
이에 한국 외무부 관계자는 파키스탄 정부에게 파키스탄 주재 한국기업에 대해 추가적인 보호를 제공해 줄 것을 요청했다.,A Foreign Ministry official in Seoul said yesterday that the Korean embassy has asked the Pakistani government to provide additional security for South Korean companies there.,a south korean foreign ministry officials said they should continue to work out the south koreans.,0.22626027464866638,0.18667052686214447,0.2639056146144867,1.795997022552584
"관계자는 또 파키스탄 정부가 한국기업에 대한 공격이 한국기업을 겨냥한 것은 아니었고, 외국 기업과 파키스탄 정부 시설을 공격하며 격분한 이슬람인들에 의한 우발적인 사고였다고 믿고 있다고 전해왔다.","He said Pakistani officials believed the attacks on the company were not targeted ones, but were incidental to a wider rampage by incensed Muslims, who attacked other foreign companies and Pakistani government facilities.","officials said they believed they should be taking the only pakistani many pakistanis and pakistan people working with the city government, and pakistan has decided to impose pakistan",-0.026301031932234764,-0.07352425903081894,0.018439650535583496,1.7507036854615858
"삼미-대우는 2,800 여명의 직원을 두고 있으며, 파키스탄에 파견된 한국직원은 모두 4명으로 페샤와르에서 수백km 떨어진 라호르에서 근무하고 있다.","The only four Korean expatriates with the company in Pakistan have offices in Lahore, several hundred kilometers from Peshawar.","in a joint release of south carolina, south korea and the pakistani agency is still in the south, were also evacuated.",-0.03104540891945362,-0.04828214272856712,-0.017066139727830887,2.352622489487909
이번 사고로 회사가 입은 피해는 약 50억원(5백만달러)으로 추정된다.,The loss to the company was estimated at 5 billion won ($5 million).,the fleet is a million train carrying millions of dollars in the millions of each defendant and a nearby million swiss francs at the house.,-0.029742594808340073,-0.0862705409526825,0.02468288689851761,2.042946039568498
"회사 관계자는 보험금으로 피해액을 충당할 수 있으나, 버스 운행은 당분간 할 수 없을 것이라고 밝혔다.","A company official said that insurance will cover most of the losses, but that operations would be curtailed for an indefinite period of time.","the officials say the party could be the most dangerous but can be made for a few days, but they could be a few tolls.",0.18735772371292114,0.16122464835643768,0.21108677983283997,3.796469564911484
"U.S economic interventions put North Korea into Chinese orbit 미국 금융제재, 북한을 중국 품으로 몰아넣어      2006.04",A Foreign Ministry official in Seoul said yesterday that the Korean embassy has asked the Pakistani government to provide additional security for South Korean companies there.,u. s. and u. s. officials have revealed that north korea s top u. n. nuclear watchdog has previously said it,0.04468664154410362,0.002265762537717819,0.08467666059732437,1.9626728448746968
"서울 대학교는 12월 12일, 세계적으로 명성을 얻은 황우석 교수의 줄기 세포 연구와 관련된 의혹을 조사하기 위해 위원회를 구성했다.",Seoul National University began appointing a committee yesterday to investigate possible misconduct in stem cell research carried out by its world renowned professor Hwang Woo-suk.,the seoul metropolitan government has studied a committee on the committee to study a committee on the study of the university of the study.,0.04227878525853157,0.030214056372642517,0.05126987025141716,3.4418764754894258
서울대는 위원회가 일부 과학자들이 조작됐다며 의혹을 제기한 황교수의 논문에 사용된 보충 자료의 사진과 DNA 지문 자료 조사에 우선적으로 착수할 것이라고 밝혔다.,The school said the panel will initially look into data used by Hwang - images and DNA fingerprints of stem cells - in response to suspicions from some scientists that they were fabricated.,the seoul central seoul committee said they would not be published.,0.06281621009111404,0.09460415691137314,0.028419984504580498,0.7657012287417614
코리아 헤럴드 지는 터키가 이라크 지역의 쿠르드 반군을 공격해 선적을 중단시킬 지도 모른다는 걱정 때문에 원유 가격이 배럴당 86불 이상의 기록적인 가격까지 올랐다고 보도했다.,The Korea Herald reports Crude oil rose to a record above $86 a barrel because of concern Turkey may attack Kurdish militants in Iraq and disrupt shipments.,"if the price was fueled by crude for the fallout, said rebel groups, the refineries generally operated out of iraq.",-0.005923232529312372,0.024937182664871216,-0.03963163122534752,1.5085799832618618
원유는 이번 주 터키 총리가 의회에 세계 에서 세 번째로 큰 원유 보유국인 이라크 지역의 반군에 대한 군사 행동에 대한 동의안을 요청하면서 3불 올랐다.,"Oil has gained $3 this week as the Turkish prime minister asked lawmakers to approve military action against rebels in Iraq, holder of the world´s third-largest oil reserves.","the high stakes are set to become a major cities for the world, with congressional prices of the world s premier since.",-0.01913714036345482,0.009769486263394356,-0.050982292741537094,3.093505045130974
달러화와 미국 증시의 약세로 인해 일부 투자자들이 원유와 기타 물자로 방향을 선회했다.,Declines in the dollar and the U.S equities prompted some investors to shift into oil and other commodities.,"as investors snapped up amid growing investors in the united states and some of the assets, investors snapped as investors snapped as investors, to be",0.07985662668943405,0.013100387528538704,0.14535631239414215,3.796469564911484
"태국의 야당들과 유권자들이 2차 총선을 보이콧 함에따라, 태국의 정치적 위기가 더욱 심각해졌다.","A second round of elections in Thailand has been boycotted by opposition parties and voters, deepening the political crisis in the country.","the opposition parties are expected to be the first to befall of the political parties, as the country s electoral commission to bangkok s leading political values.",0.1988542079925537,0.16197353601455688,0.23362432420253754,4.932818758845598
4월2일 총선에서 저조한 투표율로 인해 하원의 총 500 의석이 채워지지 않았기 때문에 2차 총선이 치뤄져야 한다.,The latest poll needed to be held after a low turnout in the main 2 April elections meant not all 500 seats in the lower house were filled.,elections on april election laws came election days before election resulting from florida s december elections.,0.03032919578254223,0.05024969205260277,0.007439530920237303,1.3426247383996714
그러나 유권자들이 또 다시 투표에 참여하지 않은 관계로 더 많은 총선이 치뤄져야 하는 사태가 벌어질 지 모른다.,But more elections may now have to be held after voters stayed away again.,"but there were no votes, but that still, which is back, turns the rising.",0.17960970103740692,0.14610931277275085,0.21084660291671753,2.147691208915905
보이콧을 주도한 사람들은 여당인 타이 락 타이당의 부패와 권력 남용을 비난하고 있다.,Organizers of the boycott are accusing the governing Thai Rak Thai Party of corruption and abuse of power.,"some people who see their party leadershipung province, where the party has failed.",0.09542612731456757,0.15567857027053833,0.03371346741914749,2.39367216892196
"한편, 4월2일 총선에서의 승리에도 불구하고, 탁신 치나왓 총리는 자신의 집권을 반대하는 대규모 국민 저항 이후 총리직에서 물러났다.","Despite winning the 2 April elections, Thaksin Shinawatra stepped down as prime minister after large public protests against his leadership.","meanwhile, elections on july rules on his victory in march, election laws on his victory, and his rival, to face his own parliamentary election",0.06318244338035583,0.10202015191316605,0.021941522136330605,1.7574239156849023
그러나 탁신은 의회에 남을 것이며 계속해서 (타이 락 타이)당을 이끌어 나갈 것이라고 밝혔다.,But he said he would stay in parliament and continue to lead his party.,"but powell said parliament would accept about two term parliament would be lost a seat on the charge, he said.",0.17798516154289246,0.13140113651752472,0.22270449995994568,4.343737891358309
"turnout 동원, 출석자, 동맹 파업, 생산액, 분기점","A second round of elections in Thailand has been boycotted by opposition parties and voters, deepening the political crisis in the country.","exxon mobilth heard of the report, as well as their production loss, worth of the group, and their producers are expected to be production.",0.022187046706676483,-0.009259380400180817,0.050811443477869034,2.089941024608428
중국에서 BBC 방송은 한 남자가 10명의 호주 관광객을 인질로 잡았다가 사살되었다고 밝혔다.,BBC reports from communist China say a man has been shot dead after taking 10 Australian tourists hostage.,"a chinese air line has reportedly been around for the year, to, for the first time in a year.",0.09149260818958282,0.05535995215177536,0.1251494437456131,2.442663322105964
이 사건은 이 남자가 시안(Xian) 시에서 관광객과 통역을 태우고 가던 버스를 납치했을 때 시작되었다.,The incident began when the man hijacked a bus carrying the tourists and their translator in the central city of Xian.,"cases of a two tourists were blown off and ads on wall street, which was a blow to two hours, and a fleet of around the",-0.008057743310928345,-0.12740306556224823,0.11390278488397598,1.996819088094332
"그는 나중에 이들을 풀어주었으나, 항복을 위한 협상이 실패하자 경찰에 의해 사살되었다.",He later released them but was killed by police when negotiations for his surrender failed.,"he was released on by hand by, but later on stage before he broke the rest of the outcome of.",0.09064360707998276,0.04696902632713318,0.13207608461380005,2.703251334489793
"자세한 사항은 알려져 있지 않지만, 특파원들은 이런 류의 사건이 중국에서는 극히 드문 일이라고 말하고 있다.","Details are scarce, but correspondents say this type of incident is extremely rare in China.","the annual offer posted a third round of events, but they witness also call for a witness call in a chinese town.",0.17469580471515656,0.1022225022315979,0.24651405215263367,3.956623635711306
"시안은 실물크기의 고대 상의 집합인 병마용이 주요 명소로써, 중국에서 가장 인기 있는 관광지 중 하나이다.","Xian is one of China´s most popular tourist destinations, with its main attraction being the Terracotta Army, a collection of ancient life-size figures.","the city is scheduled to make a chinese island of swine flu in the, of which includes a. m.",-0.0846889466047287,-0.06820493191480637,-0.10456481575965881,2.3423969311263773
관광객들의 시련은 납치범이 폭발물로 무장하고 시안의 역사적 광장 근처에 있던 버스에 올라탄 오전 10시(0200 GMT) 직전에 시작되었다.,"The ordeal for the tourists began just before 10am (0200 GMT), when the hijacker, armed with explosives, boarded the tourist bus near the historic square in Xian.","the tourists aimed at a spate of political killings, which are being killed and they were taking place in a square.",0.05542135238647461,0.12594985961914062,-0.016151053830981255,2.806025906116149
"주중 호주 대사관 대변인인 제널린 오에따르면 인질 중 9명은 일찍 풀려났으나, 뉴 사우스 웨일즈 출신의 48세 여성은 오래 붙잡혀 있었다.","Nine of the hostages were quickly released, but a 48-year-old woman from New South Wales was held longer, according to Janaline Oh, a spokeswoman for the Australian Embassy in Beijing.","two of the men were women in their two men who were traveling to a member of the embassy in, but a four year old woman who escaped from a",-0.03686163201928139,-0.12483059614896774,0.050875112414360046,5.946492627052677
"negotiations 협상, 교섭",He later released them but was killed by police when negotiations for his surrender failed.,the negotiations on negotiations on negotiations on the negotiations.,0.04612542316317558,0.047856226563453674,0.04129484295845032,2.7385973411104616
NASA’s spacecraft Dawn launched to an eight-year journey나사의 우주 탐사선 돈 호 발사2007.12,NASA´s Dawn space probe has begun an eight-year journey to the Solar System´s asteroid belt.,the shuttle said the flight was launched after the shuttle s flight but astronauts would launch the site s nuclear spaceship.,0.006748219020664692,0.0005698896711692214,0.009701951406896114,2.0540268312306345
케레스와 베스타의 작은 세상을 방문할 미국 우주선은 케이프 커내버럴 공군 기지에서 그리니치 표준시로 11시 34분 발사되었다.,"The US spacecraft, which will visit the small worlds of Ceres and Vesta, blasted-off at 1134 GMT (from the Cape Canaveral Airforce base.","the first flight to the united states and the long awaited the united states is the first major overhaul to be a u. s. aircraft carrier, and then the first time the",-0.10981359332799911,-0.07657498866319656,-0.14615890383720398,1.5790460212418518
"이번 탐사선의 여정은 거의 50억 킬로미터에 달하며, 아마도 과학자들이 태양계가 어떻게 구성되어 있는지를 해독하는 데 도움을 줄 것으로 보인다.",The probe´s journey of nearly five billion kilometers will hopefully help scientists decipher how the Solar System formed.,"the, scientists will see the lightning faster, said scientist, a scientist of scientists and scientists.",0.11878496408462524,0.21693198382854462,0.021555962041020393,3.0272532566104675
"이 소행성들은, 행성이 만들어진 후의 잔류물들인 것으로 알려지고 있다.",The asteroids are thought to be the leftovers after the planets were made.,"asteroids are coming, factory as they were able to reinlius.",0.08904272317886353,0.030218301340937614,0.14623673260211945,7.20914034876181
"돈 호는 2011년 베스타에 도착하고, 비행을 계속하여 2015년 케레스를 방문할 예정이다.",Dawn will reach Vesta in 2011 before going on to visit Ceres in 2015.,"the bulk, i don t know it to be a very good time of year, and i am pleased to get around.",-0.03854621574282646,-0.06640647351741791,-0.013786053285002708,1.7911710595643588
"케레스는 거의 구형이며, 단단한 표면 아래 60에서 120 킬로미터(40에서 80마일)에 이르는 얼음 층을 감추고 있는 것으로 알려져 있다.",Ceres is almost spherical and is thought to harbour a layer of water ice some 60 to 120km (40 to 80 miles) thick beneath its hard surface.,"he is known as d, mn, said daia, where a eins fast known as the ndp ⁇",-0.22160206735134125,-0.13876335322856903,-0.3054593801498413,1.3809851504530963
"작년 국제천문연맹 회담에서, 케레스는 소행성대의 가장 커다란 덩어리에서 “왜소 행성”으로 지위가 상승하였는데, 이는 이제 플루토와 같은 명칭으로 불리는 것이다.","At a meeting of the International Astronomical Union (IAU) last year, Ceres was elevated in status from merely the biggest body in the asteroid belt to a “dwarf planet” - the same designation as now held by Pluto.","i m sure they are most of the highest level of the sea, said at least one of the most part of the sea, said, a top of the",-0.1610259711742401,-0.20801927149295807,-0.11694693565368652,2.3215458027663955
"캘리포니아 시미 밸리에 위치한 로널드 레이건 기념 도서관에서 개최된 토론회의 주역들로는 루돌프 줄리아나(전 뉴욕시장), 존 매케인(상원의원), 미트 롬니(전 메사추세츠 주지사) 등이 있다.","Among those to brave the TV cameras at the Ronald Reagan Presidential Library in Simi Valley, California, are Rudi Giuliani, John McCain and Mitt Romney.","the weekend in a general way is a former head of state in baghdad, where the new government s newest days don t stop former head of the state s top u. s",-0.09466788917779922,-0.1009398028254509,-0.09195064753293991,1.5790460212418518
덜 이름이 알려진 후보들은 내년 초 예비선거를 앞두고 자신의 프로필을 알리기에 힘썼다.,Lesser-known candidates are hoping to raise their profile ahead of the primary elections early next year.,"the names of names that have been taken to have been taken to two, have been taken to their homes.",0.08918257802724838,0.05602004751563072,0.11978168040513992,2.5828020030551087
8명의 민주당 대선후보들이 남부 캐롤라이나에서 첫 토론회를 가진 1주일 후에 진행되었다.,The event comes a week after eight Democratic presidential hopefuls held their first debate in South Carolina.,"the democratic candidates were on the first debate to the first round of the debate, the democrats have yet to reach the first round of the nation.",0.2086784541606903,0.16042375564575195,0.2552262842655182,2.847964238283142
이 공화당 토론회는 케이블 방송 MSNBC를 통해 중계될 것이다.,The Republican debate will be broadcast on cable channel MSNBC.,"the debate has given different networks, the network is going to get worse during this time.",0.10766495764255524,0.07298726588487625,0.13987994194030762,2.55404966647159
이번 행사를 후원한 블로그사이트 폴리티코는 후보별 토론회 성과를 평가했다.,"It is being co-hosted by Washington-based blog site politico.com, which has invited questions to be put to the candidates.",http candidate. joins. com a special welcomed his lead to show a. m. percent.,0.05828302726149559,0.10364244878292084,0.010727752931416035,3.9008866529988233
이 토론회는 많은 유권자들에게 공화당 후보들의 자질과 능력을 비교해 볼 수 있는 좋은 기회를 줄 것이다.,The debate will be the first opportunity for many potential voters to compare all the declared Republican candidates as they give their views.,"the debate is, though, they are expected to create a chance to take their ability and the ability to give up their own.",0.14198170602321625,0.1301431953907013,0.15107037127017975,2.4294859658214887
주된 의제는 이라크 전쟁이며 특히 상원의원인 존 매케인은 조지 W 부시의 이라크 정책에 대한 지지의사를 표명했다.,"The issue of the Iraq war is expected to dominate, with the contenders - notably Senator McCain - likely to be questioned over their support for President George W Bush’s strategy in Iraq.","they are particularly elected in iraq, saying mccain is the only candidate in iraq.",0.0960911363363266,0.08397117257118225,0.10531364381313324,1.115326838493522
"그 외 의제로는 의료, 테러, 환경 등이 있다.","Other issues on the agenda are likely to include health care, the US fight against terrorism and the environment.","they are subjects to include terrorism by the terrorist group, including arrows environmental group, and blamed the doctor, which is including drug trafficking, includ",0.0021140275057405233,-0.08784613758325577,0.0920967385172844,3.776949794525175
"30,000 Korean women are working as prostitutes in Japan 한국 여성 3만명 일본에서 접대부로 일해     2007.07","Among those to brave the TV cameras at the Ronald Reagan Presidential Library in Simi Valley, California, are Rudi Giuliani, John McCain and Mitt Romney.","the korea times reports south korea will not allow women to qualify for korea, according to a tokyo ministry statement by a local media report from japan.",-0.054087813943624496,-0.0922379344701767,-0.01881990395486355,1.8196871111910016
BBC 방송은 노무현 정부가 야당으로부터 경제와 외교 분야에서의 미숙함과 국민들 간의 분열 조장으로 비난을 받아왔다고 보도했다.,The BBC reports Roh's government is accused by its opponents of being incompetent and divisive in its running of the economy and of foreign affairs.,"bbc broadcast, a senior television reported, bbc said monday that roh moo hyun is stepping up from their homes and the publicity of the national people s",0.005633639637380838,-0.05902160704135895,0.06869681179523468,3.060336737367801
게다가 현 정부는 북한의 핵무기 개발 주장을 일축하면서까지 지나친 관용 정책으로 미국과 갈등을 빚어왔다.,"The government has irritated the United States with what is seen as an indulgent policy towards North Korea, despite the North's claim to be developing nuclear weapons.",", was in the north by the united states, and the fact that the two koreas would like to use the north by, and the prospect of the need for their energ",-0.02855738252401352,-0.08650684356689453,0.027360225096344948,1.539373025281168
여기에 한나라당은 선거를 10여 일 앞두고 무직 전과자가 칼로 박대표를 피습한 사건으로 국민적 동정을 얻어냈다.,The GNP has also gained public sympathy as a result of a knife attack by an unemployed ex-convict on party leader Park Geun-hye during election campaigning 10 days ago.,"the move is a former presidential race, and the opposition has also tested positive for his own.",0.021956078708171844,0.11791940033435822,-0.07348623871803284,2.6987341279976564
- 박대표는 뺨에 11cm의 상처를 입고 60 바늘을 꿰매는 수술을 받았다.,She received an 11-cm long (four-inch) cut to her cheek which required 60 stitches.,he removed a ground floor or a sky.,0.0427071712911129,0.145307719707489,-0.05881375074386597,1.5694957190569985
- 노무현 대통령의 재선은 법으로 금지되어있다.,President Roh is prevented by law from seeking re-election.,the president s presidential inauguration has banned right law and provoking the constitution.,0.20888400077819824,0.21644841134548187,0.19877541065216064,3.377156414337854
- 한나라당은 대북 지원에 비판적인 입장으로 미국과의 관계 증진을 추구하고 있다.,The GNP has been pushing for a tougher line on aid to the North and for improved relations with the US.,"the gnp has the largest of a larger u. s. relations with the united states, japan and the united states, is expected to announce the gnp s",0.1277044266462326,0.07567115873098373,0.1779261827468872,5.875581881262648
"한국과 미국, 일본의 회담 대표들이 베트남 하노이에서 만나 북핵 문제에 대한 6자 회담 준비를 시작한다.","Preparations for six-party talks on North Korea will get a kick start today when chief negotiators from South Korea, the United States and Japan meet in Hanoi, Vietnam.","the japanese envoys are scheduled to meet in seoul, where he meets their negotiations on their negotiations.",0.13767454028129578,0.1898517906665802,0.08380437642335892,2.8335136661154863
"천영우 한국 대표와 크리스토퍼 힐 미국 대표, 사사에 겐이치로 일본 대표들은 6자 회담에 복귀하는 북한의 의도를 평가하고, 2005년 9월 작성한 공동합의문을 어떻게 실천할 것인지를 논의하게 될 예정이다.","South Korea's Chun Yung-woo, U.S. envoy Christopher Hill and Japan's Kenichiro Sasae will evaluate North Korea's intentions in returning to the nuclear negotiations and discuss how to implement the Joint Statement signed in September 2005.","tacom and tokyo, japan and tayals that have been reaching attention to their meeting at a. m. toyota s tariffs on north",-0.20104874670505524,-0.1741149127483368,-0.23154018819332123,1.293721179837464
"11월 중순 현재, 베트남 하노이에서는 매년 개최되는 아시아 태평양 경제협력 정상 회담이 열리고 있다.",Hanoi is hosting the annual Asia-Pacific Economic Cooperation summit.,"the offices are at the economic talks at the level in central asia, on the way to host the economy they are in good shape.",0.059233736246824265,0.0338081456720829,0.08182528614997864,1.6504045595709422
천 대표는 라디오 인터뷰에서 12월 중순쯤에 6자 회담이 다시 시작될 가능성이 있다고 말했다.,Chun said in a radio interview yesterday that it would be possible to restart the six-party talks by mid-December.,"he said that the situation in the mid s, will be discussed at midnight in mid august on august.",0.16781656444072723,0.13376736640930176,0.19957871735095978,2.842326538113704
5개월 간의 납치에서 풀려난 한국 선박의 선장은 일부 선원들이 육체적 고통을 겪고 있고 아직 공포상태에 있다고 일요일 말했다.,The captain of South Korean ships released after over five months in captivity said Sunday some of his crew members were suffering from physical pain and are still in a state of fear.,"some of the military operations in several months in prison, where some of the military operations are not yet known.",0.11907385289669037,0.1316324770450592,0.10372613370418549,3.3671557594874777
그는 미 해군이 승선해서 폭발물 및 탄약을 수색하고 있다고 말했다.,He said U.S. naval forces are aboard the vessels and searching for explosives and other munitions.,the u. s. navy said the boat was heard by the navy of the navy and the navy of naval areas.,0.3202366828918457,0.31881240010261536,0.31944918632507324,2.5590823010528183
"한국의 대창수산 소속의 마부노 1호와 마부노 2호는 한국, 중국, 인도네시아 및 베트남 선원 24명을 태운 채로 5월 15일 소말리아 연안에서 해적들에게 납치되었다.","Mavuno 1 and Mavuno 2, owned by South Korea´s Daechang Fishing company, were taken hostage by pirates off Somalia on May 15 with 24 crew members from South Korea, China, Indonesia, India and Vietnam aboard.","marlon nih nifri said the south china came to indonesia, china is planning to leave with their children, and they were leaving a plann",-0.13979104161262512,-0.12467742711305618,-0.1584932804107666,1.213192984339018
선원들 모두는 안전한 것으로 확인되었다.,All of them were confirmed to be safe.,crew members were confirmed safely.,0.5469564199447632,0.5367182493209839,0.5557526350021362,10.89644800332157
이들의 석방을 위한 협상은 몸값 요구와 무슬림 납치자들에 의한 심한 폭행에 대한 보도에 의해 지연되었다.,Negotiations for their release were hampered by ransom demands and reports of heavy beatings by their Muslim captors.,"the deal follows the official s release of the hostages, and there are not following the talks about kidnappings and comments by the kidnappers.",0.2233830690383911,0.18967455625534058,0.2549747824668884,2.16015243499944
"release (의무·고통·속박 따위에서) …을 해방[방면, 석방]하다",The captain of South Korean ships released after over five months in captivity said Sunday some of his crew members were suffering from physical pain and are still in a state of fear.,two of the dead were mounting at st.,0.0529283843934536,0.10872582346200943,-0.0046571348793804646,0.3901362566745642
오늘 바그다드에서 폭력사태가 또다시 벌여졌습니다.,Violence again today in Baghdad:,violence is also being given up,0.20703519880771637,0.22137224674224854,0.19021350145339966,0.0
“ 한 자살폭탄 테러범이 바그다드의 경찰대학 입구에 늘어선 경찰들을 덮쳤습니다.,“ A suicide bomber struck police as they were lined up at the entrance of the main police academy in Baghdad.,"a suicide bomber has been convicted of trying to murder suicide car bombers and the car, they saw a car in the cartel.",0.1509121060371399,0.13325725495815277,0.16590698063373566,4.260146736441797
테러범은 경찰학교의 옆 문 근처에서 폭발물을 터트렸습니다.,The bomber detonated his explosives near a side entrance of the academy.,the bomber detonated the explosives at a police station in central.,0.5456610321998596,0.5352576375007629,0.5546185970306396,8.201060181277784
경찰대학은 시아파 교도들이 밀집한 지역에 위치해 있습니다.”,The academy is located in a mainly Shiite area.”,"they may be coming at the school in, according to the university of shiite shia.",0.22238044440746307,0.15473158657550812,0.2892467677593231,2.719665272174911
테러공격으로 32명이 사망하고 약 60명이 부상을 당했습니다.,"Thirty two people killed, another 60 or so wounded in the attack.","two of the suicide bombers attacked a terrorist attack, and wounded about, people about the wound.",0.14932182431221008,0.12226485460996628,0.17386896908283234,3.292916846800451
경찰과 군은 북아일랜드 벨파스트 교외에 위치한 군부대에서 지난밤 영국군에게 발포한 자를 찾고 있습니다.,"Police and soldiers looking for whoever opened fire on British troops at a barracks outside Belfast, Northern Ireland, last night.","and the officers took to the search for their soldiers from their villages, the military said, according to the associated press, a high ranking officer",0.05595074221491814,0.05542787164449692,0.053401414304971695,2.089941024608428
공격으로 병사 두 명이 사망했습니다.,Two of the soldiers were killed in the attack.,the killing two wounded two others were killed.,0.4055461287498474,0.3738005757331848,0.4357130825519562,10.147104008451905
피터 로빈슨 북아일랜드 제1장관은 스카이 뉴스를 통해 사람들이“ 고난의 시기”로 돌아가고 싶어하지 않는다고 밝혔습니다.,"Peter Robinson, Northern Ireland's First Secretary, tells Sky News people do not want to go back to the time of“ The Troubles:","and now, i think the idea of their in the world, saying that they re going to get worse, according to northern.",-0.010212738066911697,0.04845689237117767,-0.07072258740663528,2.16015243499944
“ 북아일랜드가 과거 어떠했는지 어렴풋이 보았을 것으로 생각합니다.,”“ I think we've had a glimpse of what it used to be like in Northern Ireland.,it s not the first time that north korea s nuclear test that may have been given the past few days.,-0.053760431706905365,-0.113802470266819,0.00427440507337451,2.0540268312306345
저는 정당과 종교 교파에서 우리가 과거로 돌아가지 말아야 한다는 결정이 내려질 것이라고 믿습니다.”,I believe there will be a determination across political parties and across religious denominations that we should not go back.”,"i think we should be able to take place as a result, he said.",0.25550174713134766,0.3129338026046753,0.1969480663537979,4.227064903916133
"police academy 경찰대학, 경찰학교",“ A suicide bomber struck police as they were lined up at the entrance of the main police academy in Baghdad.,"police in the gunman, a police officer and university police officers, told police, the university police officers received a university student police calling university",-0.028628721833229065,-0.024635082110762596,-0.03595714271068573,2.075273865705644
side entrance 옆 문,The bomber detonated his explosives near a side entrance of the academy.,tenderson said it will introduce random credit card spending anything wrong.,0.08535536378622055,0.016303937882184982,0.15329211950302124,3.1157290929555894
"Pope Benedict will make a pilgrimage to the Holy Land in May 베네딕토 교황, 5월에 성지순례에 나설 예정     2009.06",Two of the soldiers were killed in the attack.,"pope benedict s student has become a major shiite group of u. s. sticking in on december, prompted by the international olympic committee on july.",0.044643908739089966,-0.16463018953800201,0.26969996094703674,1.8196871111910016
"누리 알 말리키 이라크 총리는 로이터 통신과의 인터뷰에서 민간인 희생자와 관련, ”실수에도 용납할 수 있는 한계가 있다.”","Nouri Maliki told Reuters news agency there was """"a limit to the acceptable excuses"""" for civilian casualties.","prime minister nuri al maliki quickly announced his resignation, but prime minister lee said, iraqis prime minister tonyuri al maliki told reporters",-0.03119620867073536,-0.06179323047399521,-0.003612940665334463,1.5732934811145336
그 결과 전문가들은 이번 사건이 아부 그라이브 수감자 학대 사건보다 미국의 입지에 더 심각한 영향을 줄 것이라 입을 모았다.,Observers say the incident could deal a more serious blow to US standing than the Abu Ghraib scandal.,"the violence showed the abu ghraib prison since the shooting between the two thirds of the u. s. military, according to the associated press",0.07396482676267624,0.05521349981427193,0.08981981128454208,1.9626728448746968
미 군당국의 초기 조사에 의하면 안바르 지방의 하디타에서 미 해병 대원이 폭탄 공격으로 사망한 직후 노변 폭탄에 의해 마을 주민들 15명과 저항 세력 8명이 희생됐다.,"According to initial US military reports, 15 civilians and eight insurgents died after a bomb killed a marine in Haditha, a militant stronghold in Anbar Province.","u. s. officials said the attack took place in a bomb attack after the attack occurred in the attack, killing u. s. marine corps official,",0.07976163178682327,0.10117150843143463,0.05556514486670494,3.4936418889893077
"중국에서 반 프랑스 시위가 계속되는 가운데, 달라이라마는 명예 파리 시민이 되었다.","The Dalai Lama has been made an honorary citizen of Paris, as anti-French protests continue in communist China.","chinese air, chinese, to protest the dalai lama, china, china, has launched a chinese citizen.",0.00761417206376791,-0.09040374308824539,0.10630690306425095,2.5683319547529764
파리 시 의회는 베르트랑 들라노에 파리 시장이 “평화의 챔피언”이라고 부르는 티베트의 정신적 지도자에게 이 상징적 자격을 수여하는 것에 대해 투표를 했다.,"Paris city council voted to bestow the symbolic title on the Tibetan spiritual leader, whom Mayor Bertrand Delanoe called """"a champion of peace"""".","the paris s parliament has said, i called it a quite spirit, said abhiso, a local antiqueian group in tibet, which is in",-0.1321493238210678,-0.15363885462284088,-0.11418399214744568,1.8225437070682784
"니콜라 사르코지 대통령의 정당은 이 조치에 대해 반대했는데, 그는 중국과의 긴장된 관계를 완화시키려고 노력해 왔다.","The move was opposed by the party of President Nicolas Sarkozy, who has been trying to ease tense ties with Beijing.","sarkozy, who is, communist party is expected to pose a serious relationship amid accusationing china s official news.",0.09265769273042679,0.012553137727081776,0.17234158515930176,4.152310064211309
중국 시위대는 달라이라마를 지지했다고 비난하며 프랑스 슈퍼마켓 까르푸에서 피켓시위를 해왔다.,"Chinese protesters have been picketing French supermarket Carrefour, accusing it of supporting the Dalai Lama.","beijing has dismissed anti china protests in france, anti francer anti wartime exiles in france, anti francer antiquema.",0.060917261987924576,0.01971372589468956,0.09970074892044067,2.159701133933343
"중국은 달라이라마가 티베트의 소요 사태를 선동하고 있다고 비난하고 있으나, 달라이라마는 이런 주장을 부정해 왔다.",Beijing accuses the Dalai Lama of inciting unrest in Tibet - claims he has denied.,"beijing has threatened china s exiles in tibet, but china has declared a state of responsibility for tibet, but this is the dalai lama.",0.1805911362171173,0.10362016409635544,0.2571936845779419,2.075273865705644
"중국 관리들은 티베트에서 2개월간의 “애국 교육”을 시작했는데, 이 교육은 공산당 관리들과 지역 주민들이 모여 달라이라마를 비난하는 것이 될 것이다.","Chinese officials are launching a two-month """"patriotic education"""" in Tibet, in which Communist Party officials and local people will gather to denounce the spiritual leader.","chinese officials say the eighthgan in the past months, the education offered tibetan party leaders and the official party had failed to make villagers to join their buddhist monk",0.11700785905122757,0.10157549381256104,0.129643514752388,1.9531822629077744
인도에 망명해 살고 있는 달라이라마는 어떤 정치적 역할도 없으며 지난 달 주요 도시인 라싸에서 폭동으로 발발된 티베트 불교 승려들에 의한 시위에도 아무런 역할을 하지 않았다고 주장하고 있다.,"The Dalai Lama, who lives in exile in India, insists he has no political role and played no part in the protests by Tibetan Buddhist monks that erupted into rioting in the main city Lhasa last month.","india has become a political friend, he said, adding that he was cited for a fight in a series of recent bombings in recent months.",0.141302227973938,0.19979992508888245,0.08139622211456299,1.506713360447854
"그러나 그는 뒤이은 중국의 탄압을 비난했고, 중국이 티베트에서 “문화 학살”을 자행하고 있다고 비난했다. honorary 명예의","But he condemned the Chinese crackdown that followed, and accused Beijing of committing """"cultural genocide"""" in Tibet.","but he stood, china has also criticized china in a power struggle where in a power struggle where he has a right now in tibet, he said.",0.12967082858085632,0.05300186201930046,0.2058049738407135,1.7557381354086663
"Korea, Japan to Expand Youth Exchanges 한-일, 신세대 간 교류 확대키로     200809.18","Paris city council voted to bestow the symbolic title on the Tibetan spiritual leader, whom Mayor Bertrand Delanoe called """"a champion of peace"""".","negotiations, as well as the leaders say they have also confirmed their own friday, but also a popular figure would be a huge territory to clear their protection",-0.11319299787282944,-0.11823459714651108,-0.11177053302526474,1.7557381354086663
Zimbabwe opposition turns to UN 짐바브웨 야당 유엔에 호소     200809.18,"The move was opposed by the party of President Nicolas Sarkozy, who has been trying to ease tense ties with Beijing.","she is expected to return to the united nations party for new york, to return to her country on april.",0.0818304494023323,0.007557140197604895,0.155283585190773,2.4680301241191462
마흐무드 아흐마디네자드 이란 대통령은 외부의 압력에 굴복해 핵 기술을 포기하지는 않을 것이라고 말했다.,"Iran will not bow to outside pressure to abandon its nuclear technology, President Mahmoud Ahmadinejad has said.","ahmadinejad said iran s leader of mahmoud, iranian president mahmoud ahmadinejad said monday it would not give new pressure.",0.11777492612600327,0.03256365656852722,0.20298048853874207,2.7156804039319287
"그는 """"우리는 핵연료를 생산할 수 있는 기술을 보유했다.","""""We have obtained the technology for producing nuclear fuel... no-one can take it away from our nation,"""" he said.",now we have used the technology to take it.,0.319425106048584,0.4561766982078552,0.18734516203403473,2.171126425032994
Australian sent wrong Iraq body 이라크 파병 호주군인 시신 잘못 도착     2006.06,"Iran will not bow to outside pressure to abandon its nuclear technology, President Mahmoud Ahmadinejad has said.","israeli leaders later, were australian citizen, australian, were australian, australian troops, were australians, yal leader, a former shuttle, to",-0.21141652762889862,-0.35304468870162964,-0.06496572494506836,1.6504045595709422
"Europe is set to send a probe to Venus.유럽, 금성 탐사 착수2005.12 원문 & 독해설명 인쇄","Europe is set to send a probe to Venus, the first mission to our nearest planetary neighbor in a decade.","south korea will likely reduce the probe into its transportation system, which followed by the european central bank, to closely percent.",0.056289780884981155,0.020972009748220444,0.08899634331464767,2.352622489487909
"금성 탐사선 ‘비너스 익스프레스(Venus Express)는 러시아의 소유즈 로켓에 실려 오는 수요일 오전 3시 33분(그리니치 표준시, 한국 시각 12시 33분) 카자흐스탄의 바이코누르 우주기지에서 발사될 예정이다.",Venus Express will launch on a Russian Soyuz rocket from Baikonur Cosmodrome in Kazakhstan at 0333 GMT on Wednesday.,"the longest of the recent discovery of the two weeks of a sunken cruise ship is expected to be released on a surface in the s, med.",-0.21384486556053162,-0.04883469641208649,-0.3717529773712158,3.060336737367801
이후 지구일로 500여 일 동안 궤도를 돌며 표면 온도가 매우 뜨거운 금성의 대기를 관측하게 된다.,"The robotic craft will orbit the planet for about 500 Earth days to study its atmosphere, which has experienced runaway greenhouse warming.",a long time of the three men in the day since the earth reached a new planet.,0.11428356170654297,0.15339724719524384,0.07293230295181274,2.0252905012123184
이로써 학계에서는 지구의 기후 변화에 관한 보다 중요한 정보를 밝혀낼 수 있을 거라고 기대하고 있다.,Scientists hope the mission will shed further light on the mechanisms of climate change on our own world.,"in the letter, climate change is widely available information from the bases of the global position in the science.",0.19719575345516205,0.18415288627147675,0.20767828822135925,4.780204393760627
금성은 지구와 크기가 거의 비슷해 ‘쌍둥이 행성’이라 불린다.,"Venus is almost identical in size to Earth, and is thought to have a similar composition.",it is possible that the planet rocks planet earth is one of the earth s atmospheric planet.,0.1804562360048294,0.18063026666641235,0.17761632800102234,2.8265205879007453
A lawyer for one of Saddam Hussein's co-defendants shot to death in Baghdad 후세인 측근의 변호사 피살     2005.12,"The robotic craft will orbit the planet for about 500 Earth days to study its atmosphere, which has experienced runaway greenhouse warming.","the french anti aircraft moves were killed in an effort to combat operations in the capital of the capital, which has requested an emergency operation in the french capital of an emergency",-0.026864323765039444,-0.03630773723125458,-0.020739566534757614,4.750133160738244
버락 오바마는 대통령 당선인인 동시 에 아버지입니다. 오바마 당선인은 새로운 인터뷰에서 그 역할을 했는데요.,He's the President Elect but he's also dad-and Barack Obama is playing that role in a new interview.,barack obama said the new york senators are to say that the new president will offer their role in the new york city to new york.,0.07071574032306671,0.001162419212050736,0.13913995027542114,3.6529457725362686
이 소식을 전하기 위해 리타 폴리 기자가 지금 기자실에 나가 있습니다.,The AP's Rita Foley is live in the newsroom to tell us about it.,we have heard the journalist is being speaking at a press conference.,0.13603481650352478,0.2342320829629898,0.038800377398729324,3.485711695706544
"“그 예의 바르고, 착하고, 농담을 좋아하고 똑똑한 어린 소녀들이 백악관에 들어와 살게 되면 어떻게 될까요?”","“But what happens when your well-mannered, kind, fun-loving, smart little girls move to the White House?”","what would have ended their findings at a. m. et, the white house said.",0.06935323774814606,0.10011415183544159,0.03597765788435936,2.392598022685055
"“아이들이 백악관에서 생활한 결과, 이들에게 생기는 어떤 태도에 대해서 도 우리가 보호할 것이라는 겁니다.”","“The thing we'll be guarding against most is any kind of attitude on their part, as a consequence of living in the White House.”","they should feel that, we are not expected to quit, because we think we should start their way, and we are not going to stick, we",0.02995307929813862,-0.008986285887658596,0.06630279868841171,1.4763939041893883
리타 기자. 몸무게 이야기가 나오면 오프라 윈프리는 언제나 솔직했는데요.,"When it comes to her weight, Oprah Winfrey has always been straightforward.","to ask their voice to the world s poor, now i asked it today with your life or even knock.",0.03948280215263367,-0.010602565482258797,0.08740317076444626,2.442663322105964
"이 토크쇼의 여왕은 O 메거진을 통해 지난 몇 년간 40 파운드가 늘었고, 현재 200파운드에 이른다고 밝혀 다시한번 그녀의 정직함을 유지했습니다.","The talk show queen continues her honesty, telling O Magazine she has packed on 40 pounds the past couple of years and now weighs 200.","patrick said that her decision had been very well, but i have had enough to follow up over the years, and i have had enough to follow",0.05321550369262695,0.037740420550107956,0.06568590551614761,1.92408485982654
a consequence of ~의 결과로,“What do you think of your kids?”,we ll see that the results of the ap.,0.056916289031505585,0.04873175546526909,0.062048912048339844,4.196114906296549
"Governor Jennifer Granholm of Michigan urges the auto industry bailout 미시건주 제니퍼 그랜홈 주지사, 자동차업계에 대한 구제 금융 요구     2008.12","“The thing we'll be guarding against most is any kind of attitude on their part, as a consequence of living in the White House.”","a week after the supreme court, rejected by auto workers and autoworkers, were settles for the auto trade in the women s member states, including governor",-0.13606730103492737,-0.18766172230243683,-0.08712231367826462,3.060336737367801
"˝아프가니스탄에서 21명의 한국인 인질을 억류하고 있는 탈레반 무장 단체는 지난 화요일, 두 명의 건강이 악화된 여성 인질을 석방하는 대가로 두 명의 남성 탈레반 수감자들을 석방시켜 줄 것을 아프간 정부에 새로이 요청했다.",˝Taliban militants holding 21 Korean hostages in Afghanistan made a new demand Tuesday for the Afghan government to release two male Taliban prisoners in return for freeing of two sick female hostages.,"taliban insurgents in taliban militants in health taliban kidnapped by the taliban, although the taliban kidnapped by the taliban, he said.",-0.042552486062049866,-0.017014620825648308,-0.07118137180805206,1.6169322140675666
"자칭 탈레반 대변인인 카리 유사프 아마디는 코리아 타임즈 지와의 인터뷰에서, “탈레반은 수감자와 건강이 악화된 인질들의 교환을 할 준비가 되었다”고 말했다.","Qari Yousaf Ahmadi, the purported Taliban spokesman, said in an interview with The Korea Times, ``The Taliban are ready to make a prisoners-sick hostages swap.´´ Ahmadi said the two female hostages were those he had earlier said were seriously ill and might die without proper medical assistance.","the taliban, who is, told the council of the taliban, qari mohammad yousuf ahmadi, purported taliban spokesman, qari yousuf ahmadi",-0.09190863370895386,-0.05942417308688164,-0.1274656355381012,1.241004033856688
"아마디는 두 명의 여성 인질이 기존에 심각하게 건강이 악화되었다고 언급된 사람들이며, 적절한 의료 조치가 없다면 사망할 수도 있다고 주장했다.",The demand came amid criticism among Muslims who learned that some of the female hostages are suffering from dehydration and intestinal disorders.,"the taliban, whose health taliban was endorsing health insurance, health care and human rights watch, saying they had no deaths in their",-0.02740642800927162,-0.046238888055086136,-0.011799183674156666,1.7911710595643588
"아마디 대변인은, 아프간 의사 단체에 의해 제공된 소량의 의료 물자만을 받았다고 말했다.",Ahmadi said the Taliban received only a small quantity of medical supplies sent by a group of Afghan doctors.,a medical spokesman said the doctor was received by a doctor on terror.,0.2637046277523041,0.3426908254623413,0.18472936749458313,6.222572460695461
"한편, 그는 무장 단체가 여성 인질들을 여성 탈레반 수감자와 교환할 것을 제안했다는 보도를 단호히 부인했는데, “탈레반 고위 층에는 여성 단원이 없다”고 주장했다.","Meanwhile, he flatly denied a report that the militants proposed an exchange of female hostages for woman Taliban prisoners… boasting ``The Taliban do not have female members in our ranks.´´ The remaining Korean captives are 18 women and three men, mostly in their 20s and 30s who went to Afghanistan on July 13 to offer volunteer services.˝","he added that the taliban leadership women being held for taliban militants in the taliban and attacked them on the taliban, he said.",0.056501321494579315,0.1589847058057785,-0.04488019272685051,1.1076092157877424
"봉사 활동을 위해 지난 7월 13일 아프가니스탄을 찾은 한국인 인질들은 현재 18명의 여성과 3명의 남성이 남아있으며, 대부분 20대에서 30대 사이이다.",˝Taliban militants holding 21 Korean hostages in Afghanistan made a new demand Tuesday for the Afghan government to release two male Taliban prisoners in return for freeing of two sick female hostages.,"the korean hostages, the hostages, on july, the south korean hostages reported on july, the south korean hostages reported.",-0.17312318086624146,-0.21247369050979614,-0.13699603080749512,1.5292000737813278
"일부 종교 단체들이 국회가 사립학교법을 재개정하지 않으면 자신들의 교단에 소속된 학교들을 폐쇄하겠다며, 사학법이 학교 설립의 자치권을 저해한다고 주장했다.","A group of religious organizations threatened to shut down their mission schools yesterday unless the National Assembly rewrites the controversial private school law, which they say hurts the autonomy of school foundations.","some of the group said the group had to serve their schools in their own muslims to school, they are told by their governments for their religious school",0.09655236452817917,0.08572046458721161,0.10447780042886734,2.015573657530915
"한국 기독교 연합회와 가톨릭 학교법인 소속 대표자 40명은 국회를 방문하고, 개방형 이사제를 규정하고 있는 사학법 개정의 필요성을 강조했다.","About 40 leaders of the Christian Council of Korea and Catholic education foundations visited the National Assembly and pressed the need to amend the private school law, which stipulates the boards of school foundations should be opened up to outsiders.","the koreans and six other foreigners had a six nation visit to the six party talks to allow six nations to their respectives and sister, while they were allowed",0.015576208010315895,-0.00442858412861824,0.032512929290533066,1.3536346466274431
“만약 국회가 이번 회기에서 학교 이사회와 관련된 사학법을 개정하지 않는다면 우리는 학교들을 폐쇄”할 것이라고 성명서를 통해 밝혔다.,"“If the National Assembly doesn't revise the private school law concerning boards of schools in the current session, we will close down the schools,” the group read in a declaration.","if we don t think that if they are doing this, if we don t think we don t find that if they are able to do this, if we don",-0.13937290012836456,-0.2659934461116791,-0.009622364304959774,1.4339637234586369
전국적으로 73개 중학교를 소유하고 있는 한국 기독교 총연합회와 함께 한국 기독교 교회 협의회는 사학법에 대한 자신들의 강력한 반대의사를 전달하기 위해 청와대를 방문했다.,"Along with the CCK, which represents 73 secondary schools nationwide, the National Council of Churches in Korea, said they plan to visit Cheong Wa Dae today to deliver their own stern opposition to the private school regulations.","the korea national assembly, the korean federation association, said the organization, whose two koreas are performing korean citizens as well as koreans, according to the",-0.006918795872479677,-0.020430773496627808,0.0033724079839885235,3.1666419943811337
˝야당인 한나라당의 이명박 대통령 후보가 여성들을 비하하는 발언을 하여 비난을 받았다.,"˝Lee Myung-bak, the presidential candidate of the main opposition Grand National Party (GNP), has been accused of making remarks defaming women.",the main opposition grand national party gnp was picked as a female candidate.,0.2538447082042694,0.4426981508731842,0.07555552572011948,5.097165773344504
"시민 단체와 여당인 대통합민주신당과 민주노동당의 국회의원들은, 언론사 편집 주간들과의 최근 회동에서 매춘에 대해 “부적절한” 농담을 한 것에 대해 이 후보를 비난하고 있다.",Civic groups and lawmakers of the pro-government United New Democratic Party (UNDP) and the Democratic Labor Party (DLP) criticized Lee for his ``inappropriate´´ joking on prostitution in his recent meeting with some managing editors of the media.,"a ruling uri party and the ruling party, with the ruling party and the ruling uri party and the ruling uri party has spent two recent corruption scandals and the democratic party in recent",-0.1543201208114624,-0.13368351757526398,-0.178501695394516,2.3095190889365056
"이 저녁식사 회동에 참석했던 일부 기자들은 이 후보가 기업체에 근무하던 시절 상관의 경험을 인용하며, 해외에서 안마를 받을 때에는 아름다운 여성들보다 못생긴 여성들에게 받는 것이 더 좋다고 말했다고, 인터넷 신문에서 보도했다.","Some journalists who attended the dinner meeting said Lee, citing experiences of his former boss during his work at a company, said bad-looking girls are better than pretty girls when being massaged overseas, an Internet newspaper said.","several journalists at the same time, journalists, have received a calling for a single term care of their mothers and their families, making it",-0.018355593085289,-0.04232005402445793,0.00249658664688468,1.3896827966331924
"이 보도에따르면, “삶의 기술”에 대해 이야기할 때 이 후보는 이러한 언급을 한 것으로 알려져 있다.","According to the report, Lee made the remark, while talking about the “skills of life.”","lee s e opinions are based on the technology for the immediate technology and life, according to the report.",0.15049679577350616,0.06951522082090378,0.2312791347503662,8.638804535733371
"이번 사건이 고등학생들이 해외 수학 여행에서 매춘굴에 드나드는 것과 관계가 있다고 인용하며, 김 대변인은 “정치인”이 10대들의 매춘을 합법화시킬 수 있는 가능성도 배제하지 않았다.","´´ Citing the case allegedly involving some high school students´ gaining access to a brothel on an overseas school trip, Kim did not rule out the possibility of ``a politician´´ legalizing teenagers´ buying sex.","the case,, spokesman for the students and politicians, said politicians are taking partly politicians who were involved, and a politician politician whose",-0.12212622910737991,-0.06355560570955276,-0.18286417424678802,2.289882977762112
"대전에 위치한 한 정치 시민 단체는, 논란의 여지가 있는 발언에 대해 여성들에게 사과하라고 촉구했다.",A political civic group based in Daejeon urged Lee to apologize to women for his controversial remarks.,a group of political groups called on citizens to keep a remarkable individual if lawmakers comments whether to keep herself against women.,0.20631368458271027,0.18562732636928558,0.2245619148015976,2.577168813572977
"“이번 문제의 심각성은, 이 후보의 발언이 성 차별을 묵인하는 평소의 관점에 기반을 두고 있다는 점이다”라고 이 단체에서는 주장했다.","``The seriousness lies in the fact that Lee´s remarks are based on his habitual view tolerating sexual discrimination,” it said.˝","the problem, the problem, said the comments were still waiting for a second time of anger to the people of the city of ranging, according to the",-0.016633927822113037,-0.047668032348155975,0.011443336494266987,1.6338984401221652
"Byeon for sponsoring the degree faker ˝검찰, 신 씨 후원 혐의로 변양균 전 보좌관 고발 예정˝     2007.12",Civic groups and lawmakers of the pro-government United New Democratic Party (UNDP) and the Democratic Labor Party (DLP) criticized Lee for his ``inappropriate´´ joking on prostitution in his recent meeting with some managing editors of the media.,he said the former first lady was charged with corruption and former plans to reform plan.,-0.029181066900491714,0.10160945355892181,-0.15651914477348328,0.6607103810022188
원문 & 독해설명 인쇄,The land is valued at 3.6 billion won.,"the labor department reports the two koreas, occupying their names to live on their floor based on their floor.",0.05283267796039581,0.029149625450372696,0.07362984865903854,1.8160849415439309
동안 취득한 친일파들의 재산을 환수한다고 발표했다.,A government body Wednesday decided to confiscate land owned by the descendants of pro-Japan collaborators during the colonial period (1910-.,"their release, whose works is the right to hear hundreds of thousands of dollars in their shattered friends.",-0.038122422993183136,-0.06465364247560501,-0.014717763289809227,2.3305025167765567
58년 만에 처음 실시되는 일로 정부는 일재잔재를 청산하는 시작점이다.,"For the first time in 58 years, the government has taken the first steps to clear away the colonial-era legacy.","for the first time in years, the government is attempting to help start their new rule.",0.476396769285202,0.49440670013427734,0.4568144977092743,22.76760024456521
그러나 즉시 재산환수에 따른 파장이 예상된다.,But the seizure invited immediate protest from those affected.,"but it is not a. m., according to the associated press.",0.24829934537410736,0.22826574742794037,0.26602229475975037,3.125190763972442
친일파들은 개인사유재산에 대한 침해라며 고소하겠다는 강경한 입장이다.,They threatened to file suits for the infringement of private property ownership.,"cnn estimates that it is about a state of detention on its web site, and it is hard to have its demand for the animals.",0.06997516006231308,-0.018308987841010094,0.1583418846130371,3.4901807086831904
친일파 후손들은 재산몰수 통보를 받은 90일 이내에 행정기관에 고소할 수 있다.,These descendants can file an administrative suit within 90 days after they are notified of the confiscation.,many people are still on the day to day each day.,0.021885093301534653,-0.0035505788400769234,0.04436623305082321,2.703236041108666
"대통령 직속기관인 친일반민족행위자재산조사위원회는 친일파 후손으로 9명의 주요 요직 인물들의 재산인 254,906 sm 의 땅을 국가로 귀속할 것이라 말했다.","The presidential body, the Investigative Commission on Pro-Japanese Collaborators’ Property, announced that the government will seize 254,906 square meters of land owned by the offspring of the nine key post holders who amassed wealth through cooperation with Japan during its colonial rule.","tuesday s national security agencies, which commissioned the two men also sought to release their three days of a pregnant two years after the",-0.06007002666592598,-0.04585471749305725,-0.07763011753559113,0.9571036600363774
이 땅의 공시지가는 30억6천 만원의 가치가 있다.,The land is valued at 3.6 billion won.,the city s worth is nearly about billion won million.,0.4113980233669281,0.34661707282066345,0.47581905126571655,8.913765521398126
재산환수는 2005년 12월 친일반민족행위자의 재산환수 특별법이 만들어진 이후 실시되고 있다.,The confiscation has been made possible following the National Assembly’s enactment of a special law in December 2005.,"the city s specially awarded law, largely on a, year old labor law on, to,.",-0.009809779934585094,-0.0855131670832634,0.06489639729261398,2.707657626755448
"Hwang Woo-suk's research activities will not be affected by Gerald P. Schatten's announcement.황우석 박사의 연구, 섀튼 교수의 선언과는 상관 없이 계속 진행2005.12",Hwang Woo-suk's stem cell research team yesterday reaffirmed that its research activities will not be affected by Gerald P. Schatten's announcement to stop working with it.,"research, the associated press, gpspsspiry said the resolution is that they re not given the koreans, which are still being",-0.0962338075041771,-0.14650408923625946,-0.04854442551732063,1.7437070541261908
황우석 박사의 줄기세포 연구팀은 제럴드 P. 섀튼 교수의 공동연구 중단 선언과는 상관 없이 연구는 계속 진행될 것이라고 어제 재차 확인했다.,Hwang Woo-suk's stem cell research team yesterday reaffirmed that its research activities will not be affected by Gerald P. Schatten's announcement to stop working with it.,"hwang woo suk, a team of hwang s team, and its cofited factory in the s, but there will be no alternative.",0.10770592093467712,0.10425018519163132,0.10825875401496887,2.000217078743906
피츠버그 대학 의학연구소 소장이자 의과대 교수인 섀튼 교수는 기자회견에서 황박사가 윤리적 위반 행위에 연루되었으며 자신에게 그에 대해 거짓말을 했기 때문에 지난 20개월 간 진행해 온 공동연구를 중단한다고 지난 주 에 밝혔다.,"Schatten, director of the Pittsburgh Development Center and a medical school professor, said in a statement released last week that he was ending the 20-month collaboration with Hwang's team because he is convinced that Hwang had engaged in ethical breaches and lied to him about them.","the, of the university of the university of the university of seoul college and the university s ppp is behind the master s operational journal and wrong.",-0.015127339400351048,-0.08083730936050415,0.04898587241768837,1.704362363245308
한자사전,Time for US to show true character:,a third group was binding to try to stay in the chair of a.,-0.04402976110577583,-0.057640571147203445,-0.03376016020774841,2.627961710408444
하지만 레오 리부포 조지워싱턴대 역사학 교수는 오바마 연설의 근간은 에이브러햄 링컨의 2기 취임사였다며 이는“ (링컨의 취임 연설이) 남북 전쟁이 거의 끝나갈 무렵에 국가 화합을 부르짖은 가장 위대한 소명이며 가장 기억에 남을만한 명연설이었기 때문”이라고 주장했습니다.,"But history Professor Leo Ribuffo of George Washington University says it was Abraham Lincoln's 2nd inaugural address that set the standard: “ The greatest call for national reconciliation you can imagine as the Civil War is clearly coming to a close, uh, and it's probably the greatest inaugural address ever given.”","but obama is, in some cases, professor of university in, history professors at a university in pennsylvania, saying, there is a lot of different",-0.08890287578105927,-0.02313978411257267,-0.15637092292308807,0.7937365797257405
"US에어웨이 항공의 사고기가 뉴욕 허드슨강에서 인양되고 있는 가운데 조사관들은 (사고 원인 분석을 위해) 조종실, 기체에 남아 있는 오른쪽 엔진과 객실 내부 등을 면밀히 조사하고 있습니다.","Now that a US Airways jet is out of the Hudson River in New York, investigator want to look more closely at the cockpit, the still-attached right engine, and the interior of the cabin.",the crew of the crew of the crew of the crew of the crew of the crew of the crew of the crew of the crew of the crew of the crew of the crew of the crew of the,-0.35928013920783997,-0.5914492607116699,-0.10585272312164307,2.988697996286122
"블랙박스(비행 기록 장치)에 '쾅'하는 굉음, 갑작스런 엔진 동력 손실, 조종사의 구조 요청 등이 기록되어 있다고 전미 교통 안전국은 밝혔습니다.","The National Transportation Safety Board says the black-box flight recorders captured thumping sounds, the sudden loss of engine power, and the pilot's May Day call.","two days before the end of the plane, the air force s office, was flown before they said at least, people were killed and were",-0.1525416076183319,-0.24215252697467804,-0.06334814429283142,3.652945772536268
set the standard 기준을 세우다,But history Professor Leo Ribuffo of George Washington University says it was Abraham Lincoln's 2nd inaugural address that set the standard:,they also detained three years later.,-0.10070837289094925,-0.0018005825113505125,-0.1991599053144455,0.0
"30℉= -1.1℃ 화씨온도에 32를 빼서 기준을 맞춰준 다음, 180으로 나누고 100으로 곱하면 섭씨온도가 된다.","“ The greatest call for national reconciliation you can imagine as the Civil War is clearly coming to a close, uh, and it's probably the greatest inaugural address ever given.”","and you ll go on the run for the past four days, and they re going to get out of the, said.",-0.024549700319767,-0.011419017799198627,-0.040925201028585434,3.0610235814624533
Cosmetic procedures doubled before inauguration events 취임식 행사 앞두고 때 아닌 성형 바람     2009.01,"Now that a US Airways jet is out of the Hudson River in New York, investigator want to look more closely at the cockpit, the still-attached right engine, and the interior of the cabin.","today, the church and the may are likely to take place some time to bring their promises to come away.",0.006782828830182552,0.03992517665028572,-0.02910620905458927,2.6125576911706685
"코리아 타임즈 지는, 영어 교육 개혁안에 대한 일부 비판 여론이 있음에도 불구하고, 영어 교육을 개혁하겠다는 입장을 고수할 것이라는 이명박 대통령 당선인의 말을 인용하여 보도했다.","The Korea times quots president-elect Lee Myung-bak as saying he would stand firm on overhauling English education, although there is some criticism of the plan.","the korea times reports the two koreas will introduce random reform proposals, reform of education reforms and education reforms, the education ministry said.",0.19372981786727905,0.3019711375236511,0.08736354857683182,2.175585104012123
"또한, 이 당선인은 내각 관료들과 청와대 비서진들에 대해 6개월에 한 번씩 평가를 실시하겠다고 밝혔다.",Lee also said he would assess Cabinet members and Cheong Wa Dae secretaries every six months.,"they also took their findings at a. m., the korea times reports lee yesterday proposed holding a six months ago,",-0.009515242651104927,-0.04457060620188713,0.022710518911480904,3.741943603457605
"지난 토요일 서울에서 있었던 이 대통령 당선인의 보좌관들이 참석한 이틀간의 워크숍에서, 이 대통령 당선인은 근시안적으로 기득권에 치우친 시각이 영어 친화적인 한국을 향한 장기적인 국가적 목표에 지장을 주어선 안된다고 강조했다.","At a two-day workshop of his aides in Seoul Saturday, Lee stressed that a short-sighted, vested interest-oriented view should not hold back the long-term national goal of an English-friendly Korea.","president electlee lawmakerslee at the presidential palace on monday, announcing the reform of the bill at a time of the transitioning of the transition s proposal, which is a",0.02453627996146679,0.022393373772501945,0.023504983633756638,1.8289455375690904
"그는, 영어의 폭넓은 사용이 한국과 한국인의 경쟁력을 강화하기 위해 핵심적인 요소라고 생각하고 있다.","He made the remark as criticism mounts over his overzealous plan for the wider use of English, which he believes is key to sharpening competitiveness of Korea and Koreans.","he said the us, which is still very rarely seen, said the woman, who was very rare condition for the rest of the south korean nuclear",-0.04832739010453224,-0.0743187740445137,-0.025506356731057167,4.039548902087938
"이 당선인은, 정부 관계자들이 필요한 경우에는 자신들의 생각을 밀어붙일 수 있을 만큼 강인해져야 할 필요가 있다고 언급했다.",Lee said that government officials sometimes need to be tough to push through their ideas if needed.,"if the cuban leader, the ministry official said, the need to make a big resolution very big, and the need to make things on their own.",0.16185660660266876,0.1528652012348175,0.16814181208610535,3.3961882197738325
"Roh’s strong critics on a former prime minister노 대통령, 고건 전 총리 강하게 비판2007.03","In other political news, the Joong Ang Ilbo reports that using strong words in an agitated voice, President Roh Moo-hyun yesterday took aim at his critics and said his previous appointment of Goh Kun as prime minister was “a failure.”","president elect barack obama expressed his support for prime minister, a president of the former president said, as well as president press secretary, said he was unaware of",-0.1415557861328125,-0.09451289474964142,-0.19133056700229645,2.358274018855872
그런가 하면 현재 강력한 대통령 후보인 고 건 전 총리에게 거친 표현을 사용하기도 했다.,"Roh had harsh words for the former mayor of Seoul, who is now considered a possible candidate for president.","now, he is now being held for president, now he is being held for president.",0.29713916778564453,0.2976946532726288,0.2942972481250763,9.25617898868023
“나는 나와 보수세력 간에 가교가 되어 주기를 바라면서 고건씨를 총리로 지명했다.,"”I appointed Goh Kun as prime minister, hoping that he would be the bridge between me and the senior leaders.","i walked over the next half of the year, as they moved into as they try to try to prevent the prime minister.",0.12134150415658951,0.10507407039403915,0.13483548164367676,4.1202784939919095
그러나 그 지명으로 결국 나와 참여정부는 고립되고 말았다.”,"However, it turned out that I and my administration were isolated.”",the homes were ordered to restore confidence in the city.,0.23323945701122284,0.2657012343406677,0.1987188160419464,3.3930265691828274
북한의 핵무기 실험에 대해서는 참여정부가 지나치게 관대한 자세를 취한다는 비판에 대해서는 “미사일이 우리에게 날아오지 않는다는 것을 우리는 분명히 알고 있다.”,"Discussing criticism that his administration had taken too soft of a stance against North Korea's weapons tests, Roh said, ”We all know for sure that the missiles are not coming at us.”","what it calls its declaration of its plutonium with north korea on its missile to nuclear test, which is on north korea after its first test on oct, told its talk",-0.020787466317415237,0.023908834904432297,-0.06794337928295135,1.3496379668781102
"GNP votes against a revision of tax law 한나라당, 세법 개정 반대     2007.03","I beg you,” he said in an address before the National Unification Advisory Council.","seoul has been around for the second half of, to,, koreans and grands, the korea tax authorities.",0.016104185953736305,-0.07648620009422302,0.10895594954490662,2.273154356702287
영한사전 약어표 / 한영사전 약어표,"The president addressed a variety of topics, including South Korea's role in the six-party talks, wartime control, the country's independence and even his sanity.","the militants kidnapped by their sexual assault in execution, and for the first time since they were talking.",0.01882529817521572,-0.020465441048145294,0.05550147593021393,2.008624568963591
북한의 핵실험이 일본의 군사적 재무장을 촉진시킬 수 있게 됐다고 정부 관계자와 외교 분석가들이 전했다.,"Following the North Korean nuclear test yesterday, Japan could expedite its move to rearmament, officials and analysts said.",the korea times reports south koreans are highly pressuring with north korea to japanese security.,0.055821485817432404,0.004858389031141996,0.10470595210790634,2.3547653529958312
아베 신조 일본 총리는 북한의 핵 도발에 맞서 미사일 방어 시스템 구축을 앞당길 것이라고 밝혔다.,Japanese Prime Minister Shinzo Abe said yesterday Japan will accelerate its move to develop a missile defense system in response to North Korea's nuclear provocations.,japanese prime minister shinzo abe said japanese could reach a missile longer missile with japanese north korea s missile nuclear missile nuclear crisis.,0.14326615631580353,0.07706740498542786,0.20836840569972992,3.640269476826553
아베 총리는 일본은 미국과 안보 체제를 더욱 강화해 나갈 것이라고 강조하며 북한에 대해선 “엄격한 조치”를 취할 것 이라고 말했다.,"Abe emphasized Tokyo will further enhance security cooperation with Washington, pledging “stern measures” against Pyongyang.","the prime minister said they would be willing to take action against the united states, as well as strong as they regard right now, said abe.",0.13422945141792297,0.09023606777191162,0.1761292666196823,1.6934096677198087
또한 일본의 군사력 사용을 직접적으로 제한하는 평화 헌법 개정에 대한 야망도 재차 강조했다.,"Abe has repeatedly emphasized his ambitions to amend the constitution, which strictly limits Japan's use of military force.",japan s military use japanese media said that japanese military is investigating the japanese army of japan.,0.08295492082834244,0.04689473658800125,0.11651008576154709,2.873818909692149
일본 정부는 국제 무대에서 역할 확대를 추구하고 있으며 이를 위해 미국과 강화된 연대 하에 충분한 군사력 증강을 꾀하고 있다.,The Japanese government is seeking an expanded role in the international arena and sufficient military capabilities for the purpose under strengthened ties with the United States.,"the japanese government has called on the military to provide its military and diplomatic actions, and that s government has already committed to its military justice and its military",0.09601414203643799,0.06728801131248474,0.12209433317184448,1.8564670505078416
한국의 외교 전문가들은 일본이 강화된 미국과의 동맹을 군사력 증강에 이용하고 있다고 주장한다.,South Korean experts claim that Japan is exploiting its reinforced alliance with the United States as a chance to foster its military buildup.,south korea s foreign ministry said japanese authorities have committed a foreign american anti japanation entering its territory.,0.09959273040294647,0.01738428696990013,0.1815391182899475,2.047851903336745
일본은 북한의 핵실험 강행은 “동북아와 세계의 평화와 안보에 대한 심각한 위협”이라고 강조했다.,"Following the North Korean nuclear test yesterday, Japan could expedite its move to rearmament, officials and analysts said.",japanese japanese brutality of japan said its nuclear program is also criticizing the japanese for a week to discuss security reasons.,0.02063596062362194,-0.048169296234846115,0.08812087774276733,2.703251334489793
"SNU starts construction on Hwang Woo-suk Research Center.서울대, 황우석 연구동 짓는다.2005.09","Seoul National University will start construction on Friday of a $25 billion state-of-the-art medical bioengineering laboratory for stem cell researcher Hwang Woo-suk on its Kwanak campus, south of Seoul.","in the case, the highly pathogenic views of the, said that the study s leading toyss, a highly chain of human factors that the",-0.26530373096466064,-0.249021977186203,-0.2855584919452667,1.6308837656973074
서울대가 250억 원의 예산으로 서울 관악 캠퍼스에 여 황우석 교수의 줄기 세포 연구를 위한 첨단 생명공학 연구동을 건설할 예정이다.,"The Ministry of Science and Technology will shoulder the entire 25 billion won construction and facilities cost for the lab, dubbed the ``Hwang Woo-suk Research Center.’","seoul, seoul s landmark, is celebrating a study of professor at the school, according to the study.",0.001730140415020287,0.06015785038471222,-0.05851414427161217,1.686831732533491
"기공식에는 이해찬 국무총리와 이명박 서울시장, 정운찬 서울대 총장 등이 참석한다.","Attendees at the ceremony to be held at 11 a.m., include Prime Minister Lee Hae-chan, Seoul Metropolitan City Mayor Lee Myung-bak and Seoul National University President Chung Un-chan.","seoul, south korea cnn seoul has seoul yesterday seoul s seoul central seoul central seoul central seoul central seoul central seoul central seoul central seoul central seoul",-0.37081971764564514,-0.4305726885795593,-0.31404638290405273,1.0777874324703278
“황우석 연구동”이라 명명된 이 건물의 건설과 시설물에 드는 250억 원은 전액 과학기술부가 지원한다.,"The Ministry of Science and Technology will shoulder the entire 25 billion won construction and facilities cost for the lab, dubbed the ``Hwang Woo-suk Research Center.’","they are still under way from the baseline, which is based on the based size of the technology and the ministry of the team.",-0.011756055057048798,0.06166411191225052,-0.08624012023210526,1.93864477197268
"2006년 10월 완공 예정인 이 최첨단 연구동에는 영장류 연구실험시설, 줄기세포 연구실험시설, 동물 복제 및 세포 이식 실험실과 분자 생물학 프로젝트 연구실이 갖춰질 예정이며 황우석 교수와 공동 연구를 하게 될 해외 과학연구 센터의 한국 지사 사무실도 들어올 예정이라고 서울대 측이 전했다.","’ The cutting-edge research facility, which will be completed by October 2006, will house research facilities for primate studies, stem cell research, animal cloning, and cell transplant and molecular biology research projects.","in december,, research, cloned research, stem cell research, is studying seoul drinking at, and drinking at least two of the year",0.040750652551651,0.005713753867894411,0.07311871647834778,11.131959187064576
정부와 열린 우리당은 어제 ‘제주특별자치도’ 법안을 정기 국회 내에 처리키로 결정했다.,The government and the ruling party decided yesterday to pass a bill to delegate autonomy to Jeju Island.,government officials have decided to put up the proposal to allow their bills and allows up to the proposal.,0.2009618729352951,0.1852254569530487,0.21417833864688873,3.219965714728961
이로써 내년 7월부터 제주도는 중앙 정부로부터 자치권을 부여받아 행정 거의 전 분야에 걸쳐 권한을 행사하게 된다.,"The proposed law allows Jeju Island to gain full self-governance of its regional affairs from as early as next July, exercising nearly all administrative authorities independent of the central government.",the july is the only exception since july of the unity government has received power for the transfer of july.,0.007224634289741516,0.0353190079331398,-0.023745516315102577,2.7049769548065328
오영교 행정자치부 장관과 원혜영 열린우리당 정책위 의장이 참석한 당정 협회의에서 이같이 결정했다.,"The decision was made with Minister of Home Affairs and Administration Oh Young-kyo and Won Hye-young, policy director of the ruling party attending the meeting.",the ministers and the ruling uri party has asked the changes to the party s foreign policy and ongoing ruling party would be discussed.,-0.018382079899311066,0.10475251078605652,-0.13878905773162842,4.676689089260248
제주도를 국제자유도시로 조성하겠다는 계획하에 노무현 정부가 내놓은 특별법에는 제주도가 약 350개가 넘는 정책 분야에서 자치권을 행사하게 된다.,"The special law, proposed by the Roh Moo-hyun government under its plan to make Jeju an international city, will delegate the Jeju provincial government the independent authority over about 350 kinds of policy areas.","the government is considering measures to provide light, said a seoul government, a government official who is currently under the policy of new orleans.",0.03016568161547184,0.08721964806318283,-0.02868669293820858,1.7451440426290783
"여기에는 경찰, 교육, 세금, 인사, 조직 및 채권 발행 등이 포함된다.","Those include managing its own police force, education, taxation, public servants, government structure and bond issuance.",",, for,, were bloody, and include coins including the finance capital, including, a standardized,, for a second",-0.13470585644245148,-0.23025664687156677,-0.03904940187931061,2.357313684245234
"전교조, APEC 정상회의 환영     2005.12","The decision was made with Minister of Home Affairs and Administration Oh Young-kyo and Won Hye-young, policy director of the ruling party attending the meeting.",the former economic cooperation has a key.,-0.003438031766563654,0.19053417444229126,-0.1862776130437851,0.6108517050807526
Lee is the likeliest contender이명박 전 서울시장 한나라당 공천 후보 가장 확실시2007.05 원문 & 독해설명 인쇄,"ee Myung-bak, the former Seoul mayor who is running for the presidency, is currently the likeliest contender to win the Grand National Party’s nomination for the election in November.","the seoul mayor lee kang chung said these old people will narrowly achieve their ongoing standoff over the former presidential choice, seoul mayor lee kang jae",-0.058837488293647766,-0.09433000534772873,-0.026320630684494972,2.900167020706265
최근 잇따라 실시된 여론 조사에따르면 이 전 시장이 50%의 지지율을 얻는 등 가장 많은 지지율을 보인 것으로 나타났다.,"A series of recent public polls gave Lee overwhelming support, close to 50 percent in some cases.","cnn late saturday, percent of voters supported by percent, according to cnn late saturday.",0.06545291841030121,-0.01193266175687313,0.1421632319688797,3.040233845069022
그러나 이 전 시장에게 있어 한 가지 걸림돌은 대선 경선 투표에 참여할 당원들로부터 확고한 지지를 받지 못할 수도 있다는 점이다.,"One concern for Lee, however, is that he may not have the firm support of party members who will be voting in the party primary.","but, once again cnn the two remaining of his party lineup, once a party line, like his line, and his conservative civic nomination couldn t",0.07109503448009491,0.01335508655756712,0.12709811329841614,2.01381482546679
이 전 시장의 강력한 경쟁자 박근혜는 한나라당 전 대표였고 당원들 사이에서는 이 전 시장보다 훨씬 더 많은 지지를 받고 있는 것으로 여겨진다.,"Park Geun-hye, Lee’s formidable rival, was the former chairwoman of the party, and it is widely understood that she has greater support than Lee among party members.","at a. m., the banner s former leader of the main opposition grand national party gnp is a lead in the modern city of gnp s conservative leader.",0.011634920723736286,-0.010048948228359222,0.030263949185609818,3.2808945250121395
"S. Korea, US will reach a balanced, high-quality FTA 미국, 균형있고 수준 높은 합의 이뤄낼 것     2007.05","One concern for Lee, however, is that he may not have the firm support of party members who will be voting in the party primary.","the korea times reports the two koreas used the inter korean fta as a result of the international atomic energy agency, and the korea herald says.",-0.02893032133579254,-0.1379440724849701,0.08163746446371078,1.996819088094332
파업 25일째를 맞도록 조종사 노조와 항공사측이 입장 차를 줄이지 못하고 있어 수출 일정에 차질을 빚고 성수기 여행객들이 불편을 겪는 일이 발생하면서 더 악화되기 전에 정부가 개입하기로 결정됐다.,"Last-minute negotiations between the pilots’ union and the management failed on the 25th day of the strike, pushing the government to intervene in the dispute to prevent the strike from inflicting more damage to the export industry and inconveniencing passengers during the peak summer holiday season.","tuesday s announcement came friday, a pilot member driver s plan to cancel the line before traveling from washington and said it would resume travel spending days to travel around",-0.10642359405755997,-0.08952644467353821,-0.12677587568759918,1.0847298329574244
노동부가 긴급조정권을 발동한 것은 지난 1993년 현대자동차 노조 파업과 1999년 대한조선공사 파업 이후 세 번째이다.,This is the third time the Ministry of Labor has invoked emergency arbitration.,"the labor department spent four years in union were illegal since last june, when they were still in third, since they were still hard since.",0.10706175863742828,-0.0771837905049324,0.3026762902736664,1.7574239156849023
싸우고 있는 양자를 중재하다,and the second was in 1999 at the Korea Shipbuilding Corp.,two other prisoners.,0.2795993983745575,0.45910537242889404,0.10947521775960922,2.1617886496312457
"증시의 4일 연속 상승세는 포커의 포카드만큼이나 드문 일은 아니지만, 증권거래원들은 오늘도 다우지수가 상승하면서 개장한 증시 때문에 흥분해 있습니다.","Four in a row isn't as rare as four of a kind, but traders are excited about the stock market opening up on the Dow again today:","but on thursday, but they re not getting, but some traders said at least,, but no one was going to get up,",-0.010379782877862453,-0.013935942202806473,-0.010110150091350079,3.2409919481755294
"방금 들으신 목소리는 런던의 애널리스트인 데이비드 뷰익 씨로, 런던 역시 주식시장이 연속적인 수익을 내고 있습니다.","” That's analyst David Buick in London, where stocks also have been putting together back-to-back gains.","david emerald, who david, to market management inc. music market managed to market shared its contract.",-0.12366566807031631,-0.10328905284404755,-0.14749456942081451,2.276859592073037
"세계 시장은 은행 및 다른 기업들의 고무적인 소식을 수용하고 있지만, 뷰익 씨는 이를 다음과같이 생각한다고 말하며 경고했습니다.",World markets are embracing encouraging news from banks and other companies; but Buick warns he thinks this is:,"although the world markets banking are now working with companies of other banks and other entities, but they say they are likely to have their own firms",0.1171325221657753,0.13193458318710327,0.09956173598766327,6.143498010483918
"안도의 회복세이며, 환영할만한 일이지만, 시장이 바닥을 찍었다고 말하기에는 아직 너무 이릅니다.”","“… is a relief rally, and great to see, but it's far too early to say whether it's the bottom of the market.","it s time to get away, but it sounds like the beginning of the, to share people.",0.10844014585018158,0.1232578307390213,0.09082580357789993,4.913387642086916
작은 희소식을 하나 더 전해드립니다.,” More slightly good news:,they had some of the best selling cards.,0.0946618840098381,0.24409566819667816,-0.049159903079271317,0.0
미국 무역적자가 12월과 1월 사이에 10% 가까이 떨어졌습니다. 그러나 정부는 경기침체로 미국의 석유 및 다른 수입품들의 수요가 감소했기 때문에 이러한 결과가 나타났다고 발표했습니다.,"The US trade deficit plunged nearly 10% from December to January, but the government reports that's only because the recession drove down American demand for oil and other imported goods.",the two koreas are still being used for example of its gas and other products that are increasingly unhappy and other products that are used to turn uprising gas and,-0.14052420854568481,-0.14134572446346283,-0.14341436326503754,2.825077030667623
미국 경제 전반이 개선되려면 더 많은 수출이 이루어져야 합니다.,The US needs to move more exports for the overall economy to improve.,"more than, the economy is more likely to their biggest economy.",0.20716975629329681,0.13837671279907227,0.27519649267196655,4.277213401227561
현재 다우지수는 14포인트 상승했습니다.,"Right now, the Dow is up 14 points.","currently, the dow is currently points.",0.23918847739696503,0.2731610834598541,0.2032153606414795,12.86253478741338
20개국의 재무장관들이 세계 경제 위기의 해법을 마련하기 위해 런던 교외에서 회의를 하고 있습니다.,Finance ministers from 20 nations are meeting outside London to come up with a fix for the global economic crisis.,treasury secretary generally nations to each other s financial capital to be the first to do with the economic crisis.,0.18519778549671173,0.11339601874351501,0.2563369572162628,8.3551771205213
로버트 졸릭 세계은행 총재는 올해가 매우 위험한 한 해가 될 수도 있다고 그들에게 경고했습니다.,World Bank President Robert Zoellick is warning them that this could be a very dangerous year.,robert zoellick says this is the first time that this is risks that the world bank s ideas are once to be the world.,0.2554738223552704,0.17007721960544586,0.34126195311546326,3.78786561257948
그는 경제를 개혁하지 않고 부양책을 강행하면 고혈당 상태가 되는 것과 동일하다고 말했습니다.,"He says stimulating, without pressing on to reform the economy, would be just a sugar high.",he worries the worries with the economy is likely to be put into a economy.,0.16706785559654236,0.16246843338012695,0.16895997524261475,5.336597434165172
"in a row 연속적으로, 일렬로","Four in a row isn't as rare as four of a kind, but traders are excited about the stock market opening up on the Dow again today:","the operationals released in, as well as their releases, as well as their release.",-0.16126681864261627,-0.16138064861297607,-0.1649317592382431,1.688261229583053
"to all intents and purposes 모든 점에서, 어느 점으로 보아도",World markets are embracing encouraging news from banks and other companies;,"and everything are in all, are, instead of such around campus.",-0.03278614580631256,-0.03339992091059685,-0.035533733665943146,3.377156414337854
America's new objectives for the Afghanistan war to be announced next week 아프가니스탄 전쟁에 대한 미국의 새로운 목표 내주에 발표 예정     2009.06,"The US trade deficit plunged nearly 10% from December to January, but the government reports that's only because the recession drove down American demand for oil and other imported goods.","the new target, for example, is being used for a wide ranging plan for a new afghan plans for the united states.",-0.008034788072109222,0.03332138806581497,-0.05192992091178894,1.6354897685639678
UN nuclear inspectors arrived in Pyongyang유엔 핵 사찰단 평양 도착2007.09 원문 & 독해설명 인쇄,"˝UN nuclear inspectors have arrived in Pyongyang, for talks on the closure of North Korea´s main nuclear reactor.","the team received a team close to the north to shut down its nuclear arsenal in the north, and the first images for the united states told inspectors from the international atomic",0.08961908519268036,0.08526129275560379,0.09101752191781998,1.7577459356554814
평양은 지난 2월 합의된 협약에따라 영변 핵시설을 폐쇄하기로 합의했다.,Pyongyang agreed to shut the Yongbyon plant under a deal reached in February.,"pyongyang agreed to shut down its yongbyon nuclear reactor in december, when it comes to shut down its yongbyon nuclear reactor.",0.2991105318069458,0.18902190029621124,0.41164177656173706,6.964541799727335
"올리 하이노넨 사찰단장은 이번 방문을 낙관적으로 전망하고 있지만, 영변을 방문할 수 있을지는 확실하지 않다고 밝혔다.","The head of the team, Olli Heinonen, said he was optimistic about the trip, but admitted he was unclear whether he would be allowed to visit Yongbyon.",", when khieu samphan said the visit would not be allowed to visit all the visits.",0.17927314341068268,0.17131462693214417,0.18457727134227753,7.90108044669242
"동결된 자금과 관련된 문제가 마침내 해결되었으므로, 남한은 황폐화된 북한에 식량 지원을 재개할 것이라고 밝혔다.","South Korea has said it will resume food aid to the impoverished North, now that a dispute over frozen North Korean funds has finally been solved.",the aids will be able to provide food aid from pyongyang s provides aid and pyongyang about the north koreans.,0.15676330029964447,0.10254546999931335,0.20935212075710297,3.425166119071888
식량 부족에 허덕이고 있는 북한으로 6월 30일부터 쌀 전달이 시작될 예정이다.,"The deliveries of rice to the country, which is still struggling with food shortages, are due to start on 30 June.˝","it will be shut down for north korea, rice will be shut down for north korea.",0.07934030890464783,0.09778507053852081,0.058058902621269226,1.9158427269087217
"US Senate revives migration plan ˝미 의회, 정착 계획 부활˝     2007.09",Pyongyang agreed to shut the Yongbyon plant under a deal reached in February.,the us senate passed a resolution demanding a discussion of reform for reform to reform wide ranging reforms.,0.08132083714008331,0.035521000623703,0.12492235749959946,2.8629993657668877
"수 년간의 우여곡절에도 불구, 남북간 경제협력은 지속적인 진전을 보이며 양적, 질적 양 측면에서 모두 절정에 올랐다.",Inter-Korean trade has surpassed $1 billion for the first time as a result of the Gaeseong industrial complex in the North's border town.,"in,, and ending their separate ways to stay in their homes, and has long showed it is improvement in osong, ohio,",-0.10223297029733658,-0.11063960194587708,-0.09739658981561661,1.7179060012299232
"남북간 교역은 북한 측 휴전선 인근 도시에 있는 개성공단이 세워지면서 처음으로 10억 달러를 넘어섰으며, 무역협회에따르면 2005년 1월부터 11월 사이에 1년 전보다 57.7% 증가한 즉, 9억7860만달러를 기록했다.","According to the Korea International Trade Association, inter-Korean trade surged 57.7 percent from a year ago to $978.6 million in the January-November period.","the memorial days have been forced to accelerate a million dollars in a north korean side of the million set to make a million south koreans, a first in the north s uni",-0.07783795893192291,-0.0857873186469078,-0.07338153570890427,3.0787460505623354
현재 총 15개의 남한 측 기업들이 개성공단 내에 입주해 있다.,A total of 15 South Korean companies currently operate the complex.,"now, with two other political groups at the two nations.",0.20759426057338715,0.2156754732131958,0.19696858525276184,4.02724819242185
North Korean visits to the state cemetery 2005년 총결산 :,Inter-Korean trade has surpassed $1 billion for the first time as a result of the Gaeseong industrial complex in the North's border town.,"south korea s first officially visiting the japanese city of more than two decades later, a first visit to china.",-0.08853805810213089,-0.16582585871219635,-0.012371156364679337,2.253560074139393
북한은 최근 부시 행정부가 북한 기업들에 대해 경제 제재를 가하자 6자 회담에 또다시 찬물을 끼얹는 행위를 했다며 항의했다고 현지와 서울의 외교 소식통이 어제 전했다.,"North Korea protested recent Bush administration financial sanctions against its companies, raising another barrier to progress at the six-party nuclear disarmament talks, diplomatic sources here in Seoul said yesterday.","north korea has admitted that north korea has insisted the talks as a reason for the disarmament talks, accusing north korea of ignoring economic sanctions, insisting it",0.1523713767528534,0.16450320184230804,0.13755349814891815,5.136147790518641
북한은 또 북한이 마카오 소재 중국계 은행을 통해 미 달러화 위조와 유통을 하고 있다는 미국측의 주장에 대해 불만을 제기했다.,Pyongyang also complained about the U.S. assertion that North Korea has been making counterfeit U.S. currency and circulating it through a Chinese bank in Macao.,"north korea has been also criticized chinese exporters for the chinese manufacturers, the chinese papering the chinese made the breakthrough in china, said chin",0.0552772656083107,-0.03236909583210945,0.14291879534721375,2.8842645504736155
성명이 발표된 이후 방코델타아시아는 북한과의 거래를 중단했다.,"After the announcement, Banco Delta Asia cut off its dealings with the North.","the latest statement said they were shut down by north korea, the latest sign of northern north korea s nuclear arms program.",0.1568794846534729,0.08738980442285538,0.2254914939403534,2.224972978585352
이러한 사태에도 불구하고 북한은 회담을 중단하지 않을 것이라며 서울의 한 정부 관계자가 밝혔다.,"An official in Seoul, however, played down the incident, saying flatly that North Korea would not leave the talks.","north korea will not let seoul, the seoul government said.",0.3174382150173187,0.32044780254364014,0.31221339106559753,1.9149728414705296
반면 또 다른 관계자는 북한의 불만이 단지 또 다른 극한 정책의 일환인지 아니면 회담에 심각한 위협이 될 지 판단하는 것은 시기상조라 전했다.,"Another official in Seoul, however, said it was too early to tell whether the complaints were just another piece of brinksmanship or a serious threat to the talks.","another official said to a nuclear threat in policy, an unidentified serious threat to the north s no.",0.12218203395605087,0.18431773781776428,0.0587543249130249,9.10112131239401
홍석현 전 주미대사 귀국     2005.12,Former Korean Ambassador to Washington Hong Seok-hyun returned to Seoul.,the former south korean ambassador to the united states hong seok hong arrived in thailand.,0.46043527126312256,0.37698712944984436,0.5447273850440979,2.908317710573758
"DJ accepts invitation from Pyongyang.DJ, 북 초청 공식 수락 2005.09 원문 & 독해설명 인쇄",Former President Kim Dae-jung Tuesday officially accepted an invitation from North Korean leader Kim Jong-il to visit Pyongyang.,"the us citing disagreements on the powc said it had been a key issue of the player in north korea, and the official said it would take a record near the north",-0.08087974041700363,-0.012290301732718945,-0.1509985625743866,0.0
김대중 전 대통령은 김정일 국방위원장의 방북 초청을 공식적으로 수락했다.,Senior North Korean officials visiting Seoul for the joint 60th Aug.,"former president kim dae jung has also been kim s schedule, kim s official said.",-0.04905914142727852,-0.15175902843475342,0.054571885615587234,2.2869567780619007
광복 60주년 기념 8•15 민족 대축전에 참가한 북측 대표단의 고위 인사들은 폐렴 증세로 며칠 전부터 서울의 한 병원에 입원 중인 김대중 전 대통령을 문병하고 김정일 국방위원장의 방북 초청 의사를 전달했다.,"15 Liberation Day celebrations made the invitation during a courtesy call on the former president, who has been in a Seoul hospital with pneumonia-like symptoms since last Wednesday.","north korean officials said at least, north koreans have been taken to the annual hospital in north korea, said north koreans each week to ago,",-0.13517026603221893,-0.14711254835128784,-0.1268809288740158,1.8591639307271608
"주한미군, 정전 협정이 한반도 평화 유지      2005.09",Senior North Korean officials visiting Seoul for the joint 60th Aug.,"usfk voices are used as a peace treaty for the korean peninsula, and the u. s. military is regarded as a peace treaty for the korean",0.017084917053580284,-0.047466397285461426,0.08007435500621796,2.847964238283142
"출구 조사에 기반한 미국 언론의 예측에따르면, 배럭 오바마 후보가 버지니아주의 민주당 대선 예비 선거에서 승리했다.","Barack Obama has won the Democratic primary in Virginia, according to US media projections based on exit polls.","according to exit polls, according to cnn exit polls showed victory in the democratic race, according to the polling.",0.21300752460956573,0.18429793417453766,0.23944805562496185,9.092617426809149
"이번 결과는 힐러리 클린턴 후보에게 큰 충격이 될 수 있는데, 그녀는 버지니아에서 승산이 가장 컸다.","That result would be a blow to Hillary Clinton, who stood her best chance in Virginia.",the result is a leading hill. she has been trailed to the same.,0.13154011964797974,0.14865736663341522,0.11173303425312042,3.042812100617061
"메리랜드 주에서의 투표가 아직 마감되지 않았지만, 워싱턴 DC에서는 이미 마감되었다.",Polls remain open in Maryland but have closed in Washington DC.,"the vote was at stake in washington early, but that washington will take some.",0.09852371364831924,0.04921179264783859,0.14582392573356628,3.21858262703621
"클린턴 상원 의원은, 3월 4일 오하이오 주와 텍사스 주에서 열리는 대선 예비 선거를 통해 자신의 운명이 바뀔 것을 기대하고 있다.",Senator Clinton is looking ahead to primaries in Ohio and Texas on 4 March in the hope of reversing her fortunes.,"clinton s senate and democratic party, will be following the election in a state run by texas, about, texas, will be next week.",0.09264462441205978,0.026817359030246735,0.15720359981060028,1.8884748972625875
"중간 개표 결과에따르면, 공화당 선거전에서는 마이크 허커비 후보는 선두 주자인 존 맥케인 후보와 막상막하의 결과를 보이고 있다.","In the Republican race, Mike Huckabee is neck-and-neck with front-runner John McCain, based on partial results.","john mccain, the republican candidate told cnn, john mccain john mccain john mccain, the republican candidate told cnn, john mccain john mccain john mcca",-0.1138138622045517,-0.28582319617271423,0.06748565286397934,1.7574239156849023
"전체적으로 더 많은 대의원들을 확보한 맥케인 후보는, 지난 토요일 캔자스 주와 루이지애나 주에서 허커비 후보에게 패한 이후로, 자신의 선두 자리를 공고히 하려고 조바심을 보이며 이번 선거전에 뛰어들었다.","McCain, who has many more delegates overall, went into the vote keen to bolster his front-runner position after losing to Huckabee in Kansas and Louisiana on Saturday.","the nomination race for the last week, and the best candidate told the listing states, in the first major categories, saturday, to, won the best saturday in",-0.06255028396844864,-0.10460039973258972,-0.02328355237841606,1.8154533256373544
"특파원들은, 애리조나 주의 상원 의원인 맥케인 후보의 보수적 성향에 대해 당 지도부가 계속해서 의문을 제기하는 가운데, 당을 결집시키기 위해 아직 할 일이 많이 있다고 주장했다.","Correspondents say the Arizona senator still has some work to do to unite his party, amid continuing criticisms from leading party members who have questioned his conservative credentials.","the ap s correspondent, candidates for the democratic party leadership, has vowed to continue, but if clinton s leading is a key coming.",0.07477074861526489,0.04074551910161972,0.10620857030153275,2.0200051814627664
"허커비 후보는 당의 결집을 위해 물러서라는 압력을 받고 있지만, 아직 까지는 입후보를 철회할 생각이 없다고 말했다.","Huckabee has been under pressure to stand aside for the sake of party unity, but has so far said he has no intention of pulling out.","obama said the two remaining effects for president andever, are not only strong, but there s no future.",0.020179321989417076,-0.013346596620976925,0.05093064904212952,3.5597404767369296
Korea사전,New York´s Philharmonic Orchestra will make an historic trip to North Korea in February.,they should not be released later this month,0.03625490143895149,0.13506244122982025,-0.06178291141986847,0.0
뉴욕 필하모닉 오케스트라는 2월에 북한에서 역사적인 공연을 가질 예정이다.,New York´s Philharmonic Orchestra will make an historic trip to North Korea in February.,"the new york is to attend the north s historic concert in north korea, where it is scheduled to make concert in north korea.",0.19468724727630615,0.19923746585845947,0.18753086030483246,2.16015243499944
자린 메타 사장은 2월 26일 북한의 수도인 평양에서 공연을 할 것이라고 밝혔다.,Orchestra president Zarin Mehta said it would play in the capital Pyongyang on February 26.,"the shrimp indicated they will also be on july, the ap said.",0.07695681601762772,0.21745340526103973,-0.058914560824632645,3.4815016528590457
세상과 단절되어 있는 이 공산국가의 문화부는 8월 뉴욕 필에 초청장을 보냈다.,The reclusive communist country´s ministry of culture sent an invitation to the orchestra in August.,"they are trying to get out of the oldest, in the first months of their new york city since january, according to the city s tour in new",-0.0859963521361351,-0.13135124742984772,-0.043381817638874054,2.952787808378777
"이번 공연은 미국 최초의 북한 방문 공연으로써, 양국간의 긴장된 관계의 돌파구로 간주되고 있다.","This is the first US cultural visit to North Korea, and it is being seen as a breakthrough in the countries´ tense relationship.","the concert is to be used in a deal with the united states, as the first concert with a hammer, a first with north korea following the success of.",0.2255910336971283,0.20902958512306213,0.23972219228744507,3.469123589127316
"BBC의 보도에따르면, 군 헬기가 추락하여 탑승하고 있던 일곱명이 사망했다.","The BBC reports a military helicopter has crashed, killing seven people on board.","helicopters has killed people, particularly in their deaths, leaving people died when people died when they died, according to the associated press",0.14120863378047943,0.029046684503555298,0.2556210458278656,1.982256626710344
"한 국방부 관계자는 이 헬기가 수요일 새벽 1시 40분경, 서울 인근의 경기도에서 추락했다고 AP 통신사에 밝ㅎ혔다.","The crash occurred at about 0140 on Wednesday in Gyeonggi province near Seoul, a defense ministry official told news agency AP.","officials in seoul, on friday afternoon, said the park was shelled in a parked last minute at a crowded.",0.09791627526283264,0.11080445349216461,0.0821751207113266,2.583127052981358
이번 사건은 환자를 군 병원으로 이송한 헬기가 돌아가던 중 발생했다.,The accident happened as the helicopter was returning after delivering a medical patient to a military hospital.,"the case was also injured as a helicopter in the s, the ministry said.",0.16869381070137024,0.20176251232624054,0.1333809643983841,3.377811044913357
"두 명의 조종사, 두 명의 군의관, 그리고 세 명의 군인이 사망했다고 이 관계자는 밝혔다.","Two pilots, two medical officers and three soldiers died, the official said.","nineteen nine two of the three men were killed, and the person killed two thirds of the soldiers, and the person killed two thirds of",0.0819438174366951,-0.041580721735954285,0.2087104618549347,2.2573943092420103
관련 사항에 대한 조사가 착수되었다.,An investigation has been launched.,the research has been linked to the price of dokdo.,0.22346746921539307,0.12801717221736908,0.31995218992233276,8.29519350710986
Rockin´ And Rollin´ On Wall Street월가의 요동치는 하루2007.11,˝It was among the wildest of days on Wall Street.,the month old longtime is wanted to be able to produce the country s main nuclear power.,0.05662493035197258,0.0337497778236866,0.0766124501824379,2.55404966647159
"˝오늘은 월가의 가장 힘든 날 중 하나였는데, 개장 시간 동안 저점에서는 340포인트나 지수가 떨어졌다.","The market plunged at the opening bell, falling 340 points at the lowest ebb of the season.","today, their closes ones on wall street s most falling points, and the dow up points at a midnight midday.",0.03589820861816406,-0.004795067943632603,0.07407554239034653,4.334264033674369
"하지만, 오늘 오후 마감 시간 불과 몇 분 전에 다우 존스 지수는 상승 국면으로 전환되었다.","But late in the day with only minutes to go before the closing bell, the Dow Jones Industrials crossed into positive territory.",but the mood and the three points are expected to be backed by the nd minute after ndoning patterns of each other.,-0.11282606422901154,-0.10643918812274933,-0.1228070855140686,2.3575732055675065
"이 숫자는 다시 반전하여, 다우 존스 지수는 16 포인트 떨어졌다.","The numbers again reversed, with the Dow losing 16 points on the day.","they reached the, pointing to the top, the two sides did not appear to let the rise.",0.12369603663682938,0.10845732688903809,0.1361573487520218,2.707657626755448
"연방 정부는 수십억 달러의 돈을 투입하여 금융주에 힘을 실어주었고, 이들이 또다른 폭락을 방어하여 시장을 구원했다.","An infusion of billions of dollars into the money supply by the Fed buoyed financial stocks, which rescued the market from another big slide.","government officials reported the alleged plot to sell off the massive marketing, and they were still also boosted by the government of buying markets.",0.10724363476037979,0.09542132169008255,0.1162019893527031,3.951744928978941
"원유 가격은 배럴당 2달러 이상 하락하여 71달러에 마감되었는데, 이는 최근 고점인 배럴당 78달러 보다 훨씬 낮은 가격이다.","Crude oil lost more than two dollars a barrel, closing at 71 dollars","oil prices have already seen a new record near records with rising prices, a higher prices record.",-0.030453508719801903,0.05999936908483505,-0.1209150105714798,2.664321121388895
"Suu Kyi ˝미국, 아웅산수지 석방 위해 버마 정부에 압박˝     2007.09",US pressed Burmese government to release Ms.,the government has received a special envoy for the government in new york on the government s list of prisoners.,0.14298716187477112,0.0835898295044899,0.20094656944274902,2.159701133933343
소수 야당 인사가 포함된 김대중 전 대통령의 측근들은 이번 국가정보원 불법도청 관련 발표에 노무현 대통령의 정치적 의도가 숨어 있다고 주장하고 나섰다.,"Aides of former President Kim Dae-jung, including officials of the minority opposition Democratic Party , have suggested President Roh Moo-hyun was behind last week's announcement by the spy agency.","the former president s publicist, former president of the constitutional court, said that the president elect is expected to be politically motivated.",0.07022519409656525,0.20077697932720184,-0.05671899393200874,3.241125858727376
국정원은 불법도청이 김대중 정권 하에서도 행해졌다고 발표해 민주주의와 인권에 위한 십여 년의 노력으로 노벨평화상을 수상한 김 전 대통령의 명예에 큰 손상을 입혔다.,"The National Intelligence Service claimed in the speech that its illegal eavesdropping operations continued under the Kim administration, dealing a blow to the former president, a Nobel Peace Prize laureate who has been praised for his decades-long efforts for democracy and human rights.","the spy agency said he was considering the current path of the nobel peace prize, announced it as a way of living in the susceptible, he said",0.02733968012034893,0.03757840394973755,0.013992628082633018,1.9585844740999
최 비서관은 김 전 대통령의 충실한 심복 중 한 명으로 그의 발언은 김 전 대통령의 심중을 대변한다고 볼 수 있다.,Choi added that he is worried about the former president as he will have to see many of his former aides get summoned by prosecutors.,"the former, people were held at a. m. he said, according to the associated press.",0.14590498805046082,0.19181933999061584,0.09807998687028885,3.5670188467640638
"Many hurdles in way of signing the peace treaty 정전협정, 평화협정 되려면 아직 먼 길     2005.09","``The incumbent government is putting former officials of the Kim administration, who did their best for the nation’s reform, to shame.’","the move came after six discussions and replaces the unification minister, to replace a peace treaty.",0.1190003976225853,0.14854522049427032,0.08696596324443817,3.2759675886030366
South Korea’s financial contribution to the stationing costs of the U.S. military on the peninsula cut down for 8.9% this year.올해 주한미군 방위 분담금 8.9% 감액,"Seoul and Washington have agreed that the South's financial contribution to the stationing costs of the U.S. military on the peninsula will be 680.4 billion won ($680 million) this year, down 8.9 percent compared to 2004, according to a South Korean government official.",the two sides came after officials at the u. s. official said it was a lone star official statement from the u. s. official said tuesday,-0.10577907413244247,-0.05917053669691086,-0.15502960979938507,1.0028468649231497
우리나라와 미국은 주한 미군에 대한 방위비 분담금을 2004년에 비해 8.9%적은 6804억원에 합의했다고 정부 관계자가 밝혔다.,"Seoul and Washington have agreed that the South's financial contribution to the stationing costs of the U.S. military on the peninsula will be 680.4 billion won ($680 million) this year, down 8.9 percent compared to 2004, according to a South Korean government official.",washington cnn the united states and south korea have reached a bill for a reduction of years to reach a year to be used by a u. s. government funded by,0.03958309814333916,0.053684595972299576,0.022455483675003052,1.175344726983683
"우리나라와 미국은 """"방위비 분담금 특별협정”의 기간과 비용에 대해 의견 차를 빚어왔다.","Both Seoul and Washington have been at odds over the duration of the """"Special Measures Agreement"""" and overall costs.",and south korea and the united states and other wartimes between the two countries made a mistake and a financial fought for the credit for a third day.,0.05401965230703354,-0.024978572502732277,0.13241459429264069,1.92408485982654
우리나라가 1년의 협정 기간을 희망한 데 비해 미국은 5년간의 다년간 협정을 주장해 왔다.,"Seoul wanted a one-year deal, but the United States wanted a multi-year accord as long as five years.","america, years after the end of years to become more than years, years for the year old year, which has years for years.",-0.01610701158642769,-0.05391700938344002,0.018931327387690544,3.300809119141885
"경찰, 서울에서 가장 큰 규모의 학교 폭력 서클 적발     ",Police have detected the largest-ever school gang in Seoul.,police said they believed the city s reputation at the school in seoul city.,0.2363642454147339,0.19258449971675873,0.27836692333221436,3.716499092256818
"이브라힘 감바리, 유엔 미얀마 특사는 최근 미얀마 방문에서 탄 슈웨 군부 지도자와 만나지 못하고 말았다. 그는 구금중인 아웅산수치 야당 지도자를 만났으나, 고위 장성들과의 회담 요청은 거절되었다.","The UN special envoy to Burma, Ibrahim Gambari, has ended his latest visit to the country without meeting military leader Than Shwe.He did meet detained opposition leader Aung San Suu Kyi, but requests for talks with top generals were denied.","u. n. envoy ibrahim gambari, myanmar, told cnn.",-0.008406667038798332,0.11948792636394501,-0.13309727609157562,0.3648617594163486
"감바리는 미얀마 당국에 정치 개혁 압박을 넣었으나, 가시적인 진보는 거의 없었다.","Gambari has been pressing Burma´s authorities for political reforms, but with little apparent progress.","gambari has met with the confines of the political opponents, but they have not met there.",0.2483908236026764,0.25872883200645447,0.23565824329853058,5.653041175801492
미얀마는 개헌을 위한 국민투표를 감시하는 독립적인 관찰자를 두라는 그의 요청을 거절했다.,Burma has rejected his call for independent observers to monitor a referendum on the new constitution.,"myanmar s citizens has taken to a public opinion, to accept the aid to lead to the country s military regime.",0.14677658677101135,0.06643654406070709,0.22686465084552765,2.4623373672221804
미얀마는 또한 아웅산수치가 선거에 참가할 수 있도록 헌법을 수정하는 것 역시 거절했다.,It also refused to consider changing the constitution to allow Aung San Suu Kyi to take part in proposed elections.,"the myanmar is, they considered the constitution to allow the constitution to allow the constitution, calling it to gain access to the constitution, ending its constitution",0.05225278437137604,0.06342826038599014,0.03805897384881973,8.914609827874221
"서울에서 60대 여성을 강간한 것으로 알려진 미군 병사가, 항소를 취하하여 4년 징역형이 확정되었다고 서울 법원이 어제 밝혔다.","A U.S. soldier who allegedly raped a woman in her late 60s in Seoul dropped his appeal, meaning his four-year jail sentence will stand, a Seoul court said yesterday.",a u. s. military official said that seoul had planned to kill the u. s. military deaths in the u. s. military,0.11874718219041824,0.21897311508655548,0.019595623016357422,1.627647706538098
23세의 제로니모 라미레즈 이병은 서울 서쪽의 주거지역에서 66세의 한국여성을 폭행하고 강간한 것에 대해 유죄판결을 받은 지난 달 초부터 복역을 시작했다…,"23-year-old Private Geronimo Ramirez, began serving his prison term early last month, when he was convicted of beating and raping the 66-year-old Korean woman in a residential area of western Seoul.","army, army professor said he believes the yen will have a long criticized seoul for korean businesses, said daiyrshi, a year",-0.15422335267066956,-0.19116313755512238,-0.12052202969789505,1.3128460338632764
Commission to Strengthen Human Rights of Foreigners외국인의 인권 강화를 위한 위원회2007.10,The commissioner said that they are also Koreans and they need to be guaranteed all human rights protections.,"the official says the president is ready to take it, said danbaumaarsa, rights of human rights, the human rights group said",0.1459406465291977,0.0863335058093071,0.2041286677122116,3.741943603457605
"˝한국의 한 국회 의원이 지난 수요일, 이민 노동자와 국제 결혼 부부 및 그 자녀의 인권을 증진하기 위한 방안을 정부 차원에서 마련할 것이라고 밝혔다.","˝The nation´s top policymaker said Wednesday that the government will seek ways of further promoting human rights of foreigners, including migrant workers and multiracial couples and their children.","a korean lawmaker said korean lawmakers and kim metaye its, who had been a right to resolve the issue of a petition, to help its parents, kim",-0.07133659720420837,-0.0668766051530838,-0.07926644384860992,1.8564670505078416
"국가인권위원회 안경환 위원장은, 올해 한국 내의 외국인들에 중점을 두기로 위원회에서 결정했다고 말했다.","Ahn Kyong-whan, chief commissioner of the National Human Rights Commission said the commission has decided to put more focus on foreigners in Korea this year.","national security council, chairman of the national security council, said that koreans will be able to invest this country on a foreigners of koreans.",0.1363953948020935,0.1662970632314682,0.1040671244263649,4.042649040111613
"코리아 타임즈와의 인터뷰에서 그는, 모든 인간은 모든 면에서 평등하며, 피부색이나 국적과 는 상관없이 동일한 대접을 받아야 한다고 강조했다.","In an interview with The Korea Times, he stressed that all humans are equal in every way and that they have every right to be treated equally regardless of their skin color or nationality.","in a separate interview, he argued that humans would not be able to fight or,.",0.1858479529619217,0.2584437131881714,0.11268384754657745,2.3629245489328152
서울대학교의 전 법과대학 교수였던 안위원장은 한국이 인종 분화를 직면하고 있다고 말했다.,The former law professor of Seoul National University said that Korea is facing diversity in races.,"seoul s former seoul has ed seoul koreans and professors of south koreans, south korea s human rights south korean government has so far the most wanted job of south korea",-0.08965829014778137,-0.17871753871440887,-0.0008910316973924637,1.3794462224541233
"통계에따르면 작년 한 해 결혼한 여덟 쌍 중 한 쌍의 부부가 국제 결혼한 부부였으며, 한국 내 에서 살고 있는 외국인 배우자의 복지가 중요한 문제가 되었다.","Statistics show that one out of every eight marriages in Korea last year was multiracial, and the welfare of foreign spouses living in Korea has become an important issue.","a year old man accused of her parents of life in the south korean, and the couple reported on thursday, the first couple koreans a year old man had been",-0.0774950385093689,-0.11733536422252655,-0.04055803641676903,5.336626135787336
"안 위원장은 이들도 역시 한국인이며, 인권 보호가 보장되어야 한다고 말했다.",The commissioner said that they are also Koreans and they need to be guaranteed all human rights protections.,"the korea times reports south koreans, korean human rights and industry is making it, said yesterday as he was working as human rights, south",-0.029203316196799278,-0.14535653591156006,0.08919548988342285,3.300809119141885
위원회에서는 이들에게 한국인으로서의 권리뿐 아니라 한국 문화를 교육하는 것부터 출발할 예정이다.,The organization will start with educating them about Korean culture as well as their rights as Koreans.˝,"the committee will be released from south korea in a committee to south korean troops, to view their south koreans to view from its south korean ship.",0.053218331187963486,-0.047624167054891586,0.15508832037448883,1.6934096677198087
국제 앰네스티가 새로운 캠페인을 시작해 인터넷 사용자들로부터 온라인상의 자유를 지지하도록 촉구하고 있다.,Internet users are being urged to stand up for online freedoms by backing a new campaign launched by human rights group Amnesty International.,"new york, new jersey, urged their most free trade agreement with a stick of free trades.",-0.03871538117527962,-0.08545833081007004,0.005486972164362669,2.2005600801532768
국제 앰네스티는 세계 여러 정부들이 인터넷을 사용해 다양한 의견들을 억압하는 상황을 부각시키며 지난 45년 간의 활동을 기념했다.,Amnesty is celebrating 45 years of activism by highlighting governments using the net to suppress dissent.,as international world international organizations have been helping promote children and human rights watching the help to create a request for the international government.,0.06030276045203209,0.030461328104138374,0.08740776777267456,1.982256626710344
"이들은 캠페인을 통해 인터넷 사용의 권리가 오용되는 경우들을 부각시키고, 온라인 상에서의 발언으로 유죄 판결을 받은 사람들의 석방을 요구할 계획이다.","The campaign will highlight abuses of rights the net is used for, and push for the release of those jailed for speaking out online.","they are taking a free speech at the same time, their parents continued to address the same way online, and that s how to use force, said",0.06422426551580429,-0.03924527019262314,0.1689741313457489,3.1221929756173616
또한 정부들이 온라인에서의 항의를 막는 것을 도와준 업체명도 함께 거론할 예정이다.,It will also name hi-tech firms aiding governments that limit online protests.,"their request for the demonstrators, which many governments will allow their only on their spending and without their differences.",0.12368050217628479,0.04533081501722336,0.20158398151397705,2.3901021968803136
이른바 Irrepressible.info 캠페인은 같은 이름의 웹사이트를 통해 전개된다.,"Called Irrepressible.info, the campaign will revolve around a website with the same name.","the total of former prime ministers, paul both in the first days of a row, named no general in retaliation of the same bad circumstances.",0.019285116344690323,0.03480394929647446,0.0006932997494004667,3.5148478313698046
"인권단체가 지금 까지는 웹에 대한 억압과 인터넷 반체제 인사들의 투옥 문제를 개별적으로 캠페인을 벌여오고 있는 것에 반해Irrepressible.info는 이 두 가지를 합쳐 캠페인을 벌일 예정이며, 자유로운 인터넷 사용이 정부에 의해 억압되는 경우에 맞서 희망이 될 것을 목적으로 한다.","While the human rights group has run separate campaigns about web repression and the jailing of net dissidents before now, Irrepressible.info will bring them all together.","human rights groups say the human rights groups have been linked to a mixed internet user s internet address, appe said.",0.07017505168914795,0.06047728657722473,0.0768727958202362,5.13707572704422
"dissent 의견을 달리하다, 의견 차이, 이의",It aims to throw light on the many different ways that the freedom to use the net is limited by governments.,"however, we are not only thirteen in a matter of opinion, using matter what is important.",0.1261356770992279,0.03540850803256035,0.2172783762216568,2.055847707468329
"Dissident 의견을 달리하는, 반체제의, 비국교도, 반체제자",Amnesty is celebrating 45 years of activism by highlighting governments using the net to suppress dissent.,"using the body to get out of the personal or state disbandities in hong kong and the city, prompting the anti government changes.",0.011982432566583157,-0.02408217079937458,0.04531421512365341,3.78786561257948
Aid flow begins for Indonesia 지진으로 찢겨진 인도네시아     2006.07,"The campaign will highlight abuses of rights the net is used for, and push for the release of those jailed for speaking out online.","the indonesian authority has been linked to a big storm, according to indonesia.",0.08540021628141403,0.05197139084339142,0.11626070737838745,1.6611801267109203
버락 오바마 후보는 이 시각 오하이오 데이튼의 집회에서 취업에 대해 이야기하고 있습니다.,"Barack Obama talks about jobs at a rally this hour in Dayton, Ohio.","barack obama s campaign, especially in barack obama s campaign.",0.09915516525506973,0.10252955555915833,0.09285901486873627,3.471023784089876
존 매케인과 사라 페일린은 또 다른 경합 지역인 위스콘신 주에서 두 시간 가량 연설을 가졌습니다.,"John McCain and Sarah Palin worked a crowd in a couple of hours, at another battleground state, Wisconsin.","mccain told the associated press about two hours two days after the weekend, upton, washington.",0.05287682265043259,-0.014653345569968224,0.11911137402057648,2.571013894117821
미국총기협회는 매케인이 헌법 수정 조항 제2조의 도움으로 상원으로부터 60개 이상의 지지표를 얻었다고 언급하며 대통령으로 매케인을 지지하고 있습니다.,"The National Rifle Association is backing McCain for president, saying he's cast more than 60 Senate votes in support of the 2nd Amendment.","at the end of the day, the u. s. military said it would not be necessary to win his support of independence since the president, but president",0.05463945493102074,0.05115210637450218,0.055051539093256,4.15466379165763
선거일에 투표 자격이 없다는 것을 발견하고 놀라는 분들이 생길 것 같습니다.,Could be some surprised people who show up and learn they're not registered to vote on Election Day?,they did not get just about their verdict.,-0.031464964151382446,-0.02400222420692444,-0.04225025326013565,1.5694957190569985
“뉴욕 타임즈는 수많은 투표권 소유자들이 명단에서 제외되거나 최소 6개의 경합 지역에서 투표를 할 수 없게 되었다고 보도했습니다.,“The New York Times reports tens of thousands of eligible voters have been removed from rolls or blocked from registering to vote in at least six swing states.,new york ap the former new york times former new york city large crowds are also responsible for the vote of the region.,-0.05901336297392845,-0.10205093026161194,-0.01871378719806671,1.6811715803836045
보도에 의하면 이들 중 몇몇 주들에서는 새로운 선거인의 등록 신청서를 조회하기 위해 개인 신상 자료를 부적절하게 사용한 것으로 드러났습니다.”,"According to the report, some of those states are improperly using social security data to verify registration applications from new voters.”","howard, in, a few weeks after new elections are increasingly looking for us to a new presidential election.",-0.04602795094251633,-0.17097149789333344,0.08204424381256104,2.354163324953235
내셔널리그 챔피언십 시리즈의 개막전은 오늘 밤 필라델피아에서 펼쳐질 필리스와 다저스의 경기입니다.,It's the Phillies and Dodgers at the opening of the National League championship series tonight at Philadelphia.,"the game, the united states started in, when they were in their homes and their homes in the united states.",-0.03128132224082947,-0.030438333749771118,-0.035477492958307266,2.4623373672221804
아메리칸리그 챔피언십 시리즈는 내일 밤 템파베이에서 열립니다.,The ALCS gets underway tomorrow night at Tampa Bay.,american champions league championship series on saturday night.,0.10055509954690933,0.08063036948442459,0.117686927318573,5.073552004225951
"구제금융안 이후, 폴슨 재무장관의 전략은?","According to the report, some of those states are improperly using social security data to verify registration applications from new voters.”","we had very different, said paul der, vice president of the treasury department of.",0.05548315867781639,0.012156938202679157,0.09644365310668945,2.1426232590050693
저장된 검색어가 없습니다.,What is Paulson's Bailout Strategy?,the attacker is not detained.,0.13177920877933502,0.24469350278377533,0.020987173542380333,8.116697886877475
Regulations on buying overseas property for investment purpose is about to be relaxed.투자 목적의 해외 부동산 취득 규제 완화될 듯,Other legal changes will help those aiming to invest in overseas property through investment funds.,the korea times reports seoul has said they received a korean media reporting that korea herald quotes a korean government official to take a firm at a private office.,-0.014216887764632702,-0.1217600554227829,0.09477832168340683,1.4763939041893883
정부는 투자 목적의 해외 부동산 취득 관련법을 완화하는 방안을 고려하고 있다고 밝혔다.,"In a significant policy change, the government is considering relaxing its laws on overseas homebuying for investment purposes, it said.",the government says it is considering a federal tax to deal with the illegal tax increases in its wealths related to tax investments in their debts.,0.24970245361328125,0.20813708007335663,0.2894597351551056,4.668049023095243
재정경제부는 최근 해외 투자와 관련된 현 규제를 평가하고 필요한 개정을 수행할 수 있도록 전문가 팀을 구성했다고 밝혔다.,The Finance Ministry said it recently formed a team of professionals to evaluate the current regulations on overseas investment and implement any necessary changes.,the finance ministry said the studying committee would offer million in the regulations and allows citizens of regulations for their current regulations.,0.25368931889533997,0.2275833636522293,0.27760571241378784,4.129403522309372
코리아 헤럴드는 이번 관련법 개정으로 해외 부동산을 취득하고자 하는 개인에 대한 규제가 완화될 것으로 보인다고 보도했다.,The Korea Herald reports part of these changes will involve easing the rules for individuals wanting to purchase real estate abroad.,the korea herald reports the group says it is reported to fall at a rapid business.,0.15688195824623108,0.11709517240524292,0.19450949132442474,2.410123423148598
또한 투자 펀드를 통해 해외 부동산에 투자하고자 하는 사람들에게도 유리해지도록 법 개정이 이루어질 것으로 보인다.,Other legal changes will help those aiming to invest in overseas property through investment funds.,"it said, don t worry about any others, and will introduce randomly invest.",0.13261161744594574,0.0841813012957573,0.17910337448120117,3.21858262703621
"반 외교부장관, 최근 핵 문제 관련 북한 태도에 경고     ",Foreign minister Ban warned North Korea for its attitude for current nuclear issues with the U.S.,"the foreign minister ban ki moon has recently urged north korea to stay in north korea nuclear foreign minister, ban ki moon, told the recent report that north korea presented a",0.1541597843170166,0.08968280255794525,0.21748211979866028,1.4780822562194806
"일본, 통근 열차 탈선 사고로 최소 69명 사망      ",Japan's derailed commuter train accident has killed at least 69 people.,trained trains are training at the train station in the train derailment in the training trains.,0.23677532374858856,0.24098338186740875,0.23009486496448517,3.0098043843528286
중국 공안경찰은 그간 세간의 이목을 끌었던 몇몇 소송을 제기해 온 저명한 인권 운동가이자 에이즈 운동가를 구금해 오고 있다.,Communist Chinese police have detained a prominent human rights activist and AIDS campaigner who has fought several high-profile cases.,"the chinese civil war,, was human rights activists on their legs, said the woman, whose life has broken out of the petition,",0.08713530004024506,0.010065220296382904,0.1635734587907791,3.07174900524196
